#
# A fatal error has been detected by the Java Runtime Environment:
#
#  EXCEPTION_ACCESS_VIOLATION (0xc0000005) at pc=0x0000015dc600398c, pid=4200, tid=9708
#
# JRE version: Java(TM) SE Runtime Environment (17.0.12+8) (build 17.0.12+8-LTS-286)
# Java VM: Java HotSpot(TM) 64-Bit Server VM (17.0.12+8-LTS-286, mixed mode, sharing, tiered, compressed oops, compressed class ptrs, g1 gc, windows-amd64)
# Problematic frame:
# v  ~StubRoutines::jbyte_disjoint_arraycopy
#
# No core dump will be written. Minidumps are not enabled by default on client versions of Windows
#
# If you would like to submit a bug report, please visit:
#   https://bugreport.java.com/bugreport/crash.jsp
#

---------------  S U M M A R Y ------------

Command Line: -Xmx1g -XX:+IgnoreUnrecognizedVMOptions --add-modules=jdk.incubator.vector --add-opens=java.base/java.lang=ALL-UNNAMED --add-opens=java.base/java.lang.invoke=ALL-UNNAMED --add-opens=java.base/java.lang.reflect=ALL-UNNAMED --add-opens=java.base/java.io=ALL-UNNAMED --add-opens=java.base/java.net=ALL-UNNAMED --add-opens=java.base/java.nio=ALL-UNNAMED --add-opens=java.base/java.util=ALL-UNNAMED --add-opens=java.base/java.util.concurrent=ALL-UNNAMED --add-opens=java.base/java.util.concurrent.atomic=ALL-UNNAMED --add-opens=java.base/jdk.internal.ref=ALL-UNNAMED --add-opens=java.base/sun.nio.ch=ALL-UNNAMED --add-opens=java.base/sun.nio.cs=ALL-UNNAMED --add-opens=java.base/sun.security.action=ALL-UNNAMED --add-opens=java.base/sun.util.calendar=ALL-UNNAMED --add-opens=java.security.jgss/sun.security.krb5=ALL-UNNAMED -Djdk.reflect.useDirectMethodHandle=false -Dio.netty.tryReflectionSetAccessible=true -Dio.netty.allocator.type=pooled -Dio.netty.handler.ssl.defaultEndpointVerificationAlgorithm=NONE --enable-native-access=ALL-UNNAMED -Dderby.connection.requireAuthentication=false org.apache.spark.deploy.SparkSubmit --conf spark.master=local[*] --conf spark.app.name=TelecomETL --conf spark.pyspark.driver.python=C:\Users\prathosh.s\AppData\Local\Programs\Python\Python313\python.exe --conf spark.pyspark.python=C:\Users\prathosh.s\AppData\Local\Programs\Python\Python313\python.exe pyspark-shell

Host: Intel(R) Core(TM) Ultra 7 255U, 14 cores, 15G,  Windows 11 , 64 bit Build 26100 (10.0.26100.9168)
Time: Fri Aug 28 11:32:51 2026 India Standard Time elapsed time: 87.153666 seconds (0d 0h 1m 27s)

---------------  T H R E A D  ---------------

Current thread (0x0000015e1a776840):  JavaThread "read-ahead" daemon [_thread_in_Java, id=9708, stack(0x0000002da7b00000,0x0000002da7c00000)]

Stack: [0x0000002da7b00000,0x0000002da7c00000],  sp=0x0000002da7bfed20,  free space=1019k
Native frames: (J=compiled Java code, j=interpreted, Vv=VM code, C=native code)
C  0x0000015dc600398c


siginfo: EXCEPTION_ACCESS_VIOLATION (0xc0000005), reading address 0x0000015e1ded4ab9


Registers:
RAX=0x0000015e1ded4ace, RBX=0x00000000fd5f3ef0, RCX=0x0000000000000015, RDX=0xfffffffffffffffe
RSP=0x0000002da7bfed20, RBP=0x0000002da7bfed20, RSI=0x00000000ebf2ed10, RDI=0x0000015e1ded4ac1
R8 =0x0000000000000015, R9 =0x0000000000000015, R10=0x0000000000009a79, R11=0x0000000000000010
R12=0x0000000000000000, R13=0x0000000000001300, R14=0x0000002da7bfedb0, R15=0x0000015e1a776840
RIP=0x0000015dc600398c, EFLAGS=0x0000000000010293


Register to memory mapping:

RIP=0x0000015dc600398c is at begin+44 in a stub
StubRoutines::jbyte_disjoint_arraycopy [0x0000015dc6003960, 0x0000015dc6003a2b] (203 bytes)
RAX=0x0000015e1ded4ace is an unknown value
RBX=0x00000000fd5f3ef0 is an oop: java.nio.DirectByteBuffer 
{0x00000000fd5f3ef0} - klass: 'java/nio/DirectByteBuffer'
 - ---- fields (total size 8 words):
 - private 'mark' 'I' @12  -1 (ffffffff)
 - 'address' 'J' @16  1503740604480 (1decb040 15e)
 - private 'position' 'I' @24  39545 (9a79)
 - private 'limit' 'I' @28  1048576 (100000)
 - private 'capacity' 'I' @32  1048576 (100000)
 - final 'segment' 'Ljdk/internal/access/foreign/MemorySegmentProxy;' @36  NULL (0)
 - final 'offset' 'I' @40  0
 - 'isReadOnly' 'Z' @44  false
 - 'bigEndian' 'Z' @45  true
 - 'nativeByteOrder' 'Z' @46  false
 - final 'hb' '[B' @48  NULL (0)
 - private final 'isSync' 'Z' @47  false
 - private final 'fd' 'Ljava/io/FileDescriptor;' @52  NULL (0)
 - private final 'att' 'Ljava/lang/Object;' @56  NULL (0)
 - private final 'cleaner' 'Ljdk/internal/ref/Cleaner;' @60  a 'jdk/internal/ref/Cleaner'{0x00000000fd5f3f60} (fd5f3f60)
RCX=0x0000000000000015 is an unknown value
RDX=0xfffffffffffffffe is an unknown value
RSP=0x0000002da7bfed20 is pointing into the stack for thread: 0x0000015e1a776840
RBP=0x0000002da7bfed20 is pointing into the stack for thread: 0x0000015e1a776840
RSI=
[error occurred during error reporting (printing register info), id 0xc0000005, EXCEPTION_ACCESS_VIOLATION (0xc0000005) at pc=0x00007ffbdcb1058d]

Top of Stack: (sp=0x0000002da7bfed20)
0x0000002da7bfed20:   0000000000009a79 0000015dc7593ab0
0x0000002da7bfed30:   0000002da7bfedc0 0000000000000000
0x0000002da7bfed40:   0000000000008000 0000015dc6ddc625
0x0000002da7bfed50:   0000002da7bfee20 00000015c6ddca03
0x0000002da7bfed60:   00000000fd5f3e98 00000000fd5f3e98
0x0000002da7bfed70:   0000000000000000 000019f200000000
0x0000002da7bfed80:   00000000ebf2ecf8 00000000ebf25b88
0x0000002da7bfed90:   00000000ebf25b88 0000000000000000
0x0000002da7bfeda0:   0000000000000002 00000000c351aae8
0x0000002da7bfedb0:   0000000000000003 00007ffc7f1a419a
0x0000002da7bfedc0:   00000000fd5f45a0 0000015dc757ebdc
0x0000002da7bfedd0:   0000000000008000 0000000000000000
0x0000002da7bfede0:   000000007ffe0385 00007ffc9349e06a
0x0000002da7bfedf0:   00000000ebf2ecf8 00000000ebf2ecf8
0x0000002da7bfee00:   00000000fd5f45d0 000000007ffe0384
0x0000002da7bfee10:   00000000ebf2ecf8 00007ffc9337f78f 

Instructions: (pc=0x0000015dc600398c)
0x0000015dc600388c:   01 00 00 00 00 00 00 00 01 00 00 00 00 00 00 00
0x0000015dc600389c:   01 00 00 00 00 00 00 00 00 00 00 80 00 00 00 00
0x0000015dc60038ac:   00 00 00 80 00 00 00 00 00 00 00 80 00 00 00 00
0x0000015dc60038bc:   00 00 00 80 00 00 00 00 00 00 00 80 00 00 00 00
0x0000015dc60038cc:   00 00 00 80 00 00 00 00 00 00 00 80 00 00 00 00
0x0000015dc60038dc:   00 00 00 80 00 01 02 03 04 05 06 07 08 09 0a 0b
0x0000015dc60038ec:   0c 0d 0e 0f 10 11 12 13 14 15 16 17 18 19 1a 1b
0x0000015dc60038fc:   1c 1d 1e 1f 20 21 22 23 24 25 26 27 28 29 2a 2b
0x0000015dc600390c:   2c 2d 2e 2f 30 31 32 33 34 35 36 37 38 39 3a 3b
0x0000015dc600391c:   3c 3d 3e 3f 55 48 8b ec 66 0f ae 31 c9 c3 66 66
0x0000015dc600392c:   66 0f 1f 84 00 00 00 00 00 66 66 66 90 0f 1f 80
0x0000015dc600393c:   00 00 00 00 55 48 8b ec 83 f9 00 0f 85 03 00 00
0x0000015dc600394c:   00 0f ae f8 c9 c3 66 66 0f 1f 84 00 00 00 00 00
0x0000015dc600395c:   66 66 66 90 55 48 8b ec 4c 8b cf 4c 8b d6 48 8b
0x0000015dc600396c:   f9 48 8b f2 49 8b d0 48 8b ca 48 c1 ea 03 48 8d
0x0000015dc600397c:   7c d7 f8 48 8d 74 d6 f8 48 f7 da e9 6c 00 00 00
0x0000015dc600398c:   48 8b 44 d7 08 48 89 44 d6 08 48 ff c2 75 f1 f6
0x0000015dc600399c:   c1 04 74 0e 8b 47 08 89 46 08 48 83 c7 04 48 83
0x0000015dc60039ac:   c6 04 f6 c1 02 74 10 66 8b 47 08 66 89 46 08 48
0x0000015dc60039bc:   83 c7 02 48 83 c6 02 f6 c1 01 74 06 8a 47 08 88
0x0000015dc60039cc:   46 08 49 8b f9 49 8b f2 48 33 c0 c5 f8 77 c9 c3
0x0000015dc60039dc:   0f 1f 40 00 c5 fe 6f 44 d7 c8 c5 fe 7f 44 d6 c8
0x0000015dc60039ec:   c5 fe 6f 4c d7 e8 c5 fe 7f 4c d6 e8 48 83 c2 08
0x0000015dc60039fc:   7e e2 48 83 ea 04 7f 10 c5 fe 6f 44 d7 e8 c5 fe
0x0000015dc6003a0c:   7f 44 d6 e8 48 83 c2 04 c5 fd ef c0 c5 f5 ef c9
0x0000015dc6003a1c:   48 83 ea 04 0f 8c 66 ff ff ff e9 70 ff ff ff 66
0x0000015dc6003a2c:   66 66 0f 1f 84 00 00 00 00 00 66 66 66 90 66 0f
0x0000015dc6003a3c:   1f 44 00 00 55 48 8b ec 48 3b d1 4a 8d 04 01 0f
0x0000015dc6003a4c:   86 13 ff ff ff 48 3b d0 0f 83 0a ff ff ff 4c 8b
0x0000015dc6003a5c:   cf 4c 8b d6 48 8b f9 48 8b f2 49 8b d0 48 8b ca
0x0000015dc6003a6c:   48 c1 ea 03 f6 c1 01 0f 84 0b 00 00 00 8a 44 0f
0x0000015dc6003a7c:   ff 88 44 0e ff 48 ff c9 f6 c1 02 0f 84 0a 00 00 


Stack slot to memory mapping:
stack at sp + 0 slots: 0x0000000000009a79 is an unknown value
stack at sp + 1 slots: 0x0000015dc7593ab0 is at entry_point+464 in (nmethod*)0x0000015dc7593710
Compiled method (c2)   87228 22902  s    4       org.apache.spark.io.NioBufferedFileInputStream::read (64 bytes)
 total in heap  [0x0000015dc7593710,0x0000015dc7594c30] = 5408
 relocation     [0x0000015dc7593868,0x0000015dc75938c8] = 96
 main code      [0x0000015dc75938e0,0x0000015dc75943c0] = 2784
 stub code      [0x0000015dc75943c0,0x0000015dc75943e8] = 40
 oops           [0x0000015dc75943e8,0x0000015dc7594400] = 24
 metadata       [0x0000015dc7594400,0x0000015dc75944f8] = 248
 scopes data    [0x0000015dc75944f8,0x0000015dc7594a28] = 1328
 scopes pcs     [0x0000015dc7594a28,0x0000015dc7594bd8] = 432
 dependencies   [0x0000015dc7594bd8,0x0000015dc7594bf8] = 32
 handler table  [0x0000015dc7594bf8,0x0000015dc7594c10] = 24
 nul chk table  [0x0000015dc7594c10,0x0000015dc7594c30] = 32
stack at sp + 2 slots: 0x0000002da7bfedc0 is pointing into the stack for thread: 0x0000015e1a776840
stack at sp + 3 slots: 0x0 is NULL
stack at sp + 4 slots: 0x0000000000008000 is an unknown value
stack at sp + 5 slots: 0x0000015dc6ddc625 is at entry_point+261 in (nmethod*)0x0000015dc6ddc390
Compiled method (n/a)   87235 14970     n 0       net.jpountz.xxhash.XXHashJNI::XXH32_update (native)
 total in heap  [0x0000015dc6ddc390,0x0000015dc6ddc760] = 976
 relocation     [0x0000015dc6ddc4e8,0x0000015dc6ddc518] = 48
 main code      [0x0000015dc6ddc520,0x0000015dc6ddc758] = 568
 oops           [0x0000015dc6ddc758,0x0000015dc6ddc760] = 8
stack at sp + 6 slots: 0x0000002da7bfee20 is pointing into the stack for thread: 0x0000015e1a776840
stack at sp + 7 slots: 0x00000015c6ddca03 is an unknown value

StubRoutines::jbyte_disjoint_arraycopy [0x0000015dc6003960, 0x0000015dc6003a2b] (203 bytes)
[MachCode]
  0x0000015dc6003960: 5548 8bec | 4c8b cf4c | 8bd6 488b | f948 8bf2 | 498b d048 | 8bca 48c1 | ea03 488d | 7cd7 f848 
  0x0000015dc6003980: 8d74 d6f8 | 48f7 dae9 | 6c00 0000 | 488b 44d7 | 0848 8944 | d608 48ff | c275 f1f6 | c104 740e 
  0x0000015dc60039a0: 8b47 0889 | 4608 4883 | c704 4883 | c604 f6c1 | 0274 1066 | 8b47 0866 | 8946 0848 | 83c7 0248 
  0x0000015dc60039c0: 83c6 02f6 | c101 7406 | 8a47 0888 | 4608 498b | f949 8bf2 | 4833 c0c5 | f877 c9c3 | 0f1f 4000 
  0x0000015dc60039e0: c5fe 6f44 | d7c8 c5fe | 7f44 d6c8 | c5fe 6f4c | d7e8 c5fe | 7f4c d6e8 | 4883 c208 | 7ee2 4883 
  0x0000015dc6003a00: ea04 7f10 | c5fe 6f44 | d7e8 c5fe | 7f44 d6e8 | 4883 c204 | c5fd efc0 | c5f5 efc9 | 4883 ea04 
  0x0000015dc6003a20: 0f8c 66ff | ffff e970 | 
[/MachCode]

---------------  P R O C E S S  ---------------

Threads class SMR info:
_java_thread_list=0x0000015e245fa800, length=346, elements={
0x0000015db4eed680, 0x0000015dd08cfed0, 0x0000015dd08d07a0, 0x0000015dd08e43e0,
0x0000015dd08e4cb0, 0x0000015dd08e8c70, 0x0000015dd08f0130, 0x0000015dd08f43a0,
0x0000015dd08f5820, 0x0000015dd0909fe0, 0x0000015dd362c350, 0x0000015dd37f0f50,
0x0000015e1b7c0070, 0x0000015e1b84f740, 0x0000015dd08dbb10, 0x0000015dd08dcf50,
0x0000015dd08dd970, 0x0000015dd08dc020, 0x0000015dd08db0f0, 0x0000015dd08dde80,
0x0000015e1bd07940, 0x0000015e1bd0abe0, 0x0000015e1bd07e50, 0x0000015e1bd0bb10,
0x0000015e1bd0b600, 0x0000015e1bd09cb0, 0x0000015e1bd08360, 0x0000015e1bd0a6d0,
0x0000015e1bd0b0f0, 0x0000015e1bd08870, 0x0000015e1bd0c020, 0x0000015e1bd0a1c0,
0x0000015e1bd0c530, 0x0000015e1bd08d80, 0x0000015e1bd097a0, 0x0000015e1bd0ca40,
0x0000015e1bd09290, 0x0000015e1bd0d970, 0x0000015e1bd0f2c0, 0x0000015e1bd0d460,
0x0000015e1bd0de80, 0x0000015e1bd0e390, 0x0000015e1c2594a0, 0x0000015e1c25bd20,
0x0000015e1c258570, 0x0000015e1c25cc50, 0x0000015e1c25d160, 0x0000015e1c259ec0,
0x0000015e1c25e5a0, 0x0000015e1c25eab0, 0x0000015e1c25efc0, 0x0000015e1c4083c0,
0x0000015e1c407eb0, 0x0000015e1c40a730, 0x0000015e1d60b730, 0x0000015e1d60bc40,
0x0000015e1d60d080, 0x0000015e1d60f3f0, 0x0000015e1d60e9d0, 0x0000015e1d60d590,
0x0000015e1d60cb70, 0x0000015e1d60fe10, 0x0000015e1d60f900, 0x0000015e1d60daa0,
0x0000015e1d60dfb0, 0x0000015e1d60c660, 0x0000015e1d610320, 0x0000015e1d610830,
0x0000015e1d610d40, 0x0000015e1d611c70, 0x0000015e1d611760, 0x0000015e1d611250,
0x0000015e1d612180, 0x0000015e220d3050, 0x0000015e22de6a70, 0x0000015e220d58d0,
0x0000015e22de8f90, 0x0000015e22de8570, 0x0000015e2433f7d0, 0x0000015e220d3f80,
0x0000015e22a4db90, 0x0000015e22e534a0, 0x0000015e22de94a0, 0x0000015e22de6f80,
0x0000015e22a4e5b0, 0x0000015e1b1d7fd0, 0x0000015e2433f2c0, 0x0000015e2433fce0,
0x0000015e2433edb0, 0x0000015e220d4490, 0x0000015e22e50f80, 0x0000015e22e528d0,
0x0000015e22e54fa0, 0x0000015e220d53c0, 0x0000015e22de9ec0, 0x0000015e22de6560,
0x0000015e22de7490, 0x0000015e22b73810, 0x0000015e22e568f0, 0x0000015e220d5de0,
0x0000015e220d2630, 0x0000015e22e563e0, 0x0000015e22e519a0, 0x0000015e1d6fae70,
0x0000015e231a2fa0, 0x0000015e22e4f990, 0x0000015e22e4ef70, 0x0000015e22b74740,
0x0000015e220d6d10, 0x0000015e220d3a70, 0x0000015e220d7730, 0x0000015e22e554b0,
0x0000015e22e55ed0, 0x0000015e231a2a90, 0x0000015e22e503b0, 0x0000015e1ac2cb50,
0x0000015e2433e8a0, 0x0000015e1a3a2f90, 0x0000015e225e68c0, 0x0000015e22e559c0,
0x0000015e22b74230, 0x0000015e249359d0, 0x0000015e22b72df0, 0x0000015e231a5820,
0x0000015e231a34b0, 0x0000015e1a3a2570, 0x0000015e22d18500, 0x0000015e1ac2da80,
0x0000015e23c69140, 0x0000015e1b1d6680, 0x0000015e1b1d6b90, 0x0000015e220d8b70,
0x0000015e22d18a10, 0x0000015e239546c0, 0x0000015e22e508c0, 0x0000015e220d9080,
0x0000015e22d19430, 0x0000015e231a4e00, 0x0000015e231a39c0, 0x0000015e23c68720,
0x0000015e23c6a070, 0x0000015e220d9590, 0x0000015e220d9aa0, 0x0000015e249363f0,
0x0000015e1d6fb890, 0x0000015e22d1a870, 0x0000015e1ac2c640, 0x0000015e22b73300,
0x0000015e231a43e0, 0x0000015e23c68c30, 0x0000015e24e51420, 0x0000015e23952d70,
0x0000015e23953280, 0x0000015e1d6fbda0, 0x0000015e1d60e4c0, 0x0000015e231a48f0,
0x0000015e231a2070, 0x0000015e24934fb0, 0x0000015e24d56480, 0x0000015e22e4fea0,
0x0000015e22cda390, 0x0000015e22cd8530, 0x0000015e1d60c150, 0x0000015e22e473f0,
0x0000015e231a2580, 0x0000015e24e4f0b0, 0x0000015e24e50a00, 0x0000015e23c69650,
0x0000015e24e4f5c0, 0x0000015e1a976710, 0x0000015dd08de390, 0x0000015e24d56990,
0x0000015e228c5060, 0x0000015e228c73d0, 0x0000015e24e52860, 0x0000015e23c6a580,
0x0000015e239541b0, 0x0000015e2349c090, 0x0000015e22a605d0, 0x0000015e23c66dd0,
0x0000015e23c672e0, 0x0000015e22cd9970, 0x0000015e22cd7b10, 0x0000015e1a973e90,
0x0000015e1b1d75b0, 0x0000015e23c677f0, 0x0000015e1a9743a0, 0x0000015e1a9757e0,
0x0000015e22e4a180, 0x0000015e1a3a4df0, 0x0000015e23c67d00, 0x0000015e23c68210,
0x0000015e239007c0, 0x0000015e23902110, 0x0000015e239002b0, 0x0000015e1b1d5240,
0x0000015e22e47e10, 0x0000015e22e48830, 0x0000015e1ac2d060, 0x0000015e228c69b0,
0x0000015e1ac2a7e0, 0x0000015e24d56ea0, 0x0000015e2349bb80, 0x0000015e2349c5a0,
0x0000015e1ac2d570, 0x0000015e1a9748b0, 0x0000015e1a973470, 0x0000015e1a9752d0,
0x0000015e24d582e0, 0x0000015e228c64a0, 0x0000015e1a973980, 0x0000015e2349cab0,
0x0000015e24d573b0, 0x0000015e24e4fad0, 0x0000015e24e4ffe0, 0x0000015e24e504f0,
0x0000015e24e50f10, 0x0000015e228c5a80, 0x0000015e24d55a60, 0x0000015e22cda8a0,
0x0000015e22cd8f50, 0x0000015e23902620, 0x0000015e23900cd0, 0x0000015e22cd9460,
0x0000015e22a600c0, 0x0000015e22e49c70, 0x0000015e2349a230, 0x0000015e24d578c0,
0x0000015e24d57dd0, 0x0000015e24d587f0, 0x0000015e24e51e40, 0x0000015e22e46ee0,
0x0000015e22cdb2c0, 0x0000015e22cd9e80, 0x0000015e1b1d7ac0, 0x0000015e22e4a690,
0x0000015e22cd8020, 0x0000015e228c3c20, 0x0000015e22e47900, 0x0000015e2349cfc0,
0x0000015e22e48d40, 0x0000015e1a974dc0, 0x0000015e23902b30, 0x0000015e23903040,
0x0000015e239011e0, 0x0000015e1b1d84e0, 0x0000015e228c4640, 0x0000015e22cd8a40,
0x0000015e245042c0, 0x0000015e24503390, 0x0000015e2349d4d0, 0x0000015e2349d9e0,
0x0000015e24e51930, 0x0000015e238ff890, 0x0000015e24e52350, 0x0000015e1d517570,
0x0000015e239016f0, 0x0000015e245047d0, 0x0000015e23082e80, 0x0000015e24502460,
0x0000015e1d51a810, 0x0000015e2349a740, 0x0000015e228c4b50, 0x0000015e1a3a2a80,
0x0000015e22a5f190, 0x0000015e1a3a48e0, 0x0000015e245051f0, 0x0000015e1ac2b200,
0x0000015e228c4130, 0x0000015e1a972f60, 0x0000015e22c0bbd0, 0x0000015e23083390,
0x0000015e230838a0, 0x0000015e22c0d010, 0x0000015e1a975cf0, 0x0000015e22c0c0e0,
0x0000015e1a976200, 0x0000015e24501a40, 0x0000015e24504ce0, 0x0000015e2347b790,
0x0000015e24503db0, 0x0000015e1d518ec0, 0x0000015e1a3a2060, 0x0000015e22f754b0,
0x0000015e2349b160, 0x0000015e22a60ae0, 0x0000015e23081f50, 0x0000015e228c5570,
0x0000015e2347d0e0, 0x0000015e220d2b40, 0x0000015e2347c1b0, 0x0000015e220d7220,
0x0000015e23c69b60, 0x0000015e1992f4a0, 0x0000015e1992f9b0, 0x0000015e220d8660,
0x0000015e24d58d00, 0x0000015e22f72720, 0x0000015e220d62f0, 0x0000015e23083db0,
0x0000015e230842c0, 0x0000015e2347b280, 0x0000015e2347a350, 0x0000015e1d5198e0,
0x0000015e1d517060, 0x0000015e2347c6c0, 0x0000015e24d55f70, 0x0000015e1d517f90,
0x0000015e1d517a80, 0x0000015e1d612690, 0x0000015e2347cbd0, 0x0000015e23082970,
0x0000015e1d60eee0, 0x0000015e24502970, 0x0000015e1d612ba0, 0x0000015e228c5f90,
0x0000015e220d49a0, 0x0000015e1b7323d0, 0x0000015e1b7328e0, 0x0000015e230847d0,
0x0000015e22c0c5f0, 0x0000015e1b731ec0, 0x0000015e22c0e960, 0x0000015e22e49760,
0x0000015e22f72c30, 0x0000015e22e53ec0, 0x0000015e23953790, 0x0000015e22e543d0,
0x0000015e22a5f6a0, 0x0000015e231a5310, 0x0000015e22c0da30, 0x0000015e225e63b0,
0x0000015e225e5480, 0x0000015e23081020, 0x0000015e1a774ef0, 0x0000015e22a5fbb0,
0x0000015e24d3f450, 0x0000015e24502e80, 0x0000015e22c670a0, 0x0000015e1b733300,
0x0000015e22c0ee70, 0x0000015e245038a0, 0x0000015e1a776840, 0x0000015e22c65240,
0x0000015e22c65c60, 0x0000015e1a775400
}
_to_delete_list=0x0000015e245fa9b0, length=347, elements={
0x0000015db4eed680, 0x0000015dd08cfed0, 0x0000015dd08d07a0, 0x0000015dd08e43e0,
0x0000015dd08e4cb0, 0x0000015dd08e8c70, 0x0000015dd08f0130, 0x0000015dd08f43a0,
0x0000015dd08f5820, 0x0000015dd0909fe0, 0x0000015dd362c350, 0x0000015dd37f0f50,
0x0000015e1b7c0070, 0x0000015e1b84f740, 0x0000015dd08dbb10, 0x0000015dd08dcf50,
0x0000015dd08dd970, 0x0000015dd08dc020, 0x0000015dd08db0f0, 0x0000015dd08dde80,
0x0000015e1bd07940, 0x0000015e1bd0abe0, 0x0000015e1bd07e50, 0x0000015e1bd0bb10,
0x0000015e1bd0b600, 0x0000015e1bd09cb0, 0x0000015e1bd08360, 0x0000015e1bd0a6d0,
0x0000015e1bd0b0f0, 0x0000015e1bd08870, 0x0000015e1bd0c020, 0x0000015e1bd0a1c0,
0x0000015e1bd0c530, 0x0000015e1bd08d80, 0x0000015e1bd097a0, 0x0000015e1bd0ca40,
0x0000015e1bd09290, 0x0000015e1bd0d970, 0x0000015e1bd0f2c0, 0x0000015e1bd0d460,
0x0000015e1bd0de80, 0x0000015e1bd0e390, 0x0000015e1c2594a0, 0x0000015e1c25bd20,
0x0000015e1c258570, 0x0000015e1c25cc50, 0x0000015e1c25d160, 0x0000015e1c259ec0,
0x0000015e1c25e5a0, 0x0000015e1c25eab0, 0x0000015e1c25efc0, 0x0000015e1c4083c0,
0x0000015e1c407eb0, 0x0000015e1c40a730, 0x0000015e1d60b730, 0x0000015e1d60bc40,
0x0000015e1d60d080, 0x0000015e1d60f3f0, 0x0000015e1d60e9d0, 0x0000015e1d60d590,
0x0000015e1d60cb70, 0x0000015e1d60fe10, 0x0000015e1d60f900, 0x0000015e1d60daa0,
0x0000015e1d60dfb0, 0x0000015e1d60c660, 0x0000015e1d610320, 0x0000015e1d610830,
0x0000015e1d610d40, 0x0000015e1d611c70, 0x0000015e1d611760, 0x0000015e1d611250,
0x0000015e1d612180, 0x0000015e220d3050, 0x0000015e22de6a70, 0x0000015e220d58d0,
0x0000015e22de8f90, 0x0000015e22de8570, 0x0000015e2433f7d0, 0x0000015e220d3f80,
0x0000015e22a4db90, 0x0000015e22e534a0, 0x0000015e22de94a0, 0x0000015e22de6f80,
0x0000015e22a4e5b0, 0x0000015e1b1d7fd0, 0x0000015e2433f2c0, 0x0000015e2433fce0,
0x0000015e2433edb0, 0x0000015e220d4490, 0x0000015e22e50f80, 0x0000015e22e528d0,
0x0000015e22e54fa0, 0x0000015e220d53c0, 0x0000015e22de9ec0, 0x0000015e22de6560,
0x0000015e22de7490, 0x0000015e22b73810, 0x0000015e22e568f0, 0x0000015e220d5de0,
0x0000015e220d2630, 0x0000015e22e563e0, 0x0000015e22e519a0, 0x0000015e1d6fae70,
0x0000015e231a2fa0, 0x0000015e22e4f990, 0x0000015e22e4ef70, 0x0000015e22b74740,
0x0000015e220d6d10, 0x0000015e220d3a70, 0x0000015e220d7730, 0x0000015e22e554b0,
0x0000015e22e55ed0, 0x0000015e231a2a90, 0x0000015e22e503b0, 0x0000015e1ac2cb50,
0x0000015e2433e8a0, 0x0000015e1a3a2f90, 0x0000015e225e68c0, 0x0000015e22e559c0,
0x0000015e22b74230, 0x0000015e249359d0, 0x0000015e22b72df0, 0x0000015e231a5820,
0x0000015e231a34b0, 0x0000015e1a3a2570, 0x0000015e22d18500, 0x0000015e1ac2da80,
0x0000015e23c69140, 0x0000015e1b1d6680, 0x0000015e1b1d6b90, 0x0000015e220d8b70,
0x0000015e22d18a10, 0x0000015e239546c0, 0x0000015e22e508c0, 0x0000015e220d9080,
0x0000015e22d19430, 0x0000015e231a4e00, 0x0000015e231a39c0, 0x0000015e23c68720,
0x0000015e23c6a070, 0x0000015e220d9590, 0x0000015e220d9aa0, 0x0000015e249363f0,
0x0000015e1d6fb890, 0x0000015e22d1a870, 0x0000015e1ac2c640, 0x0000015e22b73300,
0x0000015e231a43e0, 0x0000015e23c68c30, 0x0000015e24e51420, 0x0000015e23952d70,
0x0000015e23953280, 0x0000015e1d6fbda0, 0x0000015e1d60e4c0, 0x0000015e231a48f0,
0x0000015e231a2070, 0x0000015e24934fb0, 0x0000015e24d56480, 0x0000015e22e4fea0,
0x0000015e22cda390, 0x0000015e22cd8530, 0x0000015e1d60c150, 0x0000015e22e473f0,
0x0000015e231a2580, 0x0000015e24e4f0b0, 0x0000015e24e50a00, 0x0000015e23c69650,
0x0000015e24e4f5c0, 0x0000015e1a976710, 0x0000015dd08de390, 0x0000015e24d56990,
0x0000015e228c5060, 0x0000015e228c73d0, 0x0000015e24e52860, 0x0000015e23c6a580,
0x0000015e239541b0, 0x0000015e2349c090, 0x0000015e22a605d0, 0x0000015e23c66dd0,
0x0000015e23c672e0, 0x0000015e22cd9970, 0x0000015e22cd7b10, 0x0000015e1a973e90,
0x0000015e1b1d75b0, 0x0000015e23c677f0, 0x0000015e1a9743a0, 0x0000015e1a9757e0,
0x0000015e22e4a180, 0x0000015e1a3a4df0, 0x0000015e23c67d00, 0x0000015e23c68210,
0x0000015e239007c0, 0x0000015e23902110, 0x0000015e239002b0, 0x0000015e1b1d5240,
0x0000015e22e47e10, 0x0000015e22e48830, 0x0000015e1ac2d060, 0x0000015e228c69b0,
0x0000015e1ac2a7e0, 0x0000015e24d56ea0, 0x0000015e2349bb80, 0x0000015e2349c5a0,
0x0000015e1ac2d570, 0x0000015e1a9748b0, 0x0000015e1a973470, 0x0000015e1a9752d0,
0x0000015e24d582e0, 0x0000015e228c64a0, 0x0000015e1a973980, 0x0000015e2349cab0,
0x0000015e24d573b0, 0x0000015e24e4fad0, 0x0000015e24e4ffe0, 0x0000015e24e504f0,
0x0000015e24e50f10, 0x0000015e228c5a80, 0x0000015e24d55a60, 0x0000015e22cda8a0,
0x0000015e22cd8f50, 0x0000015e23902620, 0x0000015e23900cd0, 0x0000015e22cd9460,
0x0000015e22a600c0, 0x0000015e22e49c70, 0x0000015e2349a230, 0x0000015e24d578c0,
0x0000015e24d57dd0, 0x0000015e24d587f0, 0x0000015e24e51e40, 0x0000015e22e46ee0,
0x0000015e22cdb2c0, 0x0000015e22cd9e80, 0x0000015e1b1d7ac0, 0x0000015e22e4a690,
0x0000015e22cd8020, 0x0000015e228c3c20, 0x0000015e22e47900, 0x0000015e2349cfc0,
0x0000015e22e48d40, 0x0000015e1a974dc0, 0x0000015e23902b30, 0x0000015e23903040,
0x0000015e239011e0, 0x0000015e1b1d84e0, 0x0000015e228c4640, 0x0000015e22cd8a40,
0x0000015e245042c0, 0x0000015e24503390, 0x0000015e2349d4d0, 0x0000015e2349d9e0,
0x0000015e24e51930, 0x0000015e238ff890, 0x0000015e24e52350, 0x0000015e1d517570,
0x0000015e239016f0, 0x0000015e245047d0, 0x0000015e23082e80, 0x0000015e24502460,
0x0000015e1d51a810, 0x0000015e2349a740, 0x0000015e228c4b50, 0x0000015e1a3a2a80,
0x0000015e22a5f190, 0x0000015e1a3a48e0, 0x0000015e245051f0, 0x0000015e1ac2b200,
0x0000015e228c4130, 0x0000015e1a972f60, 0x0000015e22c0bbd0, 0x0000015e23083390,
0x0000015e230838a0, 0x0000015e22c0d010, 0x0000015e1a975cf0, 0x0000015e22c0c0e0,
0x0000015e1a976200, 0x0000015e24501a40, 0x0000015e24504ce0, 0x0000015e2347b790,
0x0000015e24503db0, 0x0000015e1d518ec0, 0x0000015e1a3a2060, 0x0000015e22f754b0,
0x0000015e2349b160, 0x0000015e22a60ae0, 0x0000015e23081f50, 0x0000015e228c5570,
0x0000015e2347d0e0, 0x0000015e220d2b40, 0x0000015e2347c1b0, 0x0000015e220d7220,
0x0000015e23c69b60, 0x0000015e1992f4a0, 0x0000015e1992f9b0, 0x0000015e220d8660,
0x0000015e24d58d00, 0x0000015e22f72720, 0x0000015e220d62f0, 0x0000015e23083db0,
0x0000015e230842c0, 0x0000015e2347b280, 0x0000015e2347a350, 0x0000015e1d5198e0,
0x0000015e1d517060, 0x0000015e2347c6c0, 0x0000015e24d55f70, 0x0000015e1d517f90,
0x0000015e1d517a80, 0x0000015e1d612690, 0x0000015e2347cbd0, 0x0000015e23082970,
0x0000015e1d60eee0, 0x0000015e24502970, 0x0000015e1d612ba0, 0x0000015e228c5f90,
0x0000015e220d49a0, 0x0000015e1b7323d0, 0x0000015e1b7328e0, 0x0000015e230847d0,
0x0000015e22c0c5f0, 0x0000015e1b731ec0, 0x0000015e22c0e960, 0x0000015e22e49760,
0x0000015e22f72c30, 0x0000015e22e53ec0, 0x0000015e23953790, 0x0000015e22e543d0,
0x0000015e22a5f6a0, 0x0000015e231a5310, 0x0000015e22c0da30, 0x0000015e225e63b0,
0x0000015e225e5480, 0x0000015e23081020, 0x0000015e1a774ef0, 0x0000015e22a5fbb0,
0x0000015e24d3f450, 0x0000015e24502e80, 0x0000015e22c670a0, 0x0000015e1b733300,
0x0000015e22c0ee70, 0x0000015e245038a0, 0x0000015e22c0f380, 0x0000015e1a776840,
0x0000015e22c65240, 0x0000015e22c65c60, 0x0000015e1a775400
}

Java Threads: ( => current thread )
  0x0000015db4eed680 JavaThread "main" [_thread_in_native, id=15060, stack(0x0000002da2f00000,0x0000002da3000000)]
  0x0000015dd08cfed0 JavaThread "Reference Handler" daemon [_thread_blocked, id=10224, stack(0x0000002da3600000,0x0000002da3700000)]
  0x0000015dd08d07a0 JavaThread "Finalizer" daemon [_thread_blocked, id=12860, stack(0x0000002da3700000,0x0000002da3800000)]
  0x0000015dd08e43e0 JavaThread "Signal Dispatcher" daemon [_thread_blocked, id=20772, stack(0x0000002da3800000,0x0000002da3900000)]
  0x0000015dd08e4cb0 JavaThread "Attach Listener" daemon [_thread_blocked, id=11588, stack(0x0000002da3900000,0x0000002da3a00000)]
  0x0000015dd08e8c70 JavaThread "Service Thread" daemon [_thread_blocked, id=23676, stack(0x0000002da3a00000,0x0000002da3b00000)]
  0x0000015dd08f0130 JavaThread "Monitor Deflation Thread" daemon [_thread_blocked, id=3328, stack(0x0000002da3b00000,0x0000002da3c00000)]
  0x0000015dd08f43a0 JavaThread "C2 CompilerThread0" daemon [_thread_blocked, id=7876, stack(0x0000002da3c00000,0x0000002da3d00000)]
  0x0000015dd08f5820 JavaThread "C1 CompilerThread0" daemon [_thread_blocked, id=4700, stack(0x0000002da3d00000,0x0000002da3e00000)]
  0x0000015dd0909fe0 JavaThread "Sweeper thread" daemon [_thread_blocked, id=11016, stack(0x0000002da3e00000,0x0000002da3f00000)]
  0x0000015dd362c350 JavaThread "Common-Cleaner" daemon [_thread_blocked, id=24200, stack(0x0000002da3f00000,0x0000002da4000000)]
  0x0000015dd37f0f50 JavaThread "Notification Thread" daemon [_thread_blocked, id=19592, stack(0x0000002da4100000,0x0000002da4200000)]
  0x0000015e1b7c0070 JavaThread "Thread-1" [_thread_in_native, id=17652, stack(0x0000002da5000000,0x0000002da5100000)]
  0x0000015e1b84f740 JavaThread "Thread-2" [_thread_blocked, id=15088, stack(0x0000002da5100000,0x0000002da5200000)]
  0x0000015dd08dbb10 JavaThread "Thread-3" [_thread_in_native, id=22448, stack(0x0000002da5200000,0x0000002da5300000)]
  0x0000015dd08dcf50 JavaThread "rpc-boss-3-1" daemon [_thread_in_native, id=20684, stack(0x0000002da5300000,0x0000002da5400000)]
  0x0000015dd08dd970 JavaThread "dispatcher-event-loop-0" daemon [_thread_blocked, id=20008, stack(0x0000002da5400000,0x0000002da5500000)]
  0x0000015dd08dc020 JavaThread "dispatcher-event-loop-1" daemon [_thread_blocked, id=7200, stack(0x0000002da5500000,0x0000002da5600000)]
  0x0000015dd08db0f0 JavaThread "dispatcher-event-loop-2" daemon [_thread_blocked, id=23576, stack(0x0000002da5600000,0x0000002da5700000)]
  0x0000015dd08dde80 JavaThread "dispatcher-event-loop-3" daemon [_thread_blocked, id=20360, stack(0x0000002da5700000,0x0000002da5800000)]
  0x0000015e1bd07940 JavaThread "dispatcher-event-loop-4" daemon [_thread_blocked, id=12596, stack(0x0000002da5800000,0x0000002da5900000)]
  0x0000015e1bd0abe0 JavaThread "dispatcher-event-loop-5" daemon [_thread_blocked, id=2852, stack(0x0000002da5900000,0x0000002da5a00000)]
  0x0000015e1bd07e50 JavaThread "dispatcher-event-loop-6" daemon [_thread_blocked, id=15244, stack(0x0000002da5a00000,0x0000002da5b00000)]
  0x0000015e1bd0bb10 JavaThread "dispatcher-event-loop-7" daemon [_thread_blocked, id=19116, stack(0x0000002da5b00000,0x0000002da5c00000)]
  0x0000015e1bd0b600 JavaThread "dispatcher-event-loop-8" daemon [_thread_blocked, id=10892, stack(0x0000002da5c00000,0x0000002da5d00000)]
  0x0000015e1bd09cb0 JavaThread "dispatcher-event-loop-9" daemon [_thread_blocked, id=11096, stack(0x0000002da5d00000,0x0000002da5e00000)]
  0x0000015e1bd08360 JavaThread "dispatcher-event-loop-10" daemon [_thread_blocked, id=18008, stack(0x0000002da5e00000,0x0000002da5f00000)]
  0x0000015e1bd0a6d0 JavaThread "dispatcher-event-loop-11" daemon [_thread_blocked, id=23836, stack(0x0000002da5f00000,0x0000002da6000000)]
  0x0000015e1bd0b0f0 JavaThread "dispatcher-event-loop-12" daemon [_thread_blocked, id=21748, stack(0x0000002da6000000,0x0000002da6100000)]
  0x0000015e1bd08870 JavaThread "dispatcher-event-loop-13" daemon [_thread_blocked, id=24160, stack(0x0000002da6100000,0x0000002da6200000)]
  0x0000015e1bd0c020 JavaThread "map-output-dispatcher-0" daemon [_thread_blocked, id=5900, stack(0x0000002da6200000,0x0000002da6300000)]
  0x0000015e1bd0a1c0 JavaThread "map-output-dispatcher-1" daemon [_thread_blocked, id=11272, stack(0x0000002da6300000,0x0000002da6400000)]
  0x0000015e1bd0c530 JavaThread "map-output-dispatcher-2" daemon [_thread_blocked, id=15484, stack(0x0000002da6400000,0x0000002da6500000)]
  0x0000015e1bd08d80 JavaThread "map-output-dispatcher-3" daemon [_thread_blocked, id=16884, stack(0x0000002da6500000,0x0000002da6600000)]
  0x0000015e1bd097a0 JavaThread "map-output-dispatcher-4" daemon [_thread_blocked, id=13432, stack(0x0000002da6600000,0x0000002da6700000)]
  0x0000015e1bd0ca40 JavaThread "map-output-dispatcher-5" daemon [_thread_blocked, id=23668, stack(0x0000002da6700000,0x0000002da6800000)]
  0x0000015e1bd09290 JavaThread "map-output-dispatcher-6" daemon [_thread_blocked, id=19188, stack(0x0000002da6800000,0x0000002da6900000)]
  0x0000015e1bd0d970 JavaThread "map-output-dispatcher-7" daemon [_thread_blocked, id=6216, stack(0x0000002da6900000,0x0000002da6a00000)]
  0x0000015e1bd0f2c0 JavaThread "dispatcher-BlockManagerMaster" daemon [_thread_blocked, id=2700, stack(0x0000002da6a00000,0x0000002da6b00000)]
  0x0000015e1bd0d460 JavaThread "dispatcher-BlockManagerEndpoint1" daemon [_thread_blocked, id=22332, stack(0x0000002da6b00000,0x0000002da6c00000)]
  0x0000015e1bd0de80 JavaThread "RemoteBlock-temp-file-clean-thread" daemon [_thread_blocked, id=5680, stack(0x0000002da6c00000,0x0000002da6d00000)]
  0x0000015e1bd0e390 JavaThread "refresh progress" daemon [_thread_blocked, id=23688, stack(0x0000002da4300000,0x0000002da4400000)]
  0x0000015e1c2594a0 JavaThread "dispatcher-HeartbeatReceiver" daemon [_thread_blocked, id=6948, stack(0x0000002da7500000,0x0000002da7600000)]
  0x0000015e1c25bd20 JavaThread "heartbeat-receiver-event-loop-thread" daemon [_thread_blocked, id=7564, stack(0x0000002da7600000,0x0000002da7700000)]
  0x0000015e1c258570 JavaThread "netty-rpc-env-timeout" daemon [_thread_blocked, id=11812, stack(0x0000002da7700000,0x0000002da7800000)]
  0x0000015e1c25cc50 JavaThread "dag-scheduler-event-loop" daemon [_thread_blocked, id=23868, stack(0x0000002da7800000,0x0000002da7900000)]
  0x0000015e1c25d160 JavaThread "driver-heartbeater" daemon [_thread_blocked, id=11876, stack(0x0000002da7900000,0x0000002da7a00000)]
  0x0000015e1c259ec0 JavaThread "shuffle-boss-6-1" daemon [_thread_in_native, id=21776, stack(0x0000002da7c00000,0x0000002da7d00000)]
  0x0000015e1c25e5a0 JavaThread "spark-listener-group-appStatus" daemon [_thread_blocked, id=14036, stack(0x0000002da7f00000,0x0000002da8000000)]
  0x0000015e1c25eab0 JavaThread "spark-listener-group-executorManagement" daemon [_thread_blocked, id=11852, stack(0x0000002da8000000,0x0000002da8100000)]
  0x0000015e1c25efc0 JavaThread "element-tracking-store-worker" daemon [_thread_blocked, id=23644, stack(0x0000002da8200000,0x0000002da8300000)]
  0x0000015e1c4083c0 JavaThread "org.apache.hadoop.fs.FileSystem$Statistics$StatisticsDataReferenceCleaner" daemon [_thread_blocked, id=17560, stack(0x0000002da8300000,0x0000002da8400000)]
  0x0000015e1c407eb0 JavaThread "Cleaner-0" daemon [_thread_blocked, id=4824, stack(0x0000002da4000000,0x0000002da4100000)]
  0x0000015e1c40a730 JavaThread "ForkJoinPool.commonPool-worker-1" daemon [_thread_blocked, id=18904, stack(0x0000002da8500000,0x0000002da8600000)]
  0x0000015e1d60b730 JavaThread "ForkJoinPool.commonPool-worker-2" daemon [_thread_blocked, id=12484, stack(0x0000002da8600000,0x0000002da8700000)]
  0x0000015e1d60bc40 JavaThread "task-result-getter-0" daemon [_thread_blocked, id=11688, stack(0x0000002da8700000,0x0000002da8800000)]
  0x0000015e1d60d080 JavaThread "block-manager-storage-async-thread-pool-0" daemon [_thread_blocked, id=20072, stack(0x0000002da8800000,0x0000002da8900000)]
  0x0000015e1d60f3f0 JavaThread "block-manager-storage-async-thread-pool-2" daemon [_thread_blocked, id=23424, stack(0x0000002da8a00000,0x0000002da8b00000)]
  0x0000015e1d60e9d0 JavaThread "block-manager-ask-thread-pool-0" daemon [_thread_blocked, id=21364, stack(0x0000002da8b00000,0x0000002da8c00000)]
  0x0000015e1d60d590 JavaThread "Executor task launch worker for task 6.0 in stage 68.0 (TID 287)" daemon [_thread_blocked, id=24400, stack(0x0000002da8d00000,0x0000002da8e00000)]
  0x0000015e1d60cb70 JavaThread "Executor task launch worker for task 9.0 in stage 68.0 (TID 290)" daemon [_thread_blocked, id=428, stack(0x0000002da8e00000,0x0000002da8f00000)]
  0x0000015e1d60fe10 JavaThread "Executor task launch worker for task 0.0 in stage 68.0 (TID 281)" daemon [_thread_blocked, id=13416, stack(0x0000002da8f00000,0x0000002da9000000)]
  0x0000015e1d60f900 JavaThread "Executor task launch worker for task 2.0 in stage 68.0 (TID 283)" daemon [_thread_blocked, id=23844, stack(0x0000002da9000000,0x0000002da9100000)]
  0x0000015e1d60daa0 JavaThread "Executor task launch worker for task 12.0 in stage 68.0 (TID 293)" daemon [_thread_blocked, id=20724, stack(0x0000002da9100000,0x0000002da9200000)]
  0x0000015e1d60dfb0 JavaThread "Executor task launch worker for task 7.0 in stage 68.0 (TID 288)" daemon [_thread_blocked, id=10788, stack(0x0000002da9200000,0x0000002da9300000)]
  0x0000015e1d60c660 JavaThread "Executor task launch worker for task 5.0 in stage 68.0 (TID 286)" daemon [_thread_blocked, id=9724, stack(0x0000002da9300000,0x0000002da9400000)]
  0x0000015e1d610320 JavaThread "Executor task launch worker for task 14.0 in stage 68.0 (TID 295)" daemon [_thread_blocked, id=15080, stack(0x0000002da9400000,0x0000002da9500000)]
  0x0000015e1d610830 JavaThread "Executor task launch worker for task 4.0 in stage 68.0 (TID 285)" daemon [_thread_blocked, id=8008, stack(0x0000002da9500000,0x0000002da9600000)]
  0x0000015e1d610d40 JavaThread "Executor task launch worker for task 3.0 in stage 68.0 (TID 284)" daemon [_thread_blocked, id=24000, stack(0x0000002da9600000,0x0000002da9700000)]
  0x0000015e1d611c70 JavaThread "Executor task launch worker for task 10.0 in stage 68.0 (TID 291)" daemon [_thread_blocked, id=19688, stack(0x0000002da9700000,0x0000002da9800000)]
  0x0000015e1d611760 JavaThread "Executor task launch worker for task 1.0 in stage 68.0 (TID 282)" daemon [_thread_blocked, id=13904, stack(0x0000002da9800000,0x0000002da9900000)]
  0x0000015e1d611250 JavaThread "Executor task launch worker for task 8.0 in stage 68.0 (TID 289)" daemon [_thread_blocked, id=7308, stack(0x0000002da9900000,0x0000002da9a00000)]
  0x0000015e1d612180 JavaThread "block-manager-storage-async-thread-pool-3" daemon [_thread_blocked, id=7068, stack(0x0000002da9b00000,0x0000002da9c00000)]
  0x0000015e220d3050 JavaThread "block-manager-ask-thread-pool-2" daemon [_thread_blocked, id=19252, stack(0x0000002da9e00000,0x0000002da9f00000)]
  0x0000015e22de6a70 JavaThread "task-result-getter-1" daemon [_thread_blocked, id=11308, stack(0x0000002da9a00000,0x0000002da9b00000)]
  0x0000015e220d58d0 JavaThread "task-result-getter-2" daemon [_thread_blocked, id=6224, stack(0x0000002daa100000,0x0000002daa200000)]
  0x0000015e22de8f90 JavaThread "ForkJoinPool.commonPool-worker-3" daemon [_thread_blocked, id=24104, stack(0x0000002da8100000,0x0000002da8200000)]
  0x0000015e22de8570 JavaThread "task-result-getter-3" daemon [_thread_blocked, id=13636, stack(0x0000002daa000000,0x0000002daa100000)]
  0x0000015e2433f7d0 JavaThread "ForkJoinPool.commonPool-worker-4" daemon [_thread_blocked, id=19736, stack(0x0000002daa300000,0x0000002daa400000)]
  0x0000015e220d3f80 JavaThread "QueryStageCreator-0" daemon [_thread_blocked, id=9640, stack(0x0000002daa500000,0x0000002daa600000)]
  0x0000015e22a4db90 JavaThread "block-manager-storage-async-thread-pool-6" daemon [_thread_blocked, id=19256, stack(0x0000002daa800000,0x0000002daa900000)]
  0x0000015e22e534a0 JavaThread "block-manager-ask-thread-pool-4" daemon [_thread_blocked, id=10544, stack(0x0000002daab00000,0x0000002daac00000)]
  0x0000015e22de94a0 JavaThread "QueryStageCreator-1" daemon [_thread_blocked, id=23656, stack(0x0000002daad00000,0x0000002daae00000)]
  0x0000015e22de6f80 JavaThread "block-manager-storage-async-thread-pool-10" daemon [_thread_blocked, id=5808, stack(0x0000002dab000000,0x0000002dab100000)]
  0x0000015e22a4e5b0 JavaThread "block-manager-storage-async-thread-pool-11" daemon [_thread_blocked, id=6232, stack(0x0000002dab100000,0x0000002dab200000)]
  0x0000015e1b1d7fd0 JavaThread "block-manager-storage-async-thread-pool-12" daemon [_thread_blocked, id=24328, stack(0x0000002dab200000,0x0000002dab300000)]
  0x0000015e2433f2c0 JavaThread "block-manager-ask-thread-pool-6" daemon [_thread_blocked, id=9600, stack(0x0000002dab300000,0x0000002dab400000)]
  0x0000015e2433fce0 JavaThread "block-manager-storage-async-thread-pool-13" daemon [_thread_blocked, id=23332, stack(0x0000002dab400000,0x0000002dab500000)]
  0x0000015e2433edb0 JavaThread "block-manager-storage-async-thread-pool-14" daemon [_thread_blocked, id=17948, stack(0x0000002dab500000,0x0000002dab600000)]
  0x0000015e220d4490 JavaThread "block-manager-ask-thread-pool-8" daemon [_thread_blocked, id=24140, stack(0x0000002daa700000,0x0000002daa800000)]
  0x0000015e22e50f80 JavaThread "block-manager-storage-async-thread-pool-16" daemon [_thread_blocked, id=15996, stack(0x0000002dab700000,0x0000002dab800000)]
  0x0000015e22e528d0 JavaThread "block-manager-storage-async-thread-pool-17" daemon [_thread_blocked, id=20024, stack(0x0000002dab800000,0x0000002dab900000)]
  0x0000015e22e54fa0 JavaThread "block-manager-ask-thread-pool-9" daemon [_thread_blocked, id=23004, stack(0x0000002dab900000,0x0000002daba00000)]
  0x0000015e220d53c0 JavaThread "QueryStageCreator-2" daemon [_thread_blocked, id=17124, stack(0x0000002dabc00000,0x0000002dabd00000)]
  0x0000015e22de9ec0 JavaThread "QueryStageCreator-3" daemon [_thread_blocked, id=24540, stack(0x0000002dac000000,0x0000002dac100000)]
  0x0000015e22de6560 JavaThread "block-manager-storage-async-thread-pool-19" daemon [_thread_blocked, id=2940, stack(0x0000002dac300000,0x0000002dac400000)]
  0x0000015e22de7490 JavaThread "block-manager-storage-async-thread-pool-20" daemon [_thread_blocked, id=148, stack(0x0000002dac400000,0x0000002dac500000)]
  0x0000015e22b73810 JavaThread "block-manager-ask-thread-pool-12" daemon [_thread_blocked, id=23744, stack(0x0000002dac500000,0x0000002dac600000)]
  0x0000015e22e568f0 JavaThread "block-manager-storage-async-thread-pool-21" daemon [_thread_blocked, id=4396, stack(0x0000002dabe00000,0x0000002dabf00000)]
  0x0000015e220d5de0 JavaThread "block-manager-storage-async-thread-pool-22" daemon [_thread_blocked, id=24372, stack(0x0000002dabf00000,0x0000002dac000000)]
  0x0000015e220d2630 JavaThread "block-manager-storage-async-thread-pool-23" daemon [_thread_blocked, id=7900, stack(0x0000002dac700000,0x0000002dac800000)]
  0x0000015e22e563e0 JavaThread "block-manager-ask-thread-pool-14" daemon [_thread_blocked, id=21200, stack(0x0000002dac800000,0x0000002dac900000)]
  0x0000015e22e519a0 JavaThread "block-manager-storage-async-thread-pool-24" daemon [_thread_blocked, id=4220, stack(0x0000002daca00000,0x0000002dacb00000)]
  0x0000015e1d6fae70 JavaThread "block-manager-storage-async-thread-pool-25" daemon [_thread_blocked, id=14912, stack(0x0000002dacb00000,0x0000002dacc00000)]
  0x0000015e231a2fa0 JavaThread "block-manager-ask-thread-pool-16" daemon [_thread_blocked, id=24220, stack(0x0000002dacd00000,0x0000002dace00000)]
  0x0000015e22e4f990 JavaThread "block-manager-storage-async-thread-pool-28" daemon [_thread_blocked, id=22616, stack(0x0000002dad000000,0x0000002dad100000)]
  0x0000015e22e4ef70 JavaThread "block-manager-storage-async-thread-pool-29" daemon [_thread_blocked, id=420, stack(0x0000002dad100000,0x0000002dad200000)]
  0x0000015e22b74740 JavaThread "block-manager-ask-thread-pool-18" daemon [_thread_blocked, id=9868, stack(0x0000002dad200000,0x0000002dad300000)]
  0x0000015e220d6d10 JavaThread "QueryStageCreator-4" daemon [_thread_blocked, id=23896, stack(0x0000002dad400000,0x0000002dad500000)]
  0x0000015e220d3a70 JavaThread "QueryStageCreator-5" daemon [_thread_blocked, id=8728, stack(0x0000002dad700000,0x0000002dad800000)]
  0x0000015e220d7730 JavaThread "block-manager-storage-async-thread-pool-30" daemon [_thread_blocked, id=3376, stack(0x0000002dada00000,0x0000002dadb00000)]
  0x0000015e22e554b0 JavaThread "block-manager-storage-async-thread-pool-31" daemon [_thread_blocked, id=10764, stack(0x0000002dadb00000,0x0000002dadc00000)]
  0x0000015e22e55ed0 JavaThread "block-manager-storage-async-thread-pool-32" daemon [_thread_blocked, id=4668, stack(0x0000002dadc00000,0x0000002dadd00000)]
  0x0000015e231a2a90 JavaThread "block-manager-ask-thread-pool-20" daemon [_thread_blocked, id=23920, stack(0x0000002dadd00000,0x0000002dade00000)]
  0x0000015e22e503b0 JavaThread "QueryStageCreator-6" daemon [_thread_blocked, id=7052, stack(0x0000002dad600000,0x0000002dad700000)]
  0x0000015e1ac2cb50 JavaThread "QueryStageCreator-7" daemon [_thread_blocked, id=10840, stack(0x0000002dadf00000,0x0000002dae000000)]
  0x0000015e2433e8a0 JavaThread "block-manager-storage-async-thread-pool-34" daemon [_thread_blocked, id=11940, stack(0x0000002dae400000,0x0000002dae500000)]
  0x0000015e1a3a2f90 JavaThread "block-manager-storage-async-thread-pool-35" daemon [_thread_blocked, id=22604, stack(0x0000002dae500000,0x0000002dae600000)]
  0x0000015e225e68c0 JavaThread "block-manager-ask-thread-pool-22" daemon [_thread_blocked, id=21216, stack(0x0000002dae600000,0x0000002dae700000)]
  0x0000015e22e559c0 JavaThread "block-manager-storage-async-thread-pool-36" daemon [_thread_blocked, id=9660, stack(0x0000002dae100000,0x0000002dae200000)]
  0x0000015e22b74230 JavaThread "block-manager-ask-thread-pool-24" daemon [_thread_blocked, id=5836, stack(0x0000002daea00000,0x0000002daeb00000)]
  0x0000015e249359d0 JavaThread "block-manager-storage-async-thread-pool-39" daemon [_thread_blocked, id=20788, stack(0x0000002daec00000,0x0000002daed00000)]
  0x0000015e22b72df0 JavaThread "block-manager-ask-thread-pool-26" daemon [_thread_blocked, id=4680, stack(0x0000002daef00000,0x0000002daf000000)]
  0x0000015e231a5820 JavaThread "block-manager-storage-async-thread-pool-43" daemon [_thread_blocked, id=23692, stack(0x0000002daf200000,0x0000002daf300000)]
  0x0000015e231a34b0 JavaThread "block-manager-storage-async-thread-pool-44" daemon [_thread_blocked, id=8812, stack(0x0000002daf300000,0x0000002daf400000)]
  0x0000015e1a3a2570 JavaThread "block-manager-ask-thread-pool-28" daemon [_thread_blocked, id=18268, stack(0x0000002daf400000,0x0000002daf500000)]
  0x0000015e22d18500 JavaThread "block-manager-storage-async-thread-pool-45" daemon [_thread_blocked, id=22068, stack(0x0000002daf600000,0x0000002daf700000)]
  0x0000015e1ac2da80 JavaThread "block-manager-storage-async-thread-pool-49" daemon [_thread_blocked, id=13940, stack(0x0000002dafa00000,0x0000002dafb00000)]
  0x0000015e23c69140 JavaThread "block-manager-ask-thread-pool-30" daemon [_thread_blocked, id=19204, stack(0x0000002dafb00000,0x0000002dafc00000)]
  0x0000015e1b1d6680 JavaThread "block-manager-storage-async-thread-pool-50" daemon [_thread_blocked, id=13644, stack(0x0000002dafc00000,0x0000002dafd00000)]
  0x0000015e1b1d6b90 JavaThread "block-manager-storage-async-thread-pool-51" daemon [_thread_blocked, id=11048, stack(0x0000002dafd00000,0x0000002dafe00000)]
  0x0000015e220d8b70 JavaThread "block-manager-ask-thread-pool-31" daemon [_thread_blocked, id=24032, stack(0x0000002daff00000,0x0000002db0000000)]
  0x0000015e22d18a10 JavaThread "block-manager-storage-async-thread-pool-53" daemon [_thread_blocked, id=19660, stack(0x0000002db0100000,0x0000002db0200000)]
  0x0000015e239546c0 JavaThread "block-manager-ask-thread-pool-34" daemon [_thread_blocked, id=24252, stack(0x0000002db0300000,0x0000002db0400000)]
  0x0000015e22e508c0 JavaThread "QueryStageCreator-8" daemon [_thread_blocked, id=22120, stack(0x0000002dae000000,0x0000002dae100000)]
  0x0000015e220d9080 JavaThread "shuffle-exchange-5" daemon [_thread_blocked, id=9764, stack(0x0000002db0500000,0x0000002db0600000)]
  0x0000015e22d19430 JavaThread "block-manager-storage-async-thread-pool-54" daemon [_thread_blocked, id=18668, stack(0x0000002db0800000,0x0000002db0900000)]
  0x0000015e231a4e00 JavaThread "block-manager-storage-async-thread-pool-55" daemon [_thread_blocked, id=19064, stack(0x0000002db0a00000,0x0000002db0b00000)]
  0x0000015e231a39c0 JavaThread "block-manager-storage-async-thread-pool-56" daemon [_thread_blocked, id=2060, stack(0x0000002db0c00000,0x0000002db0d00000)]
  0x0000015e23c68720 JavaThread "block-manager-ask-thread-pool-36" daemon [_thread_blocked, id=8016, stack(0x0000002db0d00000,0x0000002db0e00000)]
  0x0000015e23c6a070 JavaThread "block-manager-ask-thread-pool-37" daemon [_thread_blocked, id=21520, stack(0x0000002db0e00000,0x0000002db0f00000)]
  0x0000015e220d9590 JavaThread "QueryStageCreator-9" daemon [_thread_blocked, id=11108, stack(0x0000002db0f00000,0x0000002db1000000)]
  0x0000015e220d9aa0 JavaThread "ResultQueryStageExecution-4" daemon [_thread_blocked, id=16144, stack(0x0000002db1000000,0x0000002db1100000)]
  0x0000015e249363f0 JavaThread "QueryStageCreator-10" daemon [_thread_blocked, id=20516, stack(0x0000002db1100000,0x0000002db1200000)]
  0x0000015e1d6fb890 JavaThread "shuffle-exchange-6" daemon [_thread_blocked, id=23904, stack(0x0000002db1200000,0x0000002db1300000)]
  0x0000015e22d1a870 JavaThread "block-manager-storage-async-thread-pool-57" daemon [_thread_blocked, id=11600, stack(0x0000002db1300000,0x0000002db1400000)]
  0x0000015e1ac2c640 JavaThread "block-manager-storage-async-thread-pool-58" daemon [_thread_blocked, id=2272, stack(0x0000002db1400000,0x0000002db1500000)]
  0x0000015e22b73300 JavaThread "block-manager-ask-thread-pool-38" daemon [_thread_blocked, id=15556, stack(0x0000002db1500000,0x0000002db1600000)]
  0x0000015e231a43e0 JavaThread "block-manager-ask-thread-pool-39" daemon [_thread_blocked, id=408, stack(0x0000002db1600000,0x0000002db1700000)]
  0x0000015e23c68c30 JavaThread "block-manager-storage-async-thread-pool-59" daemon [_thread_blocked, id=12956, stack(0x0000002db1700000,0x0000002db1800000)]
  0x0000015e24e51420 JavaThread "block-manager-storage-async-thread-pool-60" daemon [_thread_blocked, id=16908, stack(0x0000002db1800000,0x0000002db1900000)]
  0x0000015e23952d70 JavaThread "block-manager-storage-async-thread-pool-61" daemon [_thread_blocked, id=11092, stack(0x0000002db1900000,0x0000002db1a00000)]
  0x0000015e23953280 JavaThread "block-manager-storage-async-thread-pool-62" daemon [_thread_blocked, id=15892, stack(0x0000002db1a00000,0x0000002db1b00000)]
  0x0000015e1d6fbda0 JavaThread "block-manager-ask-thread-pool-40" daemon [_thread_blocked, id=16288, stack(0x0000002db1b00000,0x0000002db1c00000)]
  0x0000015e1d60e4c0 JavaThread "block-manager-ask-thread-pool-41" daemon [_thread_blocked, id=7588, stack(0x0000002db1c00000,0x0000002db1d00000)]
  0x0000015e231a48f0 JavaThread "block-manager-storage-async-thread-pool-63" daemon [_thread_blocked, id=5116, stack(0x0000002db1d00000,0x0000002db1e00000)]
  0x0000015e231a2070 JavaThread "block-manager-storage-async-thread-pool-64" daemon [_thread_blocked, id=21224, stack(0x0000002db1e00000,0x0000002db1f00000)]
  0x0000015e24934fb0 JavaThread "block-manager-storage-async-thread-pool-65" daemon [_thread_blocked, id=16296, stack(0x0000002db1f00000,0x0000002db2000000)]
  0x0000015e24d56480 JavaThread "block-manager-storage-async-thread-pool-66" daemon [_thread_blocked, id=19360, stack(0x0000002db2000000,0x0000002db2100000)]
  0x0000015e22e4fea0 JavaThread "block-manager-ask-thread-pool-42" daemon [_thread_blocked, id=7428, stack(0x0000002db2100000,0x0000002db2200000)]
  0x0000015e22cda390 JavaThread "block-manager-storage-async-thread-pool-67" daemon [_thread_blocked, id=10584, stack(0x0000002db2200000,0x0000002db2300000)]
  0x0000015e22cd8530 JavaThread "block-manager-storage-async-thread-pool-68" daemon [_thread_blocked, id=21756, stack(0x0000002db2300000,0x0000002db2400000)]
  0x0000015e1d60c150 JavaThread "block-manager-ask-thread-pool-43" daemon [_thread_blocked, id=11344, stack(0x0000002db2400000,0x0000002db2500000)]
  0x0000015e22e473f0 JavaThread "block-manager-ask-thread-pool-44" daemon [_thread_blocked, id=17880, stack(0x0000002db2500000,0x0000002db2600000)]
  0x0000015e231a2580 JavaThread "block-manager-ask-thread-pool-45" daemon [_thread_blocked, id=20288, stack(0x0000002db2600000,0x0000002db2700000)]
  0x0000015e24e4f0b0 JavaThread "block-manager-storage-async-thread-pool-69" daemon [_thread_blocked, id=22284, stack(0x0000002db2700000,0x0000002db2800000)]
  0x0000015e24e50a00 JavaThread "block-manager-storage-async-thread-pool-70" daemon [_thread_blocked, id=11808, stack(0x0000002db2800000,0x0000002db2900000)]
  0x0000015e23c69650 JavaThread "block-manager-ask-thread-pool-46" daemon [_thread_blocked, id=7268, stack(0x0000002db0600000,0x0000002db0700000)]
  0x0000015e24e4f5c0 JavaThread "block-manager-ask-thread-pool-47" daemon [_thread_blocked, id=24124, stack(0x0000002db0700000,0x0000002db0800000)]
  0x0000015e1a976710 JavaThread "QueryStageCreator-11" daemon [_thread_blocked, id=23992, stack(0x0000002db2900000,0x0000002db2a00000)]
  0x0000015dd08de390 JavaThread "shuffle-exchange-7" daemon [_thread_blocked, id=11560, stack(0x0000002db2a00000,0x0000002db2b00000)]
  0x0000015e24d56990 JavaThread "QueryStageCreator-12" daemon [_thread_blocked, id=13004, stack(0x0000002db2f00000,0x0000002db3000000)]
  0x0000015e228c5060 JavaThread "ResultQueryStageExecution-5" daemon [_thread_blocked, id=12236, stack(0x0000002db3000000,0x0000002db3100000)]
  0x0000015e228c73d0 JavaThread "QueryStageCreator-13" daemon [_thread_blocked, id=12232, stack(0x0000002db3100000,0x0000002db3200000)]
  0x0000015e24e52860 JavaThread "shuffle-exchange-8" daemon [_thread_blocked, id=9700, stack(0x0000002db3200000,0x0000002db3300000)]
  0x0000015e23c6a580 JavaThread "block-manager-storage-async-thread-pool-71" daemon [_thread_blocked, id=19160, stack(0x0000002db3300000,0x0000002db3400000)]
  0x0000015e239541b0 JavaThread "block-manager-storage-async-thread-pool-72" daemon [_thread_blocked, id=5824, stack(0x0000002db3400000,0x0000002db3500000)]
  0x0000015e2349c090 JavaThread "block-manager-storage-async-thread-pool-73" daemon [_thread_blocked, id=24572, stack(0x0000002db3500000,0x0000002db3600000)]
  0x0000015e22a605d0 JavaThread "block-manager-ask-thread-pool-48" daemon [_thread_blocked, id=16308, stack(0x0000002db3600000,0x0000002db3700000)]
  0x0000015e23c66dd0 JavaThread "block-manager-ask-thread-pool-49" daemon [_thread_blocked, id=1040, stack(0x0000002db3700000,0x0000002db3800000)]
  0x0000015e23c672e0 JavaThread "block-manager-storage-async-thread-pool-74" daemon [_thread_blocked, id=3648, stack(0x0000002db2e00000,0x0000002db2f00000)]
  0x0000015e22cd9970 JavaThread "block-manager-storage-async-thread-pool-75" daemon [_thread_blocked, id=9996, stack(0x0000002db3800000,0x0000002db3900000)]
  0x0000015e22cd7b10 JavaThread "block-manager-storage-async-thread-pool-76" daemon [_thread_blocked, id=3616, stack(0x0000002db3900000,0x0000002db3a00000)]
  0x0000015e1a973e90 JavaThread "block-manager-ask-thread-pool-50" daemon [_thread_blocked, id=23616, stack(0x0000002db3a00000,0x0000002db3b00000)]
  0x0000015e1b1d75b0 JavaThread "block-manager-ask-thread-pool-51" daemon [_thread_blocked, id=20324, stack(0x0000002db3b00000,0x0000002db3c00000)]
  0x0000015e23c677f0 JavaThread "block-manager-storage-async-thread-pool-77" daemon [_thread_blocked, id=6600, stack(0x0000002db2b00000,0x0000002db2c00000)]
  0x0000015e1a9743a0 JavaThread "block-manager-storage-async-thread-pool-78" daemon [_thread_blocked, id=2748, stack(0x0000002db3c00000,0x0000002db3d00000)]
  0x0000015e1a9757e0 JavaThread "block-manager-storage-async-thread-pool-79" daemon [_thread_blocked, id=9916, stack(0x0000002db3d00000,0x0000002db3e00000)]
  0x0000015e22e4a180 JavaThread "block-manager-ask-thread-pool-52" daemon [_thread_blocked, id=19092, stack(0x0000002db3e00000,0x0000002db3f00000)]
  0x0000015e1a3a4df0 JavaThread "block-manager-ask-thread-pool-53" daemon [_thread_blocked, id=18860, stack(0x0000002db3f00000,0x0000002db4000000)]
  0x0000015e23c67d00 JavaThread "block-manager-storage-async-thread-pool-80" daemon [_thread_blocked, id=21528, stack(0x0000002db4000000,0x0000002db4100000)]
  0x0000015e23c68210 JavaThread "block-manager-storage-async-thread-pool-81" daemon [_thread_blocked, id=19340, stack(0x0000002db4100000,0x0000002db4200000)]
  0x0000015e239007c0 JavaThread "block-manager-storage-async-thread-pool-82" daemon [_thread_blocked, id=23852, stack(0x0000002db4200000,0x0000002db4300000)]
  0x0000015e23902110 JavaThread "block-manager-storage-async-thread-pool-83" daemon [_thread_blocked, id=11340, stack(0x0000002db4300000,0x0000002db4400000)]
  0x0000015e239002b0 JavaThread "block-manager-storage-async-thread-pool-84" daemon [_thread_blocked, id=24044, stack(0x0000002db4400000,0x0000002db4500000)]
  0x0000015e1b1d5240 JavaThread "block-manager-ask-thread-pool-54" daemon [_thread_blocked, id=8040, stack(0x0000002db4500000,0x0000002db4600000)]
  0x0000015e22e47e10 JavaThread "block-manager-storage-async-thread-pool-85" daemon [_thread_blocked, id=5712, stack(0x0000002db4600000,0x0000002db4700000)]
  0x0000015e22e48830 JavaThread "block-manager-storage-async-thread-pool-86" daemon [_thread_blocked, id=24480, stack(0x0000002db4700000,0x0000002db4800000)]
  0x0000015e1ac2d060 JavaThread "block-manager-storage-async-thread-pool-87" daemon [_thread_blocked, id=6140, stack(0x0000002db4800000,0x0000002db4900000)]
  0x0000015e228c69b0 JavaThread "block-manager-ask-thread-pool-55" daemon [_thread_blocked, id=12088, stack(0x0000002db4900000,0x0000002db4a00000)]
  0x0000015e1ac2a7e0 JavaThread "block-manager-storage-async-thread-pool-88" daemon [_thread_blocked, id=4640, stack(0x0000002db4a00000,0x0000002db4b00000)]
  0x0000015e24d56ea0 JavaThread "block-manager-ask-thread-pool-56" daemon [_thread_blocked, id=18288, stack(0x0000002db4b00000,0x0000002db4c00000)]
  0x0000015e2349bb80 JavaThread "block-manager-ask-thread-pool-57" daemon [_thread_blocked, id=15148, stack(0x0000002db4c00000,0x0000002db4d00000)]
  0x0000015e2349c5a0 JavaThread "block-manager-ask-thread-pool-58" daemon [_thread_blocked, id=11260, stack(0x0000002db4d00000,0x0000002db4e00000)]
  0x0000015e1ac2d570 JavaThread "block-manager-ask-thread-pool-59" daemon [_thread_blocked, id=17924, stack(0x0000002db4e00000,0x0000002db4f00000)]
  0x0000015e1a9748b0 JavaThread "QueryStageCreator-14" daemon [_thread_blocked, id=13072, stack(0x0000002db4f00000,0x0000002db5000000)]
  0x0000015e1a973470 JavaThread "ResultQueryStageExecution-6" daemon [_thread_blocked, id=6172, stack(0x0000002db5000000,0x0000002db5100000)]
  0x0000015e1a9752d0 JavaThread "QueryStageCreator-15" daemon [_thread_blocked, id=17576, stack(0x0000002db5100000,0x0000002db5200000)]
  0x0000015e24d582e0 JavaThread "shuffle-exchange-9" daemon [_thread_blocked, id=21256, stack(0x0000002db5400000,0x0000002db5500000)]
  0x0000015e228c64a0 JavaThread "shuffle-exchange-10" daemon [_thread_blocked, id=11728, stack(0x0000002db5200000,0x0000002db5300000)]
  0x0000015e1a973980 JavaThread "ResultQueryStageExecution-7" daemon [_thread_blocked, id=17536, stack(0x0000002db5600000,0x0000002db5700000)]
  0x0000015e2349cab0 JavaThread "shuffle-exchange-11" daemon [_thread_blocked, id=21140, stack(0x0000002db5700000,0x0000002db5800000)]
  0x0000015e24d573b0 JavaThread "block-manager-storage-async-thread-pool-89" daemon [_thread_blocked, id=3252, stack(0x0000002db5800000,0x0000002db5900000)]
  0x0000015e24e4fad0 JavaThread "block-manager-storage-async-thread-pool-90" daemon [_thread_blocked, id=23468, stack(0x0000002db5900000,0x0000002db5a00000)]
  0x0000015e24e4ffe0 JavaThread "block-manager-storage-async-thread-pool-91" daemon [_thread_blocked, id=18604, stack(0x0000002db5a00000,0x0000002db5b00000)]
  0x0000015e24e504f0 JavaThread "block-manager-storage-async-thread-pool-92" daemon [_thread_blocked, id=2172, stack(0x0000002db5b00000,0x0000002db5c00000)]
  0x0000015e24e50f10 JavaThread "block-manager-ask-thread-pool-60" daemon [_thread_blocked, id=4372, stack(0x0000002db5c00000,0x0000002db5d00000)]
  0x0000015e228c5a80 JavaThread "block-manager-ask-thread-pool-61" daemon [_thread_blocked, id=5352, stack(0x0000002db5d00000,0x0000002db5e00000)]
  0x0000015e24d55a60 JavaThread "block-manager-storage-async-thread-pool-93" daemon [_thread_blocked, id=3196, stack(0x0000002db5e00000,0x0000002db5f00000)]
  0x0000015e22cda8a0 JavaThread "block-manager-storage-async-thread-pool-94" daemon [_thread_blocked, id=20716, stack(0x0000002db5f00000,0x0000002db6000000)]
  0x0000015e22cd8f50 JavaThread "block-manager-storage-async-thread-pool-95" daemon [_thread_blocked, id=16936, stack(0x0000002db6000000,0x0000002db6100000)]
  0x0000015e23902620 JavaThread "block-manager-storage-async-thread-pool-96" daemon [_thread_blocked, id=10056, stack(0x0000002db6100000,0x0000002db6200000)]
  0x0000015e23900cd0 JavaThread "block-manager-storage-async-thread-pool-97" daemon [_thread_blocked, id=20848, stack(0x0000002db6200000,0x0000002db6300000)]
  0x0000015e22cd9460 JavaThread "block-manager-ask-thread-pool-62" daemon [_thread_blocked, id=15140, stack(0x0000002db6300000,0x0000002db6400000)]
  0x0000015e22a600c0 JavaThread "block-manager-ask-thread-pool-63" daemon [_thread_blocked, id=15180, stack(0x0000002db6400000,0x0000002db6500000)]
  0x0000015e22e49c70 JavaThread "block-manager-ask-thread-pool-64" daemon [_thread_blocked, id=1156, stack(0x0000002db6500000,0x0000002db6600000)]
  0x0000015e2349a230 JavaThread "block-manager-ask-thread-pool-65" daemon [_thread_blocked, id=6000, stack(0x0000002db6600000,0x0000002db6700000)]
  0x0000015e24d578c0 JavaThread "block-manager-storage-async-thread-pool-98" daemon [_thread_blocked, id=24024, stack(0x0000002db6700000,0x0000002db6800000)]
  0x0000015e24d57dd0 JavaThread "block-manager-storage-async-thread-pool-99" daemon [_thread_blocked, id=2308, stack(0x0000002db5300000,0x0000002db5400000)]
  0x0000015e24d587f0 JavaThread "block-manager-ask-thread-pool-66" daemon [_thread_blocked, id=23664, stack(0x0000002db5500000,0x0000002db5600000)]
  0x0000015e24e51e40 JavaThread "block-manager-ask-thread-pool-67" daemon [_thread_blocked, id=21552, stack(0x0000002db6800000,0x0000002db6900000)]
  0x0000015e22e46ee0 JavaThread "block-manager-ask-thread-pool-68" daemon [_thread_blocked, id=7292, stack(0x0000002db6900000,0x0000002db6a00000)]
  0x0000015e22cdb2c0 JavaThread "block-manager-ask-thread-pool-69" daemon [_thread_blocked, id=18620, stack(0x0000002db6a00000,0x0000002db6b00000)]
  0x0000015e22cd9e80 JavaThread "block-manager-ask-thread-pool-70" daemon [_thread_blocked, id=24136, stack(0x0000002db6b00000,0x0000002db6c00000)]
  0x0000015e1b1d7ac0 JavaThread "block-manager-ask-thread-pool-71" daemon [_thread_blocked, id=4476, stack(0x0000002db6c00000,0x0000002db6d00000)]
  0x0000015e22e4a690 JavaThread "block-manager-ask-thread-pool-72" daemon [_thread_blocked, id=9528, stack(0x0000002db6d00000,0x0000002db6e00000)]
  0x0000015e22cd8020 JavaThread "block-manager-ask-thread-pool-73" daemon [_thread_blocked, id=1640, stack(0x0000002db6e00000,0x0000002db6f00000)]
  0x0000015e228c3c20 JavaThread "block-manager-ask-thread-pool-74" daemon [_thread_blocked, id=22980, stack(0x0000002db6f00000,0x0000002db7000000)]
  0x0000015e22e47900 JavaThread "block-manager-ask-thread-pool-75" daemon [_thread_blocked, id=2600, stack(0x0000002db7000000,0x0000002db7100000)]
  0x0000015e2349cfc0 JavaThread "block-manager-ask-thread-pool-76" daemon [_thread_blocked, id=23712, stack(0x0000002db7100000,0x0000002db7200000)]
  0x0000015e22e48d40 JavaThread "block-manager-ask-thread-pool-77" daemon [_thread_blocked, id=9864, stack(0x0000002db7200000,0x0000002db7300000)]
  0x0000015e1a974dc0 JavaThread "shuffle-exchange-12" daemon [_thread_blocked, id=23324, stack(0x0000002db7300000,0x0000002db7400000)]
  0x0000015e23902b30 JavaThread "ResultQueryStageExecution-8" daemon [_thread_blocked, id=12316, stack(0x0000002db7600000,0x0000002db7700000)]
  0x0000015e23903040 JavaThread "shuffle-exchange-13" daemon [_thread_blocked, id=8676, stack(0x0000002db7700000,0x0000002db7800000)]
  0x0000015e239011e0 JavaThread "block-manager-ask-thread-pool-78" daemon [_thread_blocked, id=18844, stack(0x0000002db7800000,0x0000002db7900000)]
  0x0000015e1b1d84e0 JavaThread "block-manager-ask-thread-pool-79" daemon [_thread_blocked, id=7716, stack(0x0000002db7900000,0x0000002db7a00000)]
  0x0000015e228c4640 JavaThread "block-manager-ask-thread-pool-80" daemon [_thread_blocked, id=3588, stack(0x0000002db7a00000,0x0000002db7b00000)]
  0x0000015e22cd8a40 JavaThread "block-manager-ask-thread-pool-81" daemon [_thread_blocked, id=21516, stack(0x0000002db7400000,0x0000002db7500000)]
  0x0000015e245042c0 JavaThread "shuffle-exchange-14" daemon [_thread_blocked, id=4612, stack(0x0000002db7500000,0x0000002db7600000)]
  0x0000015e24503390 JavaThread "ResultQueryStageExecution-9" daemon [_thread_blocked, id=24120, stack(0x0000002db7b00000,0x0000002db7c00000)]
  0x0000015e2349d4d0 JavaThread "shuffle-exchange-15" daemon [_thread_blocked, id=22080, stack(0x0000002db7d00000,0x0000002db7e00000)]
  0x0000015e2349d9e0 JavaThread "shuffle-exchange-16" daemon [_thread_blocked, id=9984, stack(0x0000002db7e00000,0x0000002db7f00000)]
  0x0000015e24e51930 JavaThread "block-manager-ask-thread-pool-82" daemon [_thread_blocked, id=24304, stack(0x0000002db7f00000,0x0000002db8000000)]
  0x0000015e238ff890 JavaThread "block-manager-ask-thread-pool-83" daemon [_thread_blocked, id=6968, stack(0x0000002db8000000,0x0000002db8100000)]
  0x0000015e24e52350 JavaThread "block-manager-ask-thread-pool-84" daemon [_thread_blocked, id=8408, stack(0x0000002db8100000,0x0000002db8200000)]
  0x0000015e1d517570 JavaThread "block-manager-ask-thread-pool-85" daemon [_thread_blocked, id=24456, stack(0x0000002db8300000,0x0000002db8400000)]
  0x0000015e239016f0 JavaThread "block-manager-ask-thread-pool-86" daemon [_thread_blocked, id=5328, stack(0x0000002db8400000,0x0000002db8500000)]
  0x0000015e245047d0 JavaThread "block-manager-ask-thread-pool-87" daemon [_thread_blocked, id=24048, stack(0x0000002db8500000,0x0000002db8600000)]
  0x0000015e23082e80 JavaThread "block-manager-ask-thread-pool-88" daemon [_thread_blocked, id=17704, stack(0x0000002db8600000,0x0000002db8700000)]
  0x0000015e24502460 JavaThread "block-manager-ask-thread-pool-89" daemon [_thread_blocked, id=10556, stack(0x0000002db8700000,0x0000002db8800000)]
  0x0000015e1d51a810 JavaThread "block-manager-ask-thread-pool-90" daemon [_thread_blocked, id=24188, stack(0x0000002db8800000,0x0000002db8900000)]
  0x0000015e2349a740 JavaThread "block-manager-ask-thread-pool-91" daemon [_thread_blocked, id=9696, stack(0x0000002db8900000,0x0000002db8a00000)]
  0x0000015e228c4b50 JavaThread "block-manager-ask-thread-pool-92" daemon [_thread_blocked, id=19220, stack(0x0000002db8a00000,0x0000002db8b00000)]
  0x0000015e1a3a2a80 JavaThread "block-manager-ask-thread-pool-93" daemon [_thread_blocked, id=3464, stack(0x0000002db8b00000,0x0000002db8c00000)]
  0x0000015e22a5f190 JavaThread "block-manager-ask-thread-pool-94" daemon [_thread_blocked, id=16236, stack(0x0000002db8c00000,0x0000002db8d00000)]
  0x0000015e1a3a48e0 JavaThread "block-manager-ask-thread-pool-95" daemon [_thread_blocked, id=24012, stack(0x0000002db8d00000,0x0000002db8e00000)]
  0x0000015e245051f0 JavaThread "block-manager-ask-thread-pool-96" daemon [_thread_blocked, id=24560, stack(0x0000002db8e00000,0x0000002db8f00000)]
  0x0000015e1ac2b200 JavaThread "block-manager-ask-thread-pool-97" daemon [_thread_blocked, id=24184, stack(0x0000002db8f00000,0x0000002db9000000)]
  0x0000015e228c4130 JavaThread "block-manager-ask-thread-pool-98" daemon [_thread_blocked, id=22356, stack(0x0000002db9000000,0x0000002db9100000)]
  0x0000015e1a972f60 JavaThread "block-manager-ask-thread-pool-99" daemon [_thread_blocked, id=19076, stack(0x0000002db9100000,0x0000002db9200000)]
  0x0000015e22c0bbd0 JavaThread "broadcast-exchange-0" daemon [_thread_blocked, id=11336, stack(0x0000002db8200000,0x0000002db8300000)]
  0x0000015e23083390 JavaThread "broadcast-exchange-1" daemon [_thread_blocked, id=16272, stack(0x0000002db9200000,0x0000002db9300000)]
  0x0000015e230838a0 JavaThread "broadcast-exchange-2" daemon [_thread_blocked, id=7216, stack(0x0000002db9300000,0x0000002db9400000)]
  0x0000015e22c0d010 JavaThread "shuffle-exchange-17" daemon [_thread_blocked, id=13260, stack(0x0000002db9500000,0x0000002db9600000)]
  0x0000015e1a975cf0 JavaThread "shuffle-exchange-18" daemon [_thread_blocked, id=24344, stack(0x0000002db9600000,0x0000002db9700000)]
  0x0000015e22c0c0e0 JavaThread "ResultQueryStageExecution-10" daemon [_thread_blocked, id=5052, stack(0x0000002db9700000,0x0000002db9800000)]
  0x0000015e1a976200 JavaThread "shuffle-exchange-19" daemon [_thread_blocked, id=4208, stack(0x0000002db9800000,0x0000002db9900000)]
  0x0000015e24501a40 JavaThread "shuffle-exchange-20" daemon [_thread_blocked, id=1348, stack(0x0000002db7c00000,0x0000002db7d00000)]
  0x0000015e24504ce0 JavaThread "ResultQueryStageExecution-11" daemon [_thread_blocked, id=5992, stack(0x0000002db9900000,0x0000002db9a00000)]
  0x0000015e2347b790 JavaThread "shuffle-exchange-21" daemon [_thread_blocked, id=9632, stack(0x0000002db9a00000,0x0000002db9b00000)]
  0x0000015e24503db0 JavaThread "shuffle-exchange-22" daemon [_thread_blocked, id=13344, stack(0x0000002da8900000,0x0000002da8a00000)]
  0x0000015e1d518ec0 JavaThread "block-manager-storage-async-thread-pool-100" daemon [_thread_blocked, id=18864, stack(0x0000002da9c00000,0x0000002da9d00000)]
  0x0000015e1a3a2060 JavaThread "block-manager-storage-async-thread-pool-101" daemon [_thread_blocked, id=6864, stack(0x0000002da9d00000,0x0000002da9e00000)]
  0x0000015e22f754b0 JavaThread "block-manager-storage-async-thread-pool-102" daemon [_thread_blocked, id=18924, stack(0x0000002da9f00000,0x0000002daa000000)]
  0x0000015e2349b160 JavaThread "block-manager-ask-thread-pool-100" daemon [_thread_blocked, id=9688, stack(0x0000002db9400000,0x0000002db9500000)]
  0x0000015e22a60ae0 JavaThread "block-manager-ask-thread-pool-101" daemon [_thread_blocked, id=15840, stack(0x0000002db9b00000,0x0000002db9c00000)]
  0x0000015e23081f50 JavaThread "ResultQueryStageExecution-12" daemon [_thread_blocked, id=18704, stack(0x0000002da8c00000,0x0000002da8d00000)]
  0x0000015e228c5570 JavaThread "Cleaner-1" daemon [_thread_blocked, id=9440, stack(0x0000002daa200000,0x0000002daa300000)]
  0x0000015e2347d0e0 JavaThread "read-ahead" daemon [_thread_blocked, id=6708, stack(0x0000002daa600000,0x0000002daa700000)]
  0x0000015e220d2b40 JavaThread "read-ahead" daemon [_thread_blocked, id=3040, stack(0x0000002daa900000,0x0000002daaa00000)]
  0x0000015e2347c1b0 JavaThread "read-ahead" daemon [_thread_blocked, id=14180, stack(0x0000002dade00000,0x0000002dadf00000)]
  0x0000015e220d7220 JavaThread "read-ahead" daemon [_thread_blocked, id=1176, stack(0x0000002db9c00000,0x0000002db9d00000)]
  0x0000015e23c69b60 JavaThread "read-ahead" daemon [_thread_blocked, id=18040, stack(0x0000002db9d00000,0x0000002db9e00000)]
  0x0000015e1992f4a0 JavaThread "read-ahead" daemon [_thread_blocked, id=1564, stack(0x0000002db9e00000,0x0000002db9f00000)]
  0x0000015e1992f9b0 JavaThread "read-ahead" daemon [_thread_blocked, id=14684, stack(0x0000002dba000000,0x0000002dba100000)]
  0x0000015e220d8660 JavaThread "read-ahead" daemon [_thread_blocked, id=2904, stack(0x0000002dba100000,0x0000002dba200000)]
  0x0000015e24d58d00 JavaThread "read-ahead" daemon [_thread_blocked, id=21412, stack(0x0000002dba200000,0x0000002dba300000)]
  0x0000015e22f72720 JavaThread "read-ahead" daemon [_thread_blocked, id=23304, stack(0x0000002dba300000,0x0000002dba400000)]
  0x0000015e220d62f0 JavaThread "read-ahead" daemon [_thread_blocked, id=23976, stack(0x0000002dba400000,0x0000002dba500000)]
  0x0000015e23083db0 JavaThread "read-ahead" daemon [_thread_blocked, id=21212, stack(0x0000002dba500000,0x0000002dba600000)]
  0x0000015e230842c0 JavaThread "read-ahead" daemon [_thread_blocked, id=19696, stack(0x0000002dba700000,0x0000002dba800000)]
  0x0000015e2347b280 JavaThread "read-ahead" daemon [_thread_blocked, id=7704, stack(0x0000002dba800000,0x0000002dba900000)]
  0x0000015e2347a350 JavaThread "read-ahead" daemon [_thread_blocked, id=5420, stack(0x0000002dba900000,0x0000002dbaa00000)]
  0x0000015e1d5198e0 JavaThread "read-ahead" daemon [_thread_blocked, id=8168, stack(0x0000002dbaa00000,0x0000002dbab00000)]
  0x0000015e1d517060 JavaThread "read-ahead" daemon [_thread_blocked, id=23996, stack(0x0000002daae00000,0x0000002daaf00000)]
  0x0000015e2347c6c0 JavaThread "read-ahead" daemon [_thread_blocked, id=5564, stack(0x0000002daaf00000,0x0000002dab000000)]
  0x0000015e24d55f70 JavaThread "read-ahead" daemon [_thread_blocked, id=21912, stack(0x0000002dbab00000,0x0000002dbac00000)]
  0x0000015e1d517f90 JavaThread "read-ahead" daemon [_thread_blocked, id=11748, stack(0x0000002dbac00000,0x0000002dbad00000)]
  0x0000015e1d517a80 JavaThread "read-ahead" daemon [_thread_blocked, id=15472, stack(0x0000002dbad00000,0x0000002dbae00000)]
  0x0000015e1d612690 JavaThread "read-ahead" daemon [_thread_blocked, id=24384, stack(0x0000002dbae00000,0x0000002dbaf00000)]
  0x0000015e2347cbd0 JavaThread "read-ahead" daemon [_thread_blocked, id=16540, stack(0x0000002dab600000,0x0000002dab700000)]
  0x0000015e23082970 JavaThread "read-ahead" daemon [_thread_blocked, id=8932, stack(0x0000002dbaf00000,0x0000002dbb000000)]
  0x0000015e1d60eee0 JavaThread "read-ahead" daemon [_thread_blocked, id=14472, stack(0x0000002dbb000000,0x0000002dbb100000)]
  0x0000015e24502970 JavaThread "read-ahead" daemon [_thread_blocked, id=5332, stack(0x0000002dbb100000,0x0000002dbb200000)]
  0x0000015e1d612ba0 JavaThread "read-ahead" daemon [_thread_blocked, id=7288, stack(0x0000002dbb200000,0x0000002dbb300000)]
  0x0000015e228c5f90 JavaThread "read-ahead" daemon [_thread_blocked, id=3604, stack(0x0000002dbb300000,0x0000002dbb400000)]
  0x0000015e220d49a0 JavaThread "read-ahead" daemon [_thread_blocked, id=22500, stack(0x0000002dbb400000,0x0000002dbb500000)]
  0x0000015e1b7323d0 JavaThread "read-ahead" daemon [_thread_blocked, id=3704, stack(0x0000002dbb500000,0x0000002dbb600000)]
  0x0000015e1b7328e0 JavaThread "read-ahead" daemon [_thread_blocked, id=15924, stack(0x0000002dbb600000,0x0000002dbb700000)]
  0x0000015e230847d0 JavaThread "read-ahead" daemon [_thread_blocked, id=3444, stack(0x0000002dbb700000,0x0000002dbb800000)]
  0x0000015e22c0c5f0 JavaThread "read-ahead" daemon [_thread_blocked, id=3828, stack(0x0000002daac00000,0x0000002daad00000)]
  0x0000015e1b731ec0 JavaThread "read-ahead" daemon [_thread_blocked, id=19184, stack(0x0000002dbb900000,0x0000002dbba00000)]
  0x0000015e22c0e960 JavaThread "read-ahead" daemon [_thread_blocked, id=19036, stack(0x0000002daa400000,0x0000002daa500000)]
  0x0000015e22e49760 JavaThread "read-ahead" daemon [_thread_blocked, id=1876, stack(0x0000002daaa00000,0x0000002daab00000)]
  0x0000015e22f72c30 JavaThread "read-ahead" daemon [_thread_blocked, id=8132, stack(0x0000002dac900000,0x0000002daca00000)]
  0x0000015e22e53ec0 JavaThread "read-ahead" daemon [_thread_blocked, id=23636, stack(0x0000002dad800000,0x0000002dad900000)]
  0x0000015e23953790 JavaThread "read-ahead" daemon [_thread_blocked, id=11100, stack(0x0000002dad900000,0x0000002dada00000)]
  0x0000015e22e543d0 JavaThread "read-ahead" daemon [_thread_blocked, id=2692, stack(0x0000002db9f00000,0x0000002dba000000)]
  0x0000015e22a5f6a0 JavaThread "read-ahead" daemon [_thread_blocked, id=23708, stack(0x0000002dae200000,0x0000002dae300000)]
  0x0000015e231a5310 JavaThread "read-ahead" daemon [_thread_blocked, id=10448, stack(0x0000002dba600000,0x0000002dba700000)]
  0x0000015e22c0da30 JavaThread "read-ahead" daemon [_thread_blocked, id=10660, stack(0x0000002dbb800000,0x0000002dbb900000)]
  0x0000015e225e63b0 JavaThread "read-ahead" daemon [_thread_blocked, id=3416, stack(0x0000002dac600000,0x0000002dac700000)]
  0x0000015e225e5480 JavaThread "read-ahead" daemon [_thread_blocked, id=13128, stack(0x0000002dace00000,0x0000002dacf00000)]
  0x0000015e23081020 JavaThread "read-ahead" daemon [_thread_blocked, id=14476, stack(0x0000002dae700000,0x0000002dae800000)]
  0x0000015e1a774ef0 JavaThread "read-ahead" daemon [_thread_blocked, id=12660, stack(0x0000002dbbd00000,0x0000002dbbe00000)]
  0x0000015e22a5fbb0 JavaThread "read-ahead" daemon [_thread_blocked, id=16536, stack(0x0000002dae800000,0x0000002dae900000)]
  0x0000015e24d3f450 JavaThread "read-ahead" daemon [_thread_blocked, id=21320, stack(0x0000002dae900000,0x0000002daea00000)]
  0x0000015e24502e80 JavaThread "read-ahead" daemon [_thread_blocked, id=24028, stack(0x0000002daee00000,0x0000002daef00000)]
  0x0000015e22c670a0 JavaThread "read-ahead" daemon [_thread_blocked, id=14972, stack(0x0000002daf100000,0x0000002daf200000)]
  0x0000015e1b733300 JavaThread "read-ahead" daemon [_thread_blocked, id=5920, stack(0x0000002daf500000,0x0000002daf600000)]
  0x0000015e22c0ee70 JavaThread "Thread-0" [_thread_blocked, id=21916, stack(0x0000002daba00000,0x0000002dabb00000)]
  0x0000015e245038a0 JavaThread "shutdown-hook-0" daemon [_thread_blocked, id=19428, stack(0x0000002dabb00000,0x0000002dabc00000)]
=>0x0000015e1a776840 JavaThread "read-ahead" daemon [_thread_in_Java, id=9708, stack(0x0000002da7b00000,0x0000002da7c00000)]
  0x0000015e22c65240 JavaThread "read-ahead" daemon [_thread_in_Java, id=4632, stack(0x0000002da8400000,0x0000002da8500000)]
  0x0000015e22c65c60 JavaThread "ForkJoinPool.commonPool-worker-5" daemon [_thread_blocked, id=21176, stack(0x0000002da6d00000,0x0000002da6e00000)]
  0x0000015e1a775400 JavaThread "ForkJoinPool.commonPool-worker-6" daemon [_thread_blocked, id=6092, stack(0x0000002da6e00000,0x0000002da6f00000)]

Other Threads:
  0x0000015dd08caea0 VMThread "VM Thread" [stack: 0x0000002da3500000,0x0000002da3600000] [id=13796] _threads_hazard_ptr=0x0000015e245fa9b0
  0x0000015db4ec2730 WatcherThread [stack: 0x0000002da4200000,0x0000002da4300000] [id=17956]
  0x0000015db72a84e0 GCTaskThread "GC Thread#0" [stack: 0x0000002da3000000,0x0000002da3100000] [id=2424]
  0x0000015e1a7ce6f0 GCTaskThread "GC Thread#1" [stack: 0x0000002da4400000,0x0000002da4500000] [id=2732]
  0x0000015e1a7ce170 GCTaskThread "GC Thread#2" [stack: 0x0000002da4500000,0x0000002da4600000] [id=16404]
  0x0000015e1a7ce430 GCTaskThread "GC Thread#3" [stack: 0x0000002da4600000,0x0000002da4700000] [id=6344]
  0x0000015e1a7cd0f0 GCTaskThread "GC Thread#4" [stack: 0x0000002da4700000,0x0000002da4800000] [id=23956]
  0x0000015e1ac85680 GCTaskThread "GC Thread#5" [stack: 0x0000002da4800000,0x0000002da4900000] [id=10576]
  0x0000015e1ac83dc0 GCTaskThread "GC Thread#6" [stack: 0x0000002da4900000,0x0000002da4a00000] [id=9168]
  0x0000015e1ac84340 GCTaskThread "GC Thread#7" [stack: 0x0000002da4a00000,0x0000002da4b00000] [id=19020]
  0x0000015e1ac82a80 GCTaskThread "GC Thread#8" [stack: 0x0000002da4b00000,0x0000002da4c00000] [id=13564]
  0x0000015e1ac86180 GCTaskThread "GC Thread#9" [stack: 0x0000002da4c00000,0x0000002da4d00000] [id=10800]
  0x0000015e1ac83000 GCTaskThread "GC Thread#10" [stack: 0x0000002da4d00000,0x0000002da4e00000] [id=11452]
  0x0000015db72ad1c0 ConcurrentGCThread "G1 Main Marker" [stack: 0x0000002da3100000,0x0000002da3200000] [id=13800]
  0x0000015dd07173c0 ConcurrentGCThread "G1 Conc#0" [stack: 0x0000002da3200000,0x0000002da3300000] [id=20604]
  0x0000015e1ac848c0 ConcurrentGCThread "G1 Conc#1" [stack: 0x0000002da4e00000,0x0000002da4f00000] [id=10988]
  0x0000015e1ac85940 ConcurrentGCThread "G1 Conc#2" [stack: 0x0000002da4f00000,0x0000002da5000000] [id=22368]
  0x0000015dd07ff040 ConcurrentGCThread "G1 Refine#0" [stack: 0x0000002da3300000,0x0000002da3400000] [id=2092]
  0x0000015dd07ff720 ConcurrentGCThread "G1 Service" [stack: 0x0000002da3400000,0x0000002da3500000] [id=16080]

Threads with active compile tasks:
C2 CompilerThread0    87324 23365       4       java.io.ObjectStreamClass::getReflector (100 bytes)
C1 CompilerThread0    87324 23379       3       java.lang.invoke.AbstractValidatingLambdaMetafactory::validateMetafactoryArgs (607 bytes)

VM state: not at safepoint (normal execution)

VM Mutex/Monitor currently owned by a thread:  ([mutex/lock_event])
[0x0000015db4f7bca0] Compile_lock - owner thread: 0x0000015e1c25cc50
[0x0000015db4f7a500] MethodCompileQueue_lock - owner thread: 0x0000015dd08f5820

OutOfMemory and StackOverflow Exception counts:
OutOfMemoryError java_heap_errors=3
LinkageErrors=800

Heap address: 0x00000000c0000000, size: 1024 MB, Compressed Oops mode: 32-bit

CDS archive(s) mapped at: [0x0000015dd4000000-0x0000015dd4bd0000-0x0000015dd4bd0000), size 12386304, SharedBaseAddress: 0x0000015dd4000000, ArchiveRelocationMode: 1.
Compressed class space mapped at: 0x0000015dd5000000-0x0000015e15000000, reserved size: 1073741824
Narrow klass base: 0x0000015dd4000000, Narrow klass shift: 0, Narrow klass range: 0x100000000

GC Precious Log:
 CPUs: 14 total, 14 available
 Memory: 15804M
 Large Page Support: Disabled
 NUMA Support: Disabled
 Compressed Oops: Enabled (32-bit)
 Heap Region Size: 1M
 Heap Min Capacity: 8M
 Heap Initial Capacity: 248M
 Heap Max Capacity: 1G
 Pre-touch: Disabled
 Parallel Workers: 11
 Concurrent Workers: 3
 Concurrent Refinement Workers: 11
 Periodic GC: Disabled

Heap:
 garbage-first heap   total 1048576K, used 934357K [0x00000000c0000000, 0x0000000100000000)
  region size 1024K, 95 young (97280K), 3 survivors (3072K)
 Metaspace       used 152018K, committed 156544K, reserved 1245184K
  class space    used 19812K, committed 21376K, reserved 1048576K

Heap Regions: E=young(eden), S=young(survivor), O=old, HS=humongous(starts), HC=humongous(continues), CS=collection set, F=free, OA=open archive, CA=closed archive, TAMS=top-at-mark-start (previous, next)
|   0|0x00000000c0000000, 0x00000000c0100000, 0x00000000c0100000|100%|HS|  |TAMS 0x00000000c0100000, 0x00000000c0000000| Complete 
|   1|0x00000000c0100000, 0x00000000c0200000, 0x00000000c0200000|100%|HS|  |TAMS 0x00000000c0200000, 0x00000000c0100000| Complete 
|   2|0x00000000c0200000, 0x00000000c0300000, 0x00000000c0300000|100%|HC|  |TAMS 0x00000000c0300000, 0x00000000c0200000| Complete 
|   3|0x00000000c0300000, 0x00000000c0400000, 0x00000000c0400000|100%|HS|  |TAMS 0x00000000c0400000, 0x00000000c0300000| Complete 
|   4|0x00000000c0400000, 0x00000000c0500000, 0x00000000c0500000|100%|HC|  |TAMS 0x00000000c0500000, 0x00000000c0400000| Complete 
|   5|0x00000000c0500000, 0x00000000c0600000, 0x00000000c0600000|100%|HC|  |TAMS 0x00000000c0600000, 0x00000000c0500000| Complete 
|   6|0x00000000c0600000, 0x00000000c0700000, 0x00000000c0700000|100%|HS|  |TAMS 0x00000000c0700000, 0x00000000c0600000| Complete 
|   7|0x00000000c0700000, 0x00000000c0800000, 0x00000000c0800000|100%|HS|  |TAMS 0x00000000c0800000, 0x00000000c0700000| Complete 
|   8|0x00000000c0800000, 0x00000000c0900000, 0x00000000c0900000|100%|HS|  |TAMS 0x00000000c0900000, 0x00000000c0800000| Complete 
|   9|0x00000000c0900000, 0x00000000c0a00000, 0x00000000c0a00000|100%|HS|  |TAMS 0x00000000c0a00000, 0x00000000c0900000| Complete 
|  10|0x00000000c0a00000, 0x00000000c0b00000, 0x00000000c0b00000|100%|HS|  |TAMS 0x00000000c0b00000, 0x00000000c0a00000| Complete 
|  11|0x00000000c0b00000, 0x00000000c0bffff8, 0x00000000c0c00000| 99%| O|  |TAMS 0x00000000c0bffff8, 0x00000000c0b00000| Untracked 
|  12|0x00000000c0c00000, 0x00000000c0cffff8, 0x00000000c0d00000| 99%| O|  |TAMS 0x00000000c0cffff8, 0x00000000c0c00000| Untracked 
|  13|0x00000000c0d00000, 0x00000000c0dfddb8, 0x00000000c0e00000| 99%| O|  |TAMS 0x00000000c0dfddb8, 0x00000000c0d00000| Untracked 
|  14|0x00000000c0e00000, 0x00000000c0effff8, 0x00000000c0f00000| 99%| O|  |TAMS 0x00000000c0effff8, 0x00000000c0e00000| Untracked 
|  15|0x00000000c0f00000, 0x00000000c0ffff98, 0x00000000c1000000| 99%| O|  |TAMS 0x00000000c0ffff98, 0x00000000c0f00000| Untracked 
|  16|0x00000000c1000000, 0x00000000c10fffe8, 0x00000000c1100000| 99%| O|  |TAMS 0x00000000c10fffe8, 0x00000000c1000000| Untracked 
|  17|0x00000000c1100000, 0x00000000c11ffff8, 0x00000000c1200000| 99%| O|  |TAMS 0x00000000c11ffff8, 0x00000000c1100000| Untracked 
|  18|0x00000000c1200000, 0x00000000c12fffd0, 0x00000000c1300000| 99%| O|  |TAMS 0x00000000c12fffd0, 0x00000000c1200000| Untracked 
|  19|0x00000000c1300000, 0x00000000c13ffab0, 0x00000000c1400000| 99%| O|  |TAMS 0x00000000c13ffab0, 0x00000000c1300000| Untracked 
|  20|0x00000000c1400000, 0x00000000c14fffc0, 0x00000000c1500000| 99%| O|  |TAMS 0x00000000c14fffc0, 0x00000000c1400000| Untracked 
|  21|0x00000000c1500000, 0x00000000c15ffff0, 0x00000000c1600000| 99%| O|  |TAMS 0x00000000c15ffff0, 0x00000000c1500000| Untracked 
|  22|0x00000000c1600000, 0x00000000c16ffff8, 0x00000000c1700000| 99%| O|  |TAMS 0x00000000c16ffff8, 0x00000000c1600000| Untracked 
|  23|0x00000000c1700000, 0x00000000c17ffff8, 0x00000000c1800000| 99%| O|  |TAMS 0x00000000c17ffff8, 0x00000000c1700000| Untracked 
|  24|0x00000000c1800000, 0x00000000c18fffc0, 0x00000000c1900000| 99%| O|  |TAMS 0x00000000c18fffc0, 0x00000000c1800000| Untracked 
|  25|0x00000000c1900000, 0x00000000c19f83d8, 0x00000000c1a00000| 96%| O|  |TAMS 0x00000000c19f83d8, 0x00000000c1900000| Untracked 
|  26|0x00000000c1a00000, 0x00000000c1b00000, 0x00000000c1b00000|100%|HS|  |TAMS 0x00000000c1b00000, 0x00000000c1a00000| Complete 
|  27|0x00000000c1b00000, 0x00000000c1bffff8, 0x00000000c1c00000| 99%| O|  |TAMS 0x00000000c1bffff8, 0x00000000c1b00000| Untracked 
|  28|0x00000000c1c00000, 0x00000000c1cfffe0, 0x00000000c1d00000| 99%| O|  |TAMS 0x00000000c1cfffe0, 0x00000000c1c00000| Untracked 
|  29|0x00000000c1d00000, 0x00000000c1dfffd8, 0x00000000c1e00000| 99%| O|  |TAMS 0x00000000c1dfffd8, 0x00000000c1d00000| Untracked 
|  30|0x00000000c1e00000, 0x00000000c1effff8, 0x00000000c1f00000| 99%| O|  |TAMS 0x00000000c1effff8, 0x00000000c1e00000| Untracked 
|  31|0x00000000c1f00000, 0x00000000c1fffeb8, 0x00000000c2000000| 99%| O|  |TAMS 0x00000000c1fffeb8, 0x00000000c1f00000| Untracked 
|  32|0x00000000c2000000, 0x00000000c20fffe8, 0x00000000c2100000| 99%| O|  |TAMS 0x00000000c20fffe8, 0x00000000c2000000| Untracked 
|  33|0x00000000c2100000, 0x00000000c21fffc0, 0x00000000c2200000| 99%| O|  |TAMS 0x00000000c21fffc0, 0x00000000c2100000| Untracked 
|  34|0x00000000c2200000, 0x00000000c22ffff8, 0x00000000c2300000| 99%| O|  |TAMS 0x00000000c22ffff8, 0x00000000c2200000| Untracked 
|  35|0x00000000c2300000, 0x00000000c23fff10, 0x00000000c2400000| 99%| O|  |TAMS 0x00000000c23fff10, 0x00000000c2300000| Untracked 
|  36|0x00000000c2400000, 0x00000000c24fffd0, 0x00000000c2500000| 99%| O|  |TAMS 0x00000000c24fffd0, 0x00000000c2400000| Untracked 
|  37|0x00000000c2500000, 0x00000000c25fffb8, 0x00000000c2600000| 99%| O|  |TAMS 0x00000000c25fffb8, 0x00000000c2500000| Untracked 
|  38|0x00000000c2600000, 0x00000000c26fffe0, 0x00000000c2700000| 99%| O|  |TAMS 0x00000000c26fffe0, 0x00000000c2600000| Untracked 
|  39|0x00000000c2700000, 0x00000000c27fff90, 0x00000000c2800000| 99%| O|  |TAMS 0x00000000c27fff90, 0x00000000c2700000| Untracked 
|  40|0x00000000c2800000, 0x00000000c2900000, 0x00000000c2900000|100%| O|  |TAMS 0x00000000c2900000, 0x00000000c2800000| Untracked 
|  41|0x00000000c2900000, 0x00000000c29f5c68, 0x00000000c2a00000| 96%| O|  |TAMS 0x00000000c29f5c68, 0x00000000c2900000| Untracked 
|  42|0x00000000c2a00000, 0x00000000c2affff0, 0x00000000c2b00000| 99%| O|  |TAMS 0x00000000c2affff0, 0x00000000c2a00000| Untracked 
|  43|0x00000000c2b00000, 0x00000000c2c00000, 0x00000000c2c00000|100%| O|  |TAMS 0x00000000c2c00000, 0x00000000c2b00000| Untracked 
|  44|0x00000000c2c00000, 0x00000000c2d00000, 0x00000000c2d00000|100%| O|  |TAMS 0x00000000c2d00000, 0x00000000c2c00000| Untracked 
|  45|0x00000000c2d00000, 0x00000000c2dfffd8, 0x00000000c2e00000| 99%| O|  |TAMS 0x00000000c2dfffd8, 0x00000000c2d00000| Untracked 
|  46|0x00000000c2e00000, 0x00000000c2effff8, 0x00000000c2f00000| 99%| O|  |TAMS 0x00000000c2effff8, 0x00000000c2e00000| Untracked 
|  47|0x00000000c2f00000, 0x00000000c2fffff8, 0x00000000c3000000| 99%| O|  |TAMS 0x00000000c2fffff8, 0x00000000c2f00000| Untracked 
|  48|0x00000000c3000000, 0x00000000c30ffb08, 0x00000000c3100000| 99%| O|  |TAMS 0x00000000c30ffb08, 0x00000000c3000000| Untracked 
|  49|0x00000000c3100000, 0x00000000c31f54d8, 0x00000000c3200000| 95%| O|  |TAMS 0x00000000c31f54d8, 0x00000000c3100000| Untracked 
|  50|0x00000000c3200000, 0x00000000c32ffff0, 0x00000000c3300000| 99%| O|  |TAMS 0x00000000c32ffff0, 0x00000000c3200000| Untracked 
|  51|0x00000000c3300000, 0x00000000c33ff068, 0x00000000c3400000| 99%| O|  |TAMS 0x00000000c33ff068, 0x00000000c3300000| Untracked 
|  52|0x00000000c3400000, 0x00000000c3500000, 0x00000000c3500000|100%|HS|  |TAMS 0x00000000c3500000, 0x00000000c3400000| Complete 
|  53|0x00000000c3500000, 0x00000000c3600000, 0x00000000c3600000|100%| O|  |TAMS 0x00000000c3600000, 0x00000000c3500000| Untracked 
|  54|0x00000000c3600000, 0x00000000c36f5ab8, 0x00000000c3700000| 95%| O|  |TAMS 0x00000000c36f5ab8, 0x00000000c3600000| Untracked 
|  55|0x00000000c3700000, 0x00000000c37fd858, 0x00000000c3800000| 99%| O|  |TAMS 0x00000000c37fd858, 0x00000000c3700000| Untracked 
|  56|0x00000000c3800000, 0x00000000c38f73f8, 0x00000000c3900000| 96%| O|  |TAMS 0x00000000c38f73f8, 0x00000000c3800000| Untracked 
|  57|0x00000000c3900000, 0x00000000c39fffa8, 0x00000000c3a00000| 99%| O|  |TAMS 0x00000000c39fffa8, 0x00000000c3900000| Untracked 
|  58|0x00000000c3a00000, 0x00000000c3affff8, 0x00000000c3b00000| 99%| O|  |TAMS 0x00000000c3affff8, 0x00000000c3a00000| Untracked 
|  59|0x00000000c3b00000, 0x00000000c3bffff8, 0x00000000c3c00000| 99%| O|  |TAMS 0x00000000c3bffff8, 0x00000000c3b00000| Untracked 
|  60|0x00000000c3c00000, 0x00000000c3cfc560, 0x00000000c3d00000| 98%| O|  |TAMS 0x00000000c3cfc560, 0x00000000c3c00000| Untracked 
|  61|0x00000000c3d00000, 0x00000000c3dff190, 0x00000000c3e00000| 99%| O|  |TAMS 0x00000000c3dff190, 0x00000000c3d00000| Untracked 
|  62|0x00000000c3e00000, 0x00000000c3efff70, 0x00000000c3f00000| 99%| O|  |TAMS 0x00000000c3efff70, 0x00000000c3e00000| Untracked 
|  63|0x00000000c3f00000, 0x00000000c4000000, 0x00000000c4000000|100%|HS|  |TAMS 0x00000000c4000000, 0x00000000c3f00000| Complete 
|  64|0x00000000c4000000, 0x00000000c4100000, 0x00000000c4100000|100%|HS|  |TAMS 0x00000000c4100000, 0x00000000c4000000| Complete 
|  65|0x00000000c4100000, 0x00000000c4200000, 0x00000000c4200000|100%| O|  |TAMS 0x00000000c4100000, 0x00000000c4100000| Untracked 
|  66|0x00000000c4200000, 0x00000000c4300000, 0x00000000c4300000|100%|HS|  |TAMS 0x00000000c4300000, 0x00000000c4200000| Complete 
|  67|0x00000000c4300000, 0x00000000c4400000, 0x00000000c4400000|100%|HS|  |TAMS 0x00000000c4400000, 0x00000000c4300000| Complete 
|  68|0x00000000c4400000, 0x00000000c44ffff8, 0x00000000c4500000| 99%| O|  |TAMS 0x00000000c44ffff8, 0x00000000c4400000| Untracked 
|  69|0x00000000c4500000, 0x00000000c45fffe8, 0x00000000c4600000| 99%| O|  |TAMS 0x00000000c45fffe8, 0x00000000c4500000| Untracked 
|  70|0x00000000c4600000, 0x00000000c4700000, 0x00000000c4700000|100%|HS|  |TAMS 0x00000000c4700000, 0x00000000c4600000| Complete 
|  71|0x00000000c4700000, 0x00000000c47ffcb8, 0x00000000c4800000| 99%| O|  |TAMS 0x00000000c47ffcb8, 0x00000000c4700000| Untracked 
|  72|0x00000000c4800000, 0x00000000c4900000, 0x00000000c4900000|100%| O|  |TAMS 0x00000000c4800000, 0x00000000c4800000| Untracked 
|  73|0x00000000c4900000, 0x00000000c49fc1e8, 0x00000000c4a00000| 98%| O|  |TAMS 0x00000000c49fc1e8, 0x00000000c4900000| Untracked 
|  74|0x00000000c4a00000, 0x00000000c4b00000, 0x00000000c4b00000|100%|HS|  |TAMS 0x00000000c4b00000, 0x00000000c4a00000| Complete 
|  75|0x00000000c4b00000, 0x00000000c4bf1ae0, 0x00000000c4c00000| 94%| O|  |TAMS 0x00000000c4bf1ae0, 0x00000000c4b00000| Untracked 
|  76|0x00000000c4c00000, 0x00000000c4d00000, 0x00000000c4d00000|100%|HS|  |TAMS 0x00000000c4d00000, 0x00000000c4c00000| Complete 
|  77|0x00000000c4d00000, 0x00000000c4e00000, 0x00000000c4e00000|100%|HS|  |TAMS 0x00000000c4e00000, 0x00000000c4d00000| Complete 
|  78|0x00000000c4e00000, 0x00000000c4eff518, 0x00000000c4f00000| 99%| O|  |TAMS 0x00000000c4eff518, 0x00000000c4e00000| Untracked 
|  79|0x00000000c4f00000, 0x00000000c4ffe7f8, 0x00000000c5000000| 99%| O|  |TAMS 0x00000000c4ffe7f8, 0x00000000c4f00000| Untracked 
|  80|0x00000000c5000000, 0x00000000c50ffff8, 0x00000000c5100000| 99%| O|  |TAMS 0x00000000c50ffff8, 0x00000000c5000000| Untracked 
|  81|0x00000000c5100000, 0x00000000c5200000, 0x00000000c5200000|100%| O|  |TAMS 0x00000000c5200000, 0x00000000c5100000| Untracked 
|  82|0x00000000c5200000, 0x00000000c52ffff0, 0x00000000c5300000| 99%| O|  |TAMS 0x00000000c52ffff0, 0x00000000c5200000| Untracked 
|  83|0x00000000c5300000, 0x00000000c5400000, 0x00000000c5400000|100%| O|  |TAMS 0x00000000c5300000, 0x00000000c5300000| Untracked 
|  84|0x00000000c5400000, 0x00000000c5500000, 0x00000000c5500000|100%| O|  |TAMS 0x00000000c5400000, 0x00000000c5400000| Untracked 
|  85|0x00000000c5500000, 0x00000000c55ff970, 0x00000000c5600000| 99%| O|  |TAMS 0x00000000c55ff970, 0x00000000c5500000| Untracked 
|  86|0x00000000c5600000, 0x00000000c56ffff8, 0x00000000c5700000| 99%| O|  |TAMS 0x00000000c56ffff8, 0x00000000c5600000| Untracked 
|  87|0x00000000c5700000, 0x00000000c57ffff8, 0x00000000c5800000| 99%| O|  |TAMS 0x00000000c57ffff8, 0x00000000c5700000| Untracked 
|  88|0x00000000c5800000, 0x00000000c58ffc68, 0x00000000c5900000| 99%| O|  |TAMS 0x00000000c58ffc68, 0x00000000c5800000| Untracked 
|  89|0x00000000c5900000, 0x00000000c59fc4f0, 0x00000000c5a00000| 98%| O|  |TAMS 0x00000000c59fc4f0, 0x00000000c5900000| Untracked 
|  90|0x00000000c5a00000, 0x00000000c5acf4b0, 0x00000000c5b00000| 80%| O|  |TAMS 0x00000000c5acf4b0, 0x00000000c5a00000| Untracked 
|  91|0x00000000c5b00000, 0x00000000c5bf85e8, 0x00000000c5c00000| 97%| O|  |TAMS 0x00000000c5bf85e8, 0x00000000c5b00000| Untracked 
|  92|0x00000000c5c00000, 0x00000000c5cecea0, 0x00000000c5d00000| 92%| O|  |TAMS 0x00000000c5cecea0, 0x00000000c5c00000| Untracked 
|  93|0x00000000c5d00000, 0x00000000c5e00000, 0x00000000c5e00000|100%| O|  |TAMS 0x00000000c5d00000, 0x00000000c5d00000| Untracked 
|  94|0x00000000c5e00000, 0x00000000c5f00000, 0x00000000c5f00000|100%| O|  |TAMS 0x00000000c5f00000, 0x00000000c5e00000| Untracked 
|  95|0x00000000c5f00000, 0x00000000c6000000, 0x00000000c6000000|100%| O|  |TAMS 0x00000000c5f00000, 0x00000000c5f00000| Untracked 
|  96|0x00000000c6000000, 0x00000000c60f84a0, 0x00000000c6100000| 96%| O|  |TAMS 0x00000000c60f84a0, 0x00000000c6000000| Untracked 
|  97|0x00000000c6100000, 0x00000000c61ff080, 0x00000000c6200000| 99%| O|  |TAMS 0x00000000c61ff080, 0x00000000c6100000| Untracked 
|  98|0x00000000c6200000, 0x00000000c62e02a8, 0x00000000c6300000| 87%| O|  |TAMS 0x00000000c62e02a8, 0x00000000c6200000| Untracked 
|  99|0x00000000c6300000, 0x00000000c6400000, 0x00000000c6400000|100%| O|  |TAMS 0x00000000c6300000, 0x00000000c6300000| Untracked 
| 100|0x00000000c6400000, 0x00000000c6500000, 0x00000000c6500000|100%| O|  |TAMS 0x00000000c6400000, 0x00000000c6400000| Untracked 
| 101|0x00000000c6500000, 0x00000000c6600000, 0x00000000c6600000|100%|HS|  |TAMS 0x00000000c6600000, 0x00000000c6500000| Complete 
| 102|0x00000000c6600000, 0x00000000c66ff828, 0x00000000c6700000| 99%| O|  |TAMS 0x00000000c66ff828, 0x00000000c6600000| Untracked 
| 103|0x00000000c6700000, 0x00000000c67fb6d0, 0x00000000c6800000| 98%| O|  |TAMS 0x00000000c67fb6d0, 0x00000000c6700000| Untracked 
| 104|0x00000000c6800000, 0x00000000c68f9bf0, 0x00000000c6900000| 97%| O|  |TAMS 0x00000000c68f9bf0, 0x00000000c6800000| Untracked 
| 105|0x00000000c6900000, 0x00000000c6a00000, 0x00000000c6a00000|100%|HS|  |TAMS 0x00000000c6a00000, 0x00000000c6900000| Complete 
| 106|0x00000000c6a00000, 0x00000000c6b00000, 0x00000000c6b00000|100%|HS|  |TAMS 0x00000000c6b00000, 0x00000000c6a00000| Complete 
| 107|0x00000000c6b00000, 0x00000000c6c00000, 0x00000000c6c00000|100%|HS|  |TAMS 0x00000000c6c00000, 0x00000000c6b00000| Complete 
| 108|0x00000000c6c00000, 0x00000000c6d00000, 0x00000000c6d00000|100%|HC|  |TAMS 0x00000000c6d00000, 0x00000000c6c00000| Complete 
| 109|0x00000000c6d00000, 0x00000000c6dc19c0, 0x00000000c6e00000| 75%| O|  |TAMS 0x00000000c6dc19c0, 0x00000000c6d00000| Untracked 
| 110|0x00000000c6e00000, 0x00000000c6efb5b0, 0x00000000c6f00000| 98%| O|  |TAMS 0x00000000c6efb5b0, 0x00000000c6e00000| Untracked 
| 111|0x00000000c6f00000, 0x00000000c7000000, 0x00000000c7000000|100%|HS|  |TAMS 0x00000000c7000000, 0x00000000c6f00000| Complete 
| 112|0x00000000c7000000, 0x00000000c7100000, 0x00000000c7100000|100%|HS|  |TAMS 0x00000000c7100000, 0x00000000c7000000| Complete 
| 113|0x00000000c7100000, 0x00000000c7200000, 0x00000000c7200000|100%|HS|  |TAMS 0x00000000c7200000, 0x00000000c7100000| Complete 
| 114|0x00000000c7200000, 0x00000000c72fae68, 0x00000000c7300000| 98%| O|  |TAMS 0x00000000c72fae68, 0x00000000c7200000| Untracked 
| 115|0x00000000c7300000, 0x00000000c73fb5a0, 0x00000000c7400000| 98%| O|  |TAMS 0x00000000c73fb5a0, 0x00000000c7300000| Untracked 
| 116|0x00000000c7400000, 0x00000000c7500000, 0x00000000c7500000|100%| O|  |TAMS 0x00000000c7400000, 0x00000000c7400000| Untracked 
| 117|0x00000000c7500000, 0x00000000c75e0090, 0x00000000c7600000| 87%| O|  |TAMS 0x00000000c75e0090, 0x00000000c7500000| Untracked 
| 118|0x00000000c7600000, 0x00000000c7700000, 0x00000000c7700000|100%| O|  |TAMS 0x00000000c7600000, 0x00000000c7600000| Untracked 
| 119|0x00000000c7700000, 0x00000000c77fe398, 0x00000000c7800000| 99%| O|  |TAMS 0x00000000c77fe398, 0x00000000c7700000| Untracked 
| 120|0x00000000c7800000, 0x00000000c7900000, 0x00000000c7900000|100%|HS|  |TAMS 0x00000000c7900000, 0x00000000c7800000| Complete 
| 121|0x00000000c7900000, 0x00000000c79ffed8, 0x00000000c7a00000| 99%| O|  |TAMS 0x00000000c79ffed8, 0x00000000c7900000| Untracked 
| 122|0x00000000c7a00000, 0x00000000c7af6270, 0x00000000c7b00000| 96%| O|  |TAMS 0x00000000c7af6270, 0x00000000c7a00000| Untracked 
| 123|0x00000000c7b00000, 0x00000000c7bfffe0, 0x00000000c7c00000| 99%| O|  |TAMS 0x00000000c7bfffe0, 0x00000000c7b00000| Untracked 
| 124|0x00000000c7c00000, 0x00000000c7d00000, 0x00000000c7d00000|100%|HS|  |TAMS 0x00000000c7d00000, 0x00000000c7c00000| Complete 
| 125|0x00000000c7d00000, 0x00000000c7df8058, 0x00000000c7e00000| 96%| O|  |TAMS 0x00000000c7df8058, 0x00000000c7d00000| Untracked 
| 126|0x00000000c7e00000, 0x00000000c7efd220, 0x00000000c7f00000| 98%| O|  |TAMS 0x00000000c7efd220, 0x00000000c7e00000| Untracked 
| 127|0x00000000c7f00000, 0x00000000c8000000, 0x00000000c8000000|100%|HS|  |TAMS 0x00000000c8000000, 0x00000000c7f00000| Complete 
| 128|0x00000000c8000000, 0x00000000c8100000, 0x00000000c8100000|100%|HC|  |TAMS 0x00000000c8100000, 0x00000000c8000000| Complete 
| 129|0x00000000c8100000, 0x00000000c8200000, 0x00000000c8200000|100%|HS|  |TAMS 0x00000000c8200000, 0x00000000c8100000| Complete 
| 130|0x00000000c8200000, 0x00000000c8300000, 0x00000000c8300000|100%|HC|  |TAMS 0x00000000c8300000, 0x00000000c8200000| Complete 
| 131|0x00000000c8300000, 0x00000000c8400000, 0x00000000c8400000|100%|HS|  |TAMS 0x00000000c8400000, 0x00000000c8300000| Complete 
| 132|0x00000000c8400000, 0x00000000c84c4758, 0x00000000c8500000| 76%| O|  |TAMS 0x00000000c84c4758, 0x00000000c8400000| Untracked 
| 133|0x00000000c8500000, 0x00000000c85ffe28, 0x00000000c8600000| 99%| O|  |TAMS 0x00000000c85ffe28, 0x00000000c8500000| Untracked 
| 134|0x00000000c8600000, 0x00000000c8700000, 0x00000000c8700000|100%|HS|  |TAMS 0x00000000c8700000, 0x00000000c8600000| Complete 
| 135|0x00000000c8700000, 0x00000000c87f97b8, 0x00000000c8800000| 97%| O|  |TAMS 0x00000000c87f97b8, 0x00000000c8700000| Untracked 
| 136|0x00000000c8800000, 0x00000000c88fc408, 0x00000000c8900000| 98%| O|  |TAMS 0x00000000c88fc408, 0x00000000c8800000| Untracked 
| 137|0x00000000c8900000, 0x00000000c89fab70, 0x00000000c8a00000| 97%| O|  |TAMS 0x00000000c89fab70, 0x00000000c8900000| Untracked 
| 138|0x00000000c8a00000, 0x00000000c8a517a8, 0x00000000c8b00000| 31%| O|  |TAMS 0x00000000c8a517a8, 0x00000000c8a00000| Untracked 
| 139|0x00000000c8b00000, 0x00000000c8c00000, 0x00000000c8c00000|100%|HS|  |TAMS 0x00000000c8c00000, 0x00000000c8b00000| Complete 
| 140|0x00000000c8c00000, 0x00000000c8d00000, 0x00000000c8d00000|100%|HS|  |TAMS 0x00000000c8c00000, 0x00000000c8c00000| Complete 
| 141|0x00000000c8d00000, 0x00000000c8dd4248, 0x00000000c8e00000| 82%| O|  |TAMS 0x00000000c8dd4248, 0x00000000c8d00000| Untracked 
| 142|0x00000000c8e00000, 0x00000000c8f00000, 0x00000000c8f00000|100%|HS|  |TAMS 0x00000000c8f00000, 0x00000000c8e00000| Complete 
| 143|0x00000000c8f00000, 0x00000000c8fffff8, 0x00000000c9000000| 99%| O|  |TAMS 0x00000000c8fffff8, 0x00000000c8f00000| Untracked 
| 144|0x00000000c9000000, 0x00000000c90fc378, 0x00000000c9100000| 98%| O|  |TAMS 0x00000000c90fc378, 0x00000000c9000000| Untracked 
| 145|0x00000000c9100000, 0x00000000c9200000, 0x00000000c9200000|100%|HS|  |TAMS 0x00000000c9200000, 0x00000000c9100000| Complete 
| 146|0x00000000c9200000, 0x00000000c92ffff8, 0x00000000c9300000| 99%| O|  |TAMS 0x00000000c92ffff8, 0x00000000c9200000| Untracked 
| 147|0x00000000c9300000, 0x00000000c9400000, 0x00000000c9400000|100%|HS|  |TAMS 0x00000000c9400000, 0x00000000c9300000| Complete 
| 148|0x00000000c9400000, 0x00000000c9500000, 0x00000000c9500000|100%|HS|  |TAMS 0x00000000c9500000, 0x00000000c9400000| Complete 
| 149|0x00000000c9500000, 0x00000000c9600000, 0x00000000c9600000|100%|HS|  |TAMS 0x00000000c9600000, 0x00000000c9500000| Complete 
| 150|0x00000000c9600000, 0x00000000c9700000, 0x00000000c9700000|100%|HS|  |TAMS 0x00000000c9700000, 0x00000000c9600000| Complete 
| 151|0x00000000c9700000, 0x00000000c9800000, 0x00000000c9800000|100%|HS|  |TAMS 0x00000000c9700000, 0x00000000c9700000| Complete 
| 152|0x00000000c9800000, 0x00000000c98ec960, 0x00000000c9900000| 92%| O|  |TAMS 0x00000000c98ec960, 0x00000000c9800000| Untracked 
| 153|0x00000000c9900000, 0x00000000c9a00000, 0x00000000c9a00000|100%|HS|  |TAMS 0x00000000c9a00000, 0x00000000c9900000| Complete 
| 154|0x00000000c9a00000, 0x00000000c9b00000, 0x00000000c9b00000|100%|HS|  |TAMS 0x00000000c9b00000, 0x00000000c9a00000| Complete 
| 155|0x00000000c9b00000, 0x00000000c9c00000, 0x00000000c9c00000|100%|HS|  |TAMS 0x00000000c9b00000, 0x00000000c9b00000| Complete 
| 156|0x00000000c9c00000, 0x00000000c9d00000, 0x00000000c9d00000|100%|HS|  |TAMS 0x00000000c9c00000, 0x00000000c9c00000| Complete 
| 157|0x00000000c9d00000, 0x00000000c9e00000, 0x00000000c9e00000|100%|HS|  |TAMS 0x00000000c9e00000, 0x00000000c9d00000| Complete 
| 158|0x00000000c9e00000, 0x00000000c9f00000, 0x00000000c9f00000|100%|HC|  |TAMS 0x00000000c9f00000, 0x00000000c9e00000| Complete 
| 159|0x00000000c9f00000, 0x00000000ca000000, 0x00000000ca000000|100%|HS|  |TAMS 0x00000000ca000000, 0x00000000c9f00000| Complete 
| 160|0x00000000ca000000, 0x00000000ca100000, 0x00000000ca100000|100%|HS|  |TAMS 0x00000000ca100000, 0x00000000ca000000| Complete 
| 161|0x00000000ca100000, 0x00000000ca200000, 0x00000000ca200000|100%|HC|  |TAMS 0x00000000ca200000, 0x00000000ca100000| Complete 
| 162|0x00000000ca200000, 0x00000000ca2fbae0, 0x00000000ca300000| 98%| O|  |TAMS 0x00000000ca2fbae0, 0x00000000ca200000| Untracked 
| 163|0x00000000ca300000, 0x00000000ca3f8800, 0x00000000ca400000| 97%| O|  |TAMS 0x00000000ca300000, 0x00000000ca300000| Untracked 
| 164|0x00000000ca400000, 0x00000000ca500000, 0x00000000ca500000|100%|HS|  |TAMS 0x00000000ca400000, 0x00000000ca400000| Complete 
| 165|0x00000000ca500000, 0x00000000ca600000, 0x00000000ca600000|100%|HS|  |TAMS 0x00000000ca500000, 0x00000000ca500000| Complete 
| 166|0x00000000ca600000, 0x00000000ca6f6f58, 0x00000000ca700000| 96%| O|  |TAMS 0x00000000ca6f6f58, 0x00000000ca600000| Untracked 
| 167|0x00000000ca700000, 0x00000000ca800000, 0x00000000ca800000|100%|HS|  |TAMS 0x00000000ca800000, 0x00000000ca700000| Complete 
| 168|0x00000000ca800000, 0x00000000ca8d0788, 0x00000000ca900000| 81%| O|  |TAMS 0x00000000ca8d0788, 0x00000000ca800000| Untracked 
| 169|0x00000000ca900000, 0x00000000ca9fdd88, 0x00000000caa00000| 99%| O|  |TAMS 0x00000000ca9fdd88, 0x00000000ca900000| Untracked 
| 170|0x00000000caa00000, 0x00000000cab00000, 0x00000000cab00000|100%|HS|  |TAMS 0x00000000caa00000, 0x00000000caa00000| Complete 
| 171|0x00000000cab00000, 0x00000000cabff250, 0x00000000cac00000| 99%| O|  |TAMS 0x00000000cabff250, 0x00000000cab00000| Untracked 
| 172|0x00000000cac00000, 0x00000000cad00000, 0x00000000cad00000|100%|HS|  |TAMS 0x00000000cac00000, 0x00000000cac00000| Complete 
| 173|0x00000000cad00000, 0x00000000cae00000, 0x00000000cae00000|100%|HS|  |TAMS 0x00000000cae00000, 0x00000000cad00000| Complete 
| 174|0x00000000cae00000, 0x00000000caf00000, 0x00000000caf00000|100%|HC|  |TAMS 0x00000000caf00000, 0x00000000cae00000| Complete 
| 175|0x00000000caf00000, 0x00000000cb000000, 0x00000000cb000000|100%|HS|  |TAMS 0x00000000cb000000, 0x00000000caf00000| Complete 
| 176|0x00000000cb000000, 0x00000000cb100000, 0x00000000cb100000|100%|HS|  |TAMS 0x00000000cb100000, 0x00000000cb000000| Complete 
| 177|0x00000000cb100000, 0x00000000cb1fbff8, 0x00000000cb200000| 98%| O|  |TAMS 0x00000000cb1fbff8, 0x00000000cb100000| Untracked 
| 178|0x00000000cb200000, 0x00000000cb300000, 0x00000000cb300000|100%|HS|  |TAMS 0x00000000cb300000, 0x00000000cb200000| Complete 
| 179|0x00000000cb300000, 0x00000000cb400000, 0x00000000cb400000|100%|HS|  |TAMS 0x00000000cb400000, 0x00000000cb300000| Complete 
| 180|0x00000000cb400000, 0x00000000cb500000, 0x00000000cb500000|100%|HS|  |TAMS 0x00000000cb500000, 0x00000000cb400000| Complete 
| 181|0x00000000cb500000, 0x00000000cb600000, 0x00000000cb600000|100%|HS|  |TAMS 0x00000000cb600000, 0x00000000cb500000| Complete 
| 182|0x00000000cb600000, 0x00000000cb700000, 0x00000000cb700000|100%|HS|  |TAMS 0x00000000cb700000, 0x00000000cb600000| Complete 
| 183|0x00000000cb700000, 0x00000000cb800000, 0x00000000cb800000|100%|HS|  |TAMS 0x00000000cb800000, 0x00000000cb700000| Complete 
| 184|0x00000000cb800000, 0x00000000cb900000, 0x00000000cb900000|100%|HC|  |TAMS 0x00000000cb900000, 0x00000000cb800000| Complete 
| 185|0x00000000cb900000, 0x00000000cb9fe390, 0x00000000cba00000| 99%| O|  |TAMS 0x00000000cb9fe390, 0x00000000cb900000| Untracked 
| 186|0x00000000cba00000, 0x00000000cbb00000, 0x00000000cbb00000|100%|HS|  |TAMS 0x00000000cbb00000, 0x00000000cba00000| Complete 
| 187|0x00000000cbb00000, 0x00000000cbc00000, 0x00000000cbc00000|100%|HC|  |TAMS 0x00000000cbc00000, 0x00000000cbb00000| Complete 
| 188|0x00000000cbc00000, 0x00000000cbd00000, 0x00000000cbd00000|100%|HC|  |TAMS 0x00000000cbd00000, 0x00000000cbc00000| Complete 
| 189|0x00000000cbd00000, 0x00000000cbe00000, 0x00000000cbe00000|100%|HC|  |TAMS 0x00000000cbe00000, 0x00000000cbd00000| Complete 
| 190|0x00000000cbe00000, 0x00000000cbf00000, 0x00000000cbf00000|100%|HC|  |TAMS 0x00000000cbf00000, 0x00000000cbe00000| Complete 
| 191|0x00000000cbf00000, 0x00000000cbffa440, 0x00000000cc000000| 97%| O|  |TAMS 0x00000000cbffa440, 0x00000000cbf00000| Untracked 
| 192|0x00000000cc000000, 0x00000000cc0ff9e0, 0x00000000cc100000| 99%| O|  |TAMS 0x00000000cc0ff9e0, 0x00000000cc000000| Untracked 
| 193|0x00000000cc100000, 0x00000000cc200000, 0x00000000cc200000|100%|HS|  |TAMS 0x00000000cc200000, 0x00000000cc100000| Complete 
| 194|0x00000000cc200000, 0x00000000cc300000, 0x00000000cc300000|100%|HC|  |TAMS 0x00000000cc300000, 0x00000000cc200000| Complete 
| 195|0x00000000cc300000, 0x00000000cc400000, 0x00000000cc400000|100%|HS|  |TAMS 0x00000000cc300000, 0x00000000cc300000| Complete 
| 196|0x00000000cc400000, 0x00000000cc500000, 0x00000000cc500000|100%|HS|  |TAMS 0x00000000cc500000, 0x00000000cc400000| Complete 
| 197|0x00000000cc500000, 0x00000000cc600000, 0x00000000cc600000|100%|HC|  |TAMS 0x00000000cc600000, 0x00000000cc500000| Complete 
| 198|0x00000000cc600000, 0x00000000cc6fdda0, 0x00000000cc700000| 99%| O|  |TAMS 0x00000000cc6fdda0, 0x00000000cc600000| Untracked 
| 199|0x00000000cc700000, 0x00000000cc800000, 0x00000000cc800000|100%|HS|  |TAMS 0x00000000cc800000, 0x00000000cc700000| Complete 
| 200|0x00000000cc800000, 0x00000000cc900000, 0x00000000cc900000|100%|HC|  |TAMS 0x00000000cc900000, 0x00000000cc800000| Complete 
| 201|0x00000000cc900000, 0x00000000cca00000, 0x00000000cca00000|100%|HS|  |TAMS 0x00000000cc900000, 0x00000000cc900000| Complete 
| 202|0x00000000cca00000, 0x00000000ccb00000, 0x00000000ccb00000|100%|HS|  |TAMS 0x00000000ccb00000, 0x00000000cca00000| Complete 
| 203|0x00000000ccb00000, 0x00000000ccc00000, 0x00000000ccc00000|100%|HS|  |TAMS 0x00000000ccb00000, 0x00000000ccb00000| Complete 
| 204|0x00000000ccc00000, 0x00000000ccd00000, 0x00000000ccd00000|100%|HC|  |TAMS 0x00000000ccc00000, 0x00000000ccc00000| Complete 
| 205|0x00000000ccd00000, 0x00000000cce00000, 0x00000000cce00000|100%|HS|  |TAMS 0x00000000ccd00000, 0x00000000ccd00000| Complete 
| 206|0x00000000cce00000, 0x00000000ccf00000, 0x00000000ccf00000|100%|HS|  |TAMS 0x00000000cce00000, 0x00000000cce00000| Complete 
| 207|0x00000000ccf00000, 0x00000000cd000000, 0x00000000cd000000|100%|HS|  |TAMS 0x00000000ccf00000, 0x00000000ccf00000| Complete 
| 208|0x00000000cd000000, 0x00000000cd100000, 0x00000000cd100000|100%|HC|  |TAMS 0x00000000cd000000, 0x00000000cd000000| Complete 
| 209|0x00000000cd100000, 0x00000000cd200000, 0x00000000cd200000|100%|HS|  |TAMS 0x00000000cd200000, 0x00000000cd100000| Complete 
| 210|0x00000000cd200000, 0x00000000cd300000, 0x00000000cd300000|100%|HC|  |TAMS 0x00000000cd300000, 0x00000000cd200000| Complete 
| 211|0x00000000cd300000, 0x00000000cd3f57e8, 0x00000000cd400000| 95%| O|  |TAMS 0x00000000cd3f57e8, 0x00000000cd300000| Untracked 
| 212|0x00000000cd400000, 0x00000000cd500000, 0x00000000cd500000|100%|HS|  |TAMS 0x00000000cd500000, 0x00000000cd400000| Complete 
| 213|0x00000000cd500000, 0x00000000cd600000, 0x00000000cd600000|100%|HS|  |TAMS 0x00000000cd600000, 0x00000000cd500000| Complete 
| 214|0x00000000cd600000, 0x00000000cd6ffff8, 0x00000000cd700000| 99%| O|  |TAMS 0x00000000cd6ffff8, 0x00000000cd600000| Untracked 
| 215|0x00000000cd700000, 0x00000000cd800000, 0x00000000cd800000|100%|HS|  |TAMS 0x00000000cd800000, 0x00000000cd700000| Complete 
| 216|0x00000000cd800000, 0x00000000cd8dfed0, 0x00000000cd900000| 87%| O|  |TAMS 0x00000000cd8dfed0, 0x00000000cd800000| Untracked 
| 217|0x00000000cd900000, 0x00000000cda00000, 0x00000000cda00000|100%|HS|  |TAMS 0x00000000cda00000, 0x00000000cd900000| Complete 
| 218|0x00000000cda00000, 0x00000000cdb00000, 0x00000000cdb00000|100%|HS|  |TAMS 0x00000000cdb00000, 0x00000000cda00000| Complete 
| 219|0x00000000cdb00000, 0x00000000cdc00000, 0x00000000cdc00000|100%|HC|  |TAMS 0x00000000cdc00000, 0x00000000cdb00000| Complete 
| 220|0x00000000cdc00000, 0x00000000cdd00000, 0x00000000cdd00000|100%|HS|  |TAMS 0x00000000cdd00000, 0x00000000cdc00000| Complete 
| 221|0x00000000cdd00000, 0x00000000cde00000, 0x00000000cde00000|100%|HS|  |TAMS 0x00000000cde00000, 0x00000000cdd00000| Complete 
| 222|0x00000000cde00000, 0x00000000cdf00000, 0x00000000cdf00000|100%|HC|  |TAMS 0x00000000cdf00000, 0x00000000cde00000| Complete 
| 223|0x00000000cdf00000, 0x00000000ce000000, 0x00000000ce000000|100%|HS|  |TAMS 0x00000000ce000000, 0x00000000cdf00000| Complete 
| 224|0x00000000ce000000, 0x00000000ce100000, 0x00000000ce100000|100%|HC|  |TAMS 0x00000000ce100000, 0x00000000ce000000| Complete 
| 225|0x00000000ce100000, 0x00000000ce200000, 0x00000000ce200000|100%|HS|  |TAMS 0x00000000ce100000, 0x00000000ce100000| Complete 
| 226|0x00000000ce200000, 0x00000000ce300000, 0x00000000ce300000|100%|HS|  |TAMS 0x00000000ce300000, 0x00000000ce200000| Complete 
| 227|0x00000000ce300000, 0x00000000ce400000, 0x00000000ce400000|100%|HS|  |TAMS 0x00000000ce400000, 0x00000000ce300000| Complete 
| 228|0x00000000ce400000, 0x00000000ce4c66c8, 0x00000000ce500000| 77%| O|  |TAMS 0x00000000ce4c66c8, 0x00000000ce400000| Untracked 
| 229|0x00000000ce500000, 0x00000000ce600000, 0x00000000ce600000|100%|HS|  |TAMS 0x00000000ce600000, 0x00000000ce500000| Complete 
| 230|0x00000000ce600000, 0x00000000ce700000, 0x00000000ce700000|100%|HS|  |TAMS 0x00000000ce700000, 0x00000000ce600000| Complete 
| 231|0x00000000ce700000, 0x00000000ce800000, 0x00000000ce800000|100%|HC|  |TAMS 0x00000000ce800000, 0x00000000ce700000| Complete 
| 232|0x00000000ce800000, 0x00000000ce900000, 0x00000000ce900000|100%|HS|  |TAMS 0x00000000ce800000, 0x00000000ce800000| Complete 
| 233|0x00000000ce900000, 0x00000000cea00000, 0x00000000cea00000|100%|HS|  |TAMS 0x00000000cea00000, 0x00000000ce900000| Complete 
| 234|0x00000000cea00000, 0x00000000ceb00000, 0x00000000ceb00000|100%|HS|  |TAMS 0x00000000cea00000, 0x00000000cea00000| Complete 
| 235|0x00000000ceb00000, 0x00000000cec00000, 0x00000000cec00000|100%|HS|  |TAMS 0x00000000cec00000, 0x00000000ceb00000| Complete 
| 236|0x00000000cec00000, 0x00000000ced00000, 0x00000000ced00000|100%|HS|  |TAMS 0x00000000ced00000, 0x00000000cec00000| Complete 
| 237|0x00000000ced00000, 0x00000000cee00000, 0x00000000cee00000|100%|HC|  |TAMS 0x00000000cee00000, 0x00000000ced00000| Complete 
| 238|0x00000000cee00000, 0x00000000cef00000, 0x00000000cef00000|100%|HS|  |TAMS 0x00000000cee00000, 0x00000000cee00000| Complete 
| 239|0x00000000cef00000, 0x00000000cf000000, 0x00000000cf000000|100%|HC|  |TAMS 0x00000000cef00000, 0x00000000cef00000| Complete 
| 240|0x00000000cf000000, 0x00000000cf100000, 0x00000000cf100000|100%|HS|  |TAMS 0x00000000cf100000, 0x00000000cf000000| Complete 
| 241|0x00000000cf100000, 0x00000000cf200000, 0x00000000cf200000|100%|HS|  |TAMS 0x00000000cf200000, 0x00000000cf100000| Complete 
| 242|0x00000000cf200000, 0x00000000cf26a2c0, 0x00000000cf300000| 41%| O|  |TAMS 0x00000000cf26a2c0, 0x00000000cf200000| Complete 
| 243|0x00000000cf300000, 0x00000000cf367638, 0x00000000cf400000| 40%| O|  |TAMS 0x00000000cf367638, 0x00000000cf300000| Complete 
| 244|0x00000000cf400000, 0x00000000cf500000, 0x00000000cf500000|100%|HS|  |TAMS 0x00000000cf400000, 0x00000000cf400000| Complete 
| 245|0x00000000cf500000, 0x00000000cf5f95f8, 0x00000000cf600000| 97%| O|  |TAMS 0x00000000cf5f95f8, 0x00000000cf500000| Untracked 
| 246|0x00000000cf600000, 0x00000000cf700000, 0x00000000cf700000|100%|HS|  |TAMS 0x00000000cf700000, 0x00000000cf600000| Complete 
| 247|0x00000000cf700000, 0x00000000cf800000, 0x00000000cf800000|100%|HC|  |TAMS 0x00000000cf800000, 0x00000000cf700000| Complete 
| 248|0x00000000cf800000, 0x00000000cf900000, 0x00000000cf900000|100%|HS|  |TAMS 0x00000000cf900000, 0x00000000cf800000| Complete 
| 249|0x00000000cf900000, 0x00000000cfa00000, 0x00000000cfa00000|100%|HS|  |TAMS 0x00000000cf900000, 0x00000000cf900000| Complete 
| 250|0x00000000cfa00000, 0x00000000cfb00000, 0x00000000cfb00000|100%|HC|  |TAMS 0x00000000cfa00000, 0x00000000cfa00000| Complete 
| 251|0x00000000cfb00000, 0x00000000cfc00000, 0x00000000cfc00000|100%|HS|  |TAMS 0x00000000cfb00000, 0x00000000cfb00000| Complete 
| 252|0x00000000cfc00000, 0x00000000cfd00000, 0x00000000cfd00000|100%|HS|  |TAMS 0x00000000cfd00000, 0x00000000cfc00000| Complete 
| 253|0x00000000cfd00000, 0x00000000cfd96c10, 0x00000000cfe00000| 58%| O|  |TAMS 0x00000000cfd96c10, 0x00000000cfd00000| Untracked 
| 254|0x00000000cfe00000, 0x00000000cff00000, 0x00000000cff00000|100%|HS|  |TAMS 0x00000000cff00000, 0x00000000cfe00000| Complete 
| 255|0x00000000cff00000, 0x00000000cfff8da8, 0x00000000d0000000| 97%| O|  |TAMS 0x00000000cfff8da8, 0x00000000cff00000| Untracked 
| 256|0x00000000d0000000, 0x00000000d0100000, 0x00000000d0100000|100%|HS|  |TAMS 0x00000000d0100000, 0x00000000d0000000| Complete 
| 257|0x00000000d0100000, 0x00000000d0200000, 0x00000000d0200000|100%|HC|  |TAMS 0x00000000d0200000, 0x00000000d0100000| Complete 
| 258|0x00000000d0200000, 0x00000000d0300000, 0x00000000d0300000|100%|HC|  |TAMS 0x00000000d0300000, 0x00000000d0200000| Complete 
| 259|0x00000000d0300000, 0x00000000d0400000, 0x00000000d0400000|100%|HC|  |TAMS 0x00000000d0400000, 0x00000000d0300000| Complete 
| 260|0x00000000d0400000, 0x00000000d0500000, 0x00000000d0500000|100%|HC|  |TAMS 0x00000000d0500000, 0x00000000d0400000| Complete 
| 261|0x00000000d0500000, 0x00000000d0600000, 0x00000000d0600000|100%|HS|  |TAMS 0x00000000d0500000, 0x00000000d0500000| Complete 
| 262|0x00000000d0600000, 0x00000000d0700000, 0x00000000d0700000|100%|HS|  |TAMS 0x00000000d0700000, 0x00000000d0600000| Complete 
| 263|0x00000000d0700000, 0x00000000d0800000, 0x00000000d0800000|100%|HS|  |TAMS 0x00000000d0800000, 0x00000000d0700000| Complete 
| 264|0x00000000d0800000, 0x00000000d0900000, 0x00000000d0900000|100%|HC|  |TAMS 0x00000000d0900000, 0x00000000d0800000| Complete 
| 265|0x00000000d0900000, 0x00000000d0a00000, 0x00000000d0a00000|100%| O|  |TAMS 0x00000000d0a00000, 0x00000000d0900000| Untracked 
| 266|0x00000000d0a00000, 0x00000000d0b00000, 0x00000000d0b00000|100%|HS|  |TAMS 0x00000000d0a00000, 0x00000000d0a00000| Complete 
| 267|0x00000000d0b00000, 0x00000000d0c00000, 0x00000000d0c00000|100%|HC|  |TAMS 0x00000000d0b00000, 0x00000000d0b00000| Complete 
| 268|0x00000000d0c00000, 0x00000000d0d00000, 0x00000000d0d00000|100%|HS|  |TAMS 0x00000000d0c00000, 0x00000000d0c00000| Complete 
| 269|0x00000000d0d00000, 0x00000000d0e00000, 0x00000000d0e00000|100%|HC|  |TAMS 0x00000000d0d00000, 0x00000000d0d00000| Complete 
| 270|0x00000000d0e00000, 0x00000000d0f00000, 0x00000000d0f00000|100%|HS|  |TAMS 0x00000000d0f00000, 0x00000000d0e00000| Complete 
| 271|0x00000000d0f00000, 0x00000000d1000000, 0x00000000d1000000|100%|HC|  |TAMS 0x00000000d1000000, 0x00000000d0f00000| Complete 
| 272|0x00000000d1000000, 0x00000000d10ce6c8, 0x00000000d1100000| 80%| O|  |TAMS 0x00000000d10ce6c8, 0x00000000d1000000| Untracked 
| 273|0x00000000d1100000, 0x00000000d1200000, 0x00000000d1200000|100%|HS|  |TAMS 0x00000000d1200000, 0x00000000d1100000| Complete 
| 274|0x00000000d1200000, 0x00000000d1300000, 0x00000000d1300000|100%| O|  |TAMS 0x00000000d1300000, 0x00000000d1200000| Complete 
| 275|0x00000000d1300000, 0x00000000d1400000, 0x00000000d1400000|100%|HS|  |TAMS 0x00000000d1300000, 0x00000000d1300000| Complete 
| 276|0x00000000d1400000, 0x00000000d1500000, 0x00000000d1500000|100%|HC|  |TAMS 0x00000000d1400000, 0x00000000d1400000| Complete 
| 277|0x00000000d1500000, 0x00000000d1600000, 0x00000000d1600000|100%|HS|  |TAMS 0x00000000d1600000, 0x00000000d1500000| Complete 
| 278|0x00000000d1600000, 0x00000000d1700000, 0x00000000d1700000|100%|HS|  |TAMS 0x00000000d1700000, 0x00000000d1600000| Complete 
| 279|0x00000000d1700000, 0x00000000d1800000, 0x00000000d1800000|100%|HC|  |TAMS 0x00000000d1800000, 0x00000000d1700000| Complete 
| 280|0x00000000d1800000, 0x00000000d1900000, 0x00000000d1900000|100%|HS|  |TAMS 0x00000000d1900000, 0x00000000d1800000| Complete 
| 281|0x00000000d1900000, 0x00000000d1a00000, 0x00000000d1a00000|100%|HC|  |TAMS 0x00000000d1a00000, 0x00000000d1900000| Complete 
| 282|0x00000000d1a00000, 0x00000000d1b00000, 0x00000000d1b00000|100%|HS|  |TAMS 0x00000000d1b00000, 0x00000000d1a00000| Complete 
| 283|0x00000000d1b00000, 0x00000000d1c00000, 0x00000000d1c00000|100%|HC|  |TAMS 0x00000000d1c00000, 0x00000000d1b00000| Complete 
| 284|0x00000000d1c00000, 0x00000000d1d00000, 0x00000000d1d00000|100%| O|  |TAMS 0x00000000d1d00000, 0x00000000d1c00000| Untracked 
| 285|0x00000000d1d00000, 0x00000000d1e00000, 0x00000000d1e00000|100%|HS|  |TAMS 0x00000000d1e00000, 0x00000000d1d00000| Complete 
| 286|0x00000000d1e00000, 0x00000000d1f00000, 0x00000000d1f00000|100%|HS|  |TAMS 0x00000000d1f00000, 0x00000000d1e00000| Complete 
| 287|0x00000000d1f00000, 0x00000000d2000000, 0x00000000d2000000|100%|HC|  |TAMS 0x00000000d2000000, 0x00000000d1f00000| Complete 
| 288|0x00000000d2000000, 0x00000000d2100000, 0x00000000d2100000|100%|HS|  |TAMS 0x00000000d2100000, 0x00000000d2000000| Complete 
| 289|0x00000000d2100000, 0x00000000d2200000, 0x00000000d2200000|100%|HS|  |TAMS 0x00000000d2100000, 0x00000000d2100000| Complete 
| 290|0x00000000d2200000, 0x00000000d2300000, 0x00000000d2300000|100%|HS|  |TAMS 0x00000000d2300000, 0x00000000d2200000| Complete 
| 291|0x00000000d2300000, 0x00000000d2400000, 0x00000000d2400000|100%| O|  |TAMS 0x00000000d2400000, 0x00000000d2300000| Untracked 
| 292|0x00000000d2400000, 0x00000000d2500000, 0x00000000d2500000|100%|HS|  |TAMS 0x00000000d2500000, 0x00000000d2400000| Complete 
| 293|0x00000000d2500000, 0x00000000d2600000, 0x00000000d2600000|100%|HS|  |TAMS 0x00000000d2600000, 0x00000000d2500000| Complete 
| 294|0x00000000d2600000, 0x00000000d2700000, 0x00000000d2700000|100%|HS|  |TAMS 0x00000000d2700000, 0x00000000d2600000| Complete 
| 295|0x00000000d2700000, 0x00000000d2800000, 0x00000000d2800000|100%|HS|  |TAMS 0x00000000d2800000, 0x00000000d2700000| Complete 
| 296|0x00000000d2800000, 0x00000000d2900000, 0x00000000d2900000|100%|HS|  |TAMS 0x00000000d2900000, 0x00000000d2800000| Complete 
| 297|0x00000000d2900000, 0x00000000d29fd440, 0x00000000d2a00000| 98%| O|  |TAMS 0x00000000d29fd440, 0x00000000d2900000| Untracked 
| 298|0x00000000d2a00000, 0x00000000d2b00000, 0x00000000d2b00000|100%|HS|  |TAMS 0x00000000d2b00000, 0x00000000d2a00000| Complete 
| 299|0x00000000d2b00000, 0x00000000d2c00000, 0x00000000d2c00000|100%|HC|  |TAMS 0x00000000d2c00000, 0x00000000d2b00000| Complete 
| 300|0x00000000d2c00000, 0x00000000d2d00000, 0x00000000d2d00000|100%|HS|  |TAMS 0x00000000d2c00000, 0x00000000d2c00000| Complete 
| 301|0x00000000d2d00000, 0x00000000d2e00000, 0x00000000d2e00000|100%|HC|  |TAMS 0x00000000d2d00000, 0x00000000d2d00000| Complete 
| 302|0x00000000d2e00000, 0x00000000d2f00000, 0x00000000d2f00000|100%|HS|  |TAMS 0x00000000d2f00000, 0x00000000d2e00000| Complete 
| 303|0x00000000d2f00000, 0x00000000d3000000, 0x00000000d3000000|100%|HC|  |TAMS 0x00000000d3000000, 0x00000000d2f00000| Complete 
| 304|0x00000000d3000000, 0x00000000d3100000, 0x00000000d3100000|100%|HC|  |TAMS 0x00000000d3100000, 0x00000000d3000000| Complete 
| 305|0x00000000d3100000, 0x00000000d3200000, 0x00000000d3200000|100%|HS|  |TAMS 0x00000000d3200000, 0x00000000d3100000| Complete 
| 306|0x00000000d3200000, 0x00000000d3300000, 0x00000000d3300000|100%| O|  |TAMS 0x00000000d3300000, 0x00000000d3200000| Untracked 
| 307|0x00000000d3300000, 0x00000000d3400000, 0x00000000d3400000|100%|HS|  |TAMS 0x00000000d3300000, 0x00000000d3300000| Complete 
| 308|0x00000000d3400000, 0x00000000d3500000, 0x00000000d3500000|100%| O|  |TAMS 0x00000000d3500000, 0x00000000d3400000| Untracked 
| 309|0x00000000d3500000, 0x00000000d3600000, 0x00000000d3600000|100%|HS|  |TAMS 0x00000000d3600000, 0x00000000d3500000| Complete 
| 310|0x00000000d3600000, 0x00000000d3700000, 0x00000000d3700000|100%|HS|  |TAMS 0x00000000d3700000, 0x00000000d3600000| Complete 
| 311|0x00000000d3700000, 0x00000000d3800000, 0x00000000d3800000|100%|HC|  |TAMS 0x00000000d3800000, 0x00000000d3700000| Complete 
| 312|0x00000000d3800000, 0x00000000d3900000, 0x00000000d3900000|100%|HS|  |TAMS 0x00000000d3900000, 0x00000000d3800000| Complete 
| 313|0x00000000d3900000, 0x00000000d3a00000, 0x00000000d3a00000|100%|HC|  |TAMS 0x00000000d3a00000, 0x00000000d3900000| Complete 
| 314|0x00000000d3a00000, 0x00000000d3b00000, 0x00000000d3b00000|100%|HS|  |TAMS 0x00000000d3b00000, 0x00000000d3a00000| Complete 
| 315|0x00000000d3b00000, 0x00000000d3c00000, 0x00000000d3c00000|100%|HC|  |TAMS 0x00000000d3c00000, 0x00000000d3b00000| Complete 
| 316|0x00000000d3c00000, 0x00000000d3d00000, 0x00000000d3d00000|100%|HS|  |TAMS 0x00000000d3d00000, 0x00000000d3c00000| Complete 
| 317|0x00000000d3d00000, 0x00000000d3e00000, 0x00000000d3e00000|100%|HC|  |TAMS 0x00000000d3e00000, 0x00000000d3d00000| Complete 
| 318|0x00000000d3e00000, 0x00000000d3f00000, 0x00000000d3f00000|100%|HS|  |TAMS 0x00000000d3f00000, 0x00000000d3e00000| Complete 
| 319|0x00000000d3f00000, 0x00000000d3ffaaa0, 0x00000000d4000000| 97%| O|  |TAMS 0x00000000d3ffaaa0, 0x00000000d3f00000| Untracked 
| 320|0x00000000d4000000, 0x00000000d4100000, 0x00000000d4100000|100%|HS|  |TAMS 0x00000000d4100000, 0x00000000d4000000| Complete 
| 321|0x00000000d4100000, 0x00000000d4200000, 0x00000000d4200000|100%|HC|  |TAMS 0x00000000d4200000, 0x00000000d4100000| Complete 
| 322|0x00000000d4200000, 0x00000000d4300000, 0x00000000d4300000|100%|HS|  |TAMS 0x00000000d4300000, 0x00000000d4200000| Complete 
| 323|0x00000000d4300000, 0x00000000d4400000, 0x00000000d4400000|100%|HS|  |TAMS 0x00000000d4400000, 0x00000000d4300000| Complete 
| 324|0x00000000d4400000, 0x00000000d4500000, 0x00000000d4500000|100%|HS|  |TAMS 0x00000000d4500000, 0x00000000d4400000| Complete 
| 325|0x00000000d4500000, 0x00000000d4600000, 0x00000000d4600000|100%|HS|  |TAMS 0x00000000d4500000, 0x00000000d4500000| Complete 
| 326|0x00000000d4600000, 0x00000000d4600000, 0x00000000d4700000|  0%| F|  |TAMS 0x00000000d4600000, 0x00000000d4600000| Untracked 
| 327|0x00000000d4700000, 0x00000000d4800000, 0x00000000d4800000|100%|HS|  |TAMS 0x00000000d4800000, 0x00000000d4700000| Complete 
| 328|0x00000000d4800000, 0x00000000d4900000, 0x00000000d4900000|100%|HC|  |TAMS 0x00000000d4900000, 0x00000000d4800000| Complete 
| 329|0x00000000d4900000, 0x00000000d4a00000, 0x00000000d4a00000|100%|HS|  |TAMS 0x00000000d4a00000, 0x00000000d4900000| Complete 
| 330|0x00000000d4a00000, 0x00000000d4b00000, 0x00000000d4b00000|100%|HC|  |TAMS 0x00000000d4b00000, 0x00000000d4a00000| Complete 
| 331|0x00000000d4b00000, 0x00000000d4b00000, 0x00000000d4c00000|  0%| F|  |TAMS 0x00000000d4b00000, 0x00000000d4b00000| Untracked 
| 332|0x00000000d4c00000, 0x00000000d4d00000, 0x00000000d4d00000|100%|HS|  |TAMS 0x00000000d4d00000, 0x00000000d4c00000| Complete 
| 333|0x00000000d4d00000, 0x00000000d4e00000, 0x00000000d4e00000|100%|HS|  |TAMS 0x00000000d4e00000, 0x00000000d4d00000| Complete 
| 334|0x00000000d4e00000, 0x00000000d4f00000, 0x00000000d4f00000|100%|HC|  |TAMS 0x00000000d4f00000, 0x00000000d4e00000| Complete 
| 335|0x00000000d4f00000, 0x00000000d5000000, 0x00000000d5000000|100%|HS|  |TAMS 0x00000000d4f00000, 0x00000000d4f00000| Complete 
| 336|0x00000000d5000000, 0x00000000d5100000, 0x00000000d5100000|100%|HC|  |TAMS 0x00000000d5000000, 0x00000000d5000000| Complete 
| 337|0x00000000d5100000, 0x00000000d5200000, 0x00000000d5200000|100%|HS|  |TAMS 0x00000000d5100000, 0x00000000d5100000| Complete 
| 338|0x00000000d5200000, 0x00000000d5300000, 0x00000000d5300000|100%|HC|  |TAMS 0x00000000d5200000, 0x00000000d5200000| Complete 
| 339|0x00000000d5300000, 0x00000000d5400000, 0x00000000d5400000|100%|HS|  |TAMS 0x00000000d5400000, 0x00000000d5300000| Complete 
| 340|0x00000000d5400000, 0x00000000d5500000, 0x00000000d5500000|100%|HC|  |TAMS 0x00000000d5500000, 0x00000000d5400000| Complete 
| 341|0x00000000d5500000, 0x00000000d5600000, 0x00000000d5600000|100%|HC|  |TAMS 0x00000000d5600000, 0x00000000d5500000| Complete 
| 342|0x00000000d5600000, 0x00000000d5700000, 0x00000000d5700000|100%|HS|  |TAMS 0x00000000d5700000, 0x00000000d5600000| Complete 
| 343|0x00000000d5700000, 0x00000000d5800000, 0x00000000d5800000|100%|HC|  |TAMS 0x00000000d5800000, 0x00000000d5700000| Complete 
| 344|0x00000000d5800000, 0x00000000d5900000, 0x00000000d5900000|100%|HC|  |TAMS 0x00000000d5900000, 0x00000000d5800000| Complete 
| 345|0x00000000d5900000, 0x00000000d5a00000, 0x00000000d5a00000|100%|HS|  |TAMS 0x00000000d5a00000, 0x00000000d5900000| Complete 
| 346|0x00000000d5a00000, 0x00000000d5b00000, 0x00000000d5b00000|100%|HC|  |TAMS 0x00000000d5b00000, 0x00000000d5a00000| Complete 
| 347|0x00000000d5b00000, 0x00000000d5c00000, 0x00000000d5c00000|100%|HC|  |TAMS 0x00000000d5c00000, 0x00000000d5b00000| Complete 
| 348|0x00000000d5c00000, 0x00000000d5d00000, 0x00000000d5d00000|100%|HS|  |TAMS 0x00000000d5d00000, 0x00000000d5c00000| Complete 
| 349|0x00000000d5d00000, 0x00000000d5e00000, 0x00000000d5e00000|100%|HC|  |TAMS 0x00000000d5e00000, 0x00000000d5d00000| Complete 
| 350|0x00000000d5e00000, 0x00000000d5f00000, 0x00000000d5f00000|100%|HC|  |TAMS 0x00000000d5f00000, 0x00000000d5e00000| Complete 
| 351|0x00000000d5f00000, 0x00000000d6000000, 0x00000000d6000000|100%|HS|  |TAMS 0x00000000d6000000, 0x00000000d5f00000| Complete 
| 352|0x00000000d6000000, 0x00000000d6100000, 0x00000000d6100000|100%|HC|  |TAMS 0x00000000d6100000, 0x00000000d6000000| Complete 
| 353|0x00000000d6100000, 0x00000000d6200000, 0x00000000d6200000|100%|HC|  |TAMS 0x00000000d6200000, 0x00000000d6100000| Complete 
| 354|0x00000000d6200000, 0x00000000d6300000, 0x00000000d6300000|100%|HS|  |TAMS 0x00000000d6300000, 0x00000000d6200000| Complete 
| 355|0x00000000d6300000, 0x00000000d6400000, 0x00000000d6400000|100%|HC|  |TAMS 0x00000000d6400000, 0x00000000d6300000| Complete 
| 356|0x00000000d6400000, 0x00000000d6500000, 0x00000000d6500000|100%|HC|  |TAMS 0x00000000d6500000, 0x00000000d6400000| Complete 
| 357|0x00000000d6500000, 0x00000000d6600000, 0x00000000d6600000|100%|HS|  |TAMS 0x00000000d6600000, 0x00000000d6500000| Complete 
| 358|0x00000000d6600000, 0x00000000d6700000, 0x00000000d6700000|100%|HC|  |TAMS 0x00000000d6700000, 0x00000000d6600000| Complete 
| 359|0x00000000d6700000, 0x00000000d6800000, 0x00000000d6800000|100%|HC|  |TAMS 0x00000000d6800000, 0x00000000d6700000| Complete 
| 360|0x00000000d6800000, 0x00000000d6900000, 0x00000000d6900000|100%|HS|  |TAMS 0x00000000d6900000, 0x00000000d6800000| Complete 
| 361|0x00000000d6900000, 0x00000000d6a00000, 0x00000000d6a00000|100%|HC|  |TAMS 0x00000000d6a00000, 0x00000000d6900000| Complete 
| 362|0x00000000d6a00000, 0x00000000d6b00000, 0x00000000d6b00000|100%|HC|  |TAMS 0x00000000d6b00000, 0x00000000d6a00000| Complete 
| 363|0x00000000d6b00000, 0x00000000d6c00000, 0x00000000d6c00000|100%|HS|  |TAMS 0x00000000d6b00000, 0x00000000d6b00000| Complete 
| 364|0x00000000d6c00000, 0x00000000d6d00000, 0x00000000d6d00000|100%|HC|  |TAMS 0x00000000d6c00000, 0x00000000d6c00000| Complete 
| 365|0x00000000d6d00000, 0x00000000d6d00000, 0x00000000d6e00000|  0%| F|  |TAMS 0x00000000d6d00000, 0x00000000d6d00000| Untracked 
| 366|0x00000000d6e00000, 0x00000000d6e00000, 0x00000000d6f00000|  0%| F|  |TAMS 0x00000000d6e00000, 0x00000000d6e00000| Untracked 
| 367|0x00000000d6f00000, 0x00000000d7000000, 0x00000000d7000000|100%|HS|  |TAMS 0x00000000d7000000, 0x00000000d6f00000| Complete 
| 368|0x00000000d7000000, 0x00000000d7000000, 0x00000000d7100000|  0%| F|  |TAMS 0x00000000d7000000, 0x00000000d7000000| Untracked 
| 369|0x00000000d7100000, 0x00000000d7200000, 0x00000000d7200000|100%|HS|  |TAMS 0x00000000d7200000, 0x00000000d7100000| Complete 
| 370|0x00000000d7200000, 0x00000000d7300000, 0x00000000d7300000|100%|HC|  |TAMS 0x00000000d7300000, 0x00000000d7200000| Complete 
| 371|0x00000000d7300000, 0x00000000d7400000, 0x00000000d7400000|100%|HC|  |TAMS 0x00000000d7400000, 0x00000000d7300000| Complete 
| 372|0x00000000d7400000, 0x00000000d7500000, 0x00000000d7500000|100%|HS|  |TAMS 0x00000000d7500000, 0x00000000d7400000| Complete 
| 373|0x00000000d7500000, 0x00000000d7600000, 0x00000000d7600000|100%|HC|  |TAMS 0x00000000d7600000, 0x00000000d7500000| Complete 
| 374|0x00000000d7600000, 0x00000000d7700000, 0x00000000d7700000|100%|HS|  |TAMS 0x00000000d7700000, 0x00000000d7600000| Complete 
| 375|0x00000000d7700000, 0x00000000d7800000, 0x00000000d7800000|100%|HC|  |TAMS 0x00000000d7800000, 0x00000000d7700000| Complete 
| 376|0x00000000d7800000, 0x00000000d7900000, 0x00000000d7900000|100%|HS|  |TAMS 0x00000000d7900000, 0x00000000d7800000| Complete 
| 377|0x00000000d7900000, 0x00000000d7a00000, 0x00000000d7a00000|100%|HS|  |TAMS 0x00000000d7a00000, 0x00000000d7900000| Complete 
| 378|0x00000000d7a00000, 0x00000000d7b00000, 0x00000000d7b00000|100%|HC|  |TAMS 0x00000000d7b00000, 0x00000000d7a00000| Complete 
| 379|0x00000000d7b00000, 0x00000000d7c00000, 0x00000000d7c00000|100%|HS|  |TAMS 0x00000000d7c00000, 0x00000000d7b00000| Complete 
| 380|0x00000000d7c00000, 0x00000000d7c79570, 0x00000000d7d00000| 47%| O|  |TAMS 0x00000000d7c79570, 0x00000000d7c00000| Untracked 
| 381|0x00000000d7d00000, 0x00000000d7d00000, 0x00000000d7e00000|  0%| F|  |TAMS 0x00000000d7d00000, 0x00000000d7d00000| Untracked 
| 382|0x00000000d7e00000, 0x00000000d7e00000, 0x00000000d7f00000|  0%| F|  |TAMS 0x00000000d7e00000, 0x00000000d7e00000| Untracked 
| 383|0x00000000d7f00000, 0x00000000d7f00000, 0x00000000d8000000|  0%| F|  |TAMS 0x00000000d7f00000, 0x00000000d7f00000| Untracked 
| 384|0x00000000d8000000, 0x00000000d8100000, 0x00000000d8100000|100%|HS|  |TAMS 0x00000000d8100000, 0x00000000d8000000| Complete 
| 385|0x00000000d8100000, 0x00000000d8100000, 0x00000000d8200000|  0%| F|  |TAMS 0x00000000d8100000, 0x00000000d8100000| Untracked 
| 386|0x00000000d8200000, 0x00000000d8200000, 0x00000000d8300000|  0%| F|  |TAMS 0x00000000d8200000, 0x00000000d8200000| Untracked 
| 387|0x00000000d8300000, 0x00000000d8300000, 0x00000000d8400000|  0%| F|  |TAMS 0x00000000d8300000, 0x00000000d8300000| Untracked 
| 388|0x00000000d8400000, 0x00000000d8400000, 0x00000000d8500000|  0%| F|  |TAMS 0x00000000d8400000, 0x00000000d8400000| Untracked 
| 389|0x00000000d8500000, 0x00000000d8500000, 0x00000000d8600000|  0%| F|  |TAMS 0x00000000d8500000, 0x00000000d8500000| Untracked 
| 390|0x00000000d8600000, 0x00000000d8600000, 0x00000000d8700000|  0%| F|  |TAMS 0x00000000d8600000, 0x00000000d8600000| Untracked 
| 391|0x00000000d8700000, 0x00000000d8800000, 0x00000000d8800000|100%|HS|  |TAMS 0x00000000d8800000, 0x00000000d8700000| Complete 
| 392|0x00000000d8800000, 0x00000000d8900000, 0x00000000d8900000|100%|HC|  |TAMS 0x00000000d8900000, 0x00000000d8800000| Complete 
| 393|0x00000000d8900000, 0x00000000d8a00000, 0x00000000d8a00000|100%|HS|  |TAMS 0x00000000d8a00000, 0x00000000d8900000| Complete 
| 394|0x00000000d8a00000, 0x00000000d8b00000, 0x00000000d8b00000|100%|HC|  |TAMS 0x00000000d8b00000, 0x00000000d8a00000| Complete 
| 395|0x00000000d8b00000, 0x00000000d8c00000, 0x00000000d8c00000|100%|HS|  |TAMS 0x00000000d8c00000, 0x00000000d8b00000| Complete 
| 396|0x00000000d8c00000, 0x00000000d8d00000, 0x00000000d8d00000|100%|HS|  |TAMS 0x00000000d8d00000, 0x00000000d8c00000| Complete 
| 397|0x00000000d8d00000, 0x00000000d8e00000, 0x00000000d8e00000|100%|HS|  |TAMS 0x00000000d8e00000, 0x00000000d8d00000| Complete 
| 398|0x00000000d8e00000, 0x00000000d8f00000, 0x00000000d8f00000|100%|HC|  |TAMS 0x00000000d8f00000, 0x00000000d8e00000| Complete 
| 399|0x00000000d8f00000, 0x00000000d9000000, 0x00000000d9000000|100%|HS|  |TAMS 0x00000000d9000000, 0x00000000d8f00000| Complete 
| 400|0x00000000d9000000, 0x00000000d9100000, 0x00000000d9100000|100%|HC|  |TAMS 0x00000000d9100000, 0x00000000d9000000| Complete 
| 401|0x00000000d9100000, 0x00000000d9200000, 0x00000000d9200000|100%|HS|  |TAMS 0x00000000d9200000, 0x00000000d9100000| Complete 
| 402|0x00000000d9200000, 0x00000000d9300000, 0x00000000d9300000|100%|HS|  |TAMS 0x00000000d9300000, 0x00000000d9200000| Complete 
| 403|0x00000000d9300000, 0x00000000d9400000, 0x00000000d9400000|100%|HC|  |TAMS 0x00000000d9400000, 0x00000000d9300000| Complete 
| 404|0x00000000d9400000, 0x00000000d9500000, 0x00000000d9500000|100%|HS|  |TAMS 0x00000000d9500000, 0x00000000d9400000| Complete 
| 405|0x00000000d9500000, 0x00000000d9600000, 0x00000000d9600000|100%|HS|  |TAMS 0x00000000d9600000, 0x00000000d9500000| Complete 
| 406|0x00000000d9600000, 0x00000000d9600000, 0x00000000d9700000|  0%| F|  |TAMS 0x00000000d9600000, 0x00000000d9600000| Untracked 
| 407|0x00000000d9700000, 0x00000000d9700000, 0x00000000d9800000|  0%| F|  |TAMS 0x00000000d9700000, 0x00000000d9700000| Untracked 
| 408|0x00000000d9800000, 0x00000000d9900000, 0x00000000d9900000|100%|HS|  |TAMS 0x00000000d9900000, 0x00000000d9800000| Complete 
| 409|0x00000000d9900000, 0x00000000d9a00000, 0x00000000d9a00000|100%| O|  |TAMS 0x00000000d9a00000, 0x00000000d9900000| Untracked 
| 410|0x00000000d9a00000, 0x00000000d9b00000, 0x00000000d9b00000|100%|HS|  |TAMS 0x00000000d9b00000, 0x00000000d9a00000| Complete 
| 411|0x00000000d9b00000, 0x00000000d9c00000, 0x00000000d9c00000|100%|HC|  |TAMS 0x00000000d9c00000, 0x00000000d9b00000| Complete 
| 412|0x00000000d9c00000, 0x00000000d9d00000, 0x00000000d9d00000|100%|HS|  |TAMS 0x00000000d9d00000, 0x00000000d9c00000| Complete 
| 413|0x00000000d9d00000, 0x00000000d9d00000, 0x00000000d9e00000|  0%| F|  |TAMS 0x00000000d9d00000, 0x00000000d9d00000| Untracked 
| 414|0x00000000d9e00000, 0x00000000d9e00000, 0x00000000d9f00000|  0%| F|  |TAMS 0x00000000d9e00000, 0x00000000d9e00000| Untracked 
| 415|0x00000000d9f00000, 0x00000000da000000, 0x00000000da000000|100%|HS|  |TAMS 0x00000000da000000, 0x00000000d9f00000| Complete 
| 416|0x00000000da000000, 0x00000000da100000, 0x00000000da100000|100%|HC|  |TAMS 0x00000000da100000, 0x00000000da000000| Complete 
| 417|0x00000000da100000, 0x00000000da200000, 0x00000000da200000|100%|HC|  |TAMS 0x00000000da200000, 0x00000000da100000| Complete 
| 418|0x00000000da200000, 0x00000000da300000, 0x00000000da300000|100%|HC|  |TAMS 0x00000000da300000, 0x00000000da200000| Complete 
| 419|0x00000000da300000, 0x00000000da400000, 0x00000000da400000|100%|HC|  |TAMS 0x00000000da400000, 0x00000000da300000| Complete 
| 420|0x00000000da400000, 0x00000000da500000, 0x00000000da500000|100%|HS|  |TAMS 0x00000000da500000, 0x00000000da400000| Complete 
| 421|0x00000000da500000, 0x00000000da500000, 0x00000000da600000|  0%| F|  |TAMS 0x00000000da500000, 0x00000000da500000| Untracked 
| 422|0x00000000da600000, 0x00000000da600000, 0x00000000da700000|  0%| F|  |TAMS 0x00000000da600000, 0x00000000da600000| Untracked 
| 423|0x00000000da700000, 0x00000000da700000, 0x00000000da800000|  0%| F|  |TAMS 0x00000000da700000, 0x00000000da700000| Untracked 
| 424|0x00000000da800000, 0x00000000da900000, 0x00000000da900000|100%| O|  |TAMS 0x00000000da900000, 0x00000000da800000| Untracked 
| 425|0x00000000da900000, 0x00000000daa00000, 0x00000000daa00000|100%|HS|  |TAMS 0x00000000daa00000, 0x00000000da900000| Complete 
| 426|0x00000000daa00000, 0x00000000dab00000, 0x00000000dab00000|100%|HS|  |TAMS 0x00000000dab00000, 0x00000000daa00000| Complete 
| 427|0x00000000dab00000, 0x00000000dac00000, 0x00000000dac00000|100%|HC|  |TAMS 0x00000000dac00000, 0x00000000dab00000| Complete 
| 428|0x00000000dac00000, 0x00000000dac00000, 0x00000000dad00000|  0%| F|  |TAMS 0x00000000dac00000, 0x00000000dac00000| Untracked 
| 429|0x00000000dad00000, 0x00000000dae00000, 0x00000000dae00000|100%|HS|  |TAMS 0x00000000dae00000, 0x00000000dad00000| Complete 
| 430|0x00000000dae00000, 0x00000000daf00000, 0x00000000daf00000|100%|HS|  |TAMS 0x00000000daf00000, 0x00000000dae00000| Complete 
| 431|0x00000000daf00000, 0x00000000db000000, 0x00000000db000000|100%|HS|  |TAMS 0x00000000db000000, 0x00000000daf00000| Complete 
| 432|0x00000000db000000, 0x00000000db100000, 0x00000000db100000|100%|HS|  |TAMS 0x00000000db100000, 0x00000000db000000| Complete 
| 433|0x00000000db100000, 0x00000000db200000, 0x00000000db200000|100%|HS|  |TAMS 0x00000000db200000, 0x00000000db100000| Complete 
| 434|0x00000000db200000, 0x00000000db300000, 0x00000000db300000|100%|HC|  |TAMS 0x00000000db300000, 0x00000000db200000| Complete 
| 435|0x00000000db300000, 0x00000000db400000, 0x00000000db400000|100%|HS|  |TAMS 0x00000000db400000, 0x00000000db300000| Complete 
| 436|0x00000000db400000, 0x00000000db500000, 0x00000000db500000|100%|HC|  |TAMS 0x00000000db500000, 0x00000000db400000| Complete 
| 437|0x00000000db500000, 0x00000000db600000, 0x00000000db600000|100%|HS|  |TAMS 0x00000000db600000, 0x00000000db500000| Complete 
| 438|0x00000000db600000, 0x00000000db600000, 0x00000000db700000|  0%| F|  |TAMS 0x00000000db600000, 0x00000000db600000| Untracked 
| 439|0x00000000db700000, 0x00000000db800000, 0x00000000db800000|100%|HS|  |TAMS 0x00000000db800000, 0x00000000db700000| Complete 
| 440|0x00000000db800000, 0x00000000db800000, 0x00000000db900000|  0%| F|  |TAMS 0x00000000db800000, 0x00000000db800000| Untracked 
| 441|0x00000000db900000, 0x00000000dba00000, 0x00000000dba00000|100%|HS|  |TAMS 0x00000000dba00000, 0x00000000db900000| Complete 
| 442|0x00000000dba00000, 0x00000000dbb00000, 0x00000000dbb00000|100%|HC|  |TAMS 0x00000000dbb00000, 0x00000000dba00000| Complete 
| 443|0x00000000dbb00000, 0x00000000dbc00000, 0x00000000dbc00000|100%|HS|  |TAMS 0x00000000dbc00000, 0x00000000dbb00000| Complete 
| 444|0x00000000dbc00000, 0x00000000dbd00000, 0x00000000dbd00000|100%|HS|  |TAMS 0x00000000dbd00000, 0x00000000dbc00000| Complete 
| 445|0x00000000dbd00000, 0x00000000dbd00000, 0x00000000dbe00000|  0%| F|  |TAMS 0x00000000dbd00000, 0x00000000dbd00000| Untracked 
| 446|0x00000000dbe00000, 0x00000000dbf00000, 0x00000000dbf00000|100%|HS|  |TAMS 0x00000000dbf00000, 0x00000000dbe00000| Complete 
| 447|0x00000000dbf00000, 0x00000000dc000000, 0x00000000dc000000|100%|HS|  |TAMS 0x00000000dc000000, 0x00000000dbf00000| Complete 
| 448|0x00000000dc000000, 0x00000000dc100000, 0x00000000dc100000|100%|HS|  |TAMS 0x00000000dc100000, 0x00000000dc000000| Complete 
| 449|0x00000000dc100000, 0x00000000dc100000, 0x00000000dc200000|  0%| F|  |TAMS 0x00000000dc100000, 0x00000000dc100000| Untracked 
| 450|0x00000000dc200000, 0x00000000dc300000, 0x00000000dc300000|100%|HS|  |TAMS 0x00000000dc300000, 0x00000000dc200000| Complete 
| 451|0x00000000dc300000, 0x00000000dc400000, 0x00000000dc400000|100%|HC|  |TAMS 0x00000000dc400000, 0x00000000dc300000| Complete 
| 452|0x00000000dc400000, 0x00000000dc500000, 0x00000000dc500000|100%|HS|  |TAMS 0x00000000dc500000, 0x00000000dc400000| Complete 
| 453|0x00000000dc500000, 0x00000000dc600000, 0x00000000dc600000|100%|HC|  |TAMS 0x00000000dc600000, 0x00000000dc500000| Complete 
| 454|0x00000000dc600000, 0x00000000dc700000, 0x00000000dc700000|100%|HS|  |TAMS 0x00000000dc700000, 0x00000000dc600000| Complete 
| 455|0x00000000dc700000, 0x00000000dc800000, 0x00000000dc800000|100%|HC|  |TAMS 0x00000000dc800000, 0x00000000dc700000| Complete 
| 456|0x00000000dc800000, 0x00000000dc800000, 0x00000000dc900000|  0%| F|  |TAMS 0x00000000dc800000, 0x00000000dc800000| Untracked 
| 457|0x00000000dc900000, 0x00000000dca00000, 0x00000000dca00000|100%|HS|  |TAMS 0x00000000dca00000, 0x00000000dc900000| Complete 
| 458|0x00000000dca00000, 0x00000000dcb00000, 0x00000000dcb00000|100%|HC|  |TAMS 0x00000000dcb00000, 0x00000000dca00000| Complete 
| 459|0x00000000dcb00000, 0x00000000dcc00000, 0x00000000dcc00000|100%|HS|  |TAMS 0x00000000dcc00000, 0x00000000dcb00000| Complete 
| 460|0x00000000dcc00000, 0x00000000dcd00000, 0x00000000dcd00000|100%|HC|  |TAMS 0x00000000dcd00000, 0x00000000dcc00000| Complete 
| 461|0x00000000dcd00000, 0x00000000dcd00000, 0x00000000dce00000|  0%| F|  |TAMS 0x00000000dcd00000, 0x00000000dcd00000| Untracked 
| 462|0x00000000dce00000, 0x00000000dce00000, 0x00000000dcf00000|  0%| F|  |TAMS 0x00000000dce00000, 0x00000000dce00000| Untracked 
| 463|0x00000000dcf00000, 0x00000000dcf00000, 0x00000000dd000000|  0%| F|  |TAMS 0x00000000dcf00000, 0x00000000dcf00000| Untracked 
| 464|0x00000000dd000000, 0x00000000dd100000, 0x00000000dd100000|100%|HS|  |TAMS 0x00000000dd100000, 0x00000000dd000000| Complete 
| 465|0x00000000dd100000, 0x00000000dd200000, 0x00000000dd200000|100%|HC|  |TAMS 0x00000000dd200000, 0x00000000dd100000| Complete 
| 466|0x00000000dd200000, 0x00000000dd300000, 0x00000000dd300000|100%|HS|  |TAMS 0x00000000dd300000, 0x00000000dd200000| Complete 
| 467|0x00000000dd300000, 0x00000000dd400000, 0x00000000dd400000|100%|HS|  |TAMS 0x00000000dd400000, 0x00000000dd300000| Complete 
| 468|0x00000000dd400000, 0x00000000dd500000, 0x00000000dd500000|100%| O|  |TAMS 0x00000000dd500000, 0x00000000dd400000| Untracked 
| 469|0x00000000dd500000, 0x00000000dd600000, 0x00000000dd600000|100%| O|  |TAMS 0x00000000dd600000, 0x00000000dd500000| Untracked 
| 470|0x00000000dd600000, 0x00000000dd600000, 0x00000000dd700000|  0%| F|  |TAMS 0x00000000dd600000, 0x00000000dd600000| Untracked 
| 471|0x00000000dd700000, 0x00000000dd800000, 0x00000000dd800000|100%|HS|  |TAMS 0x00000000dd800000, 0x00000000dd700000| Complete 
| 472|0x00000000dd800000, 0x00000000dd900000, 0x00000000dd900000|100%|HC|  |TAMS 0x00000000dd900000, 0x00000000dd800000| Complete 
| 473|0x00000000dd900000, 0x00000000dda00000, 0x00000000dda00000|100%| O|  |TAMS 0x00000000dda00000, 0x00000000dd900000| Untracked 
| 474|0x00000000dda00000, 0x00000000ddb00000, 0x00000000ddb00000|100%|HS|  |TAMS 0x00000000ddb00000, 0x00000000dda00000| Complete 
| 475|0x00000000ddb00000, 0x00000000ddc00000, 0x00000000ddc00000|100%|HC|  |TAMS 0x00000000ddc00000, 0x00000000ddb00000| Complete 
| 476|0x00000000ddc00000, 0x00000000ddd00000, 0x00000000ddd00000|100%|HS|  |TAMS 0x00000000ddd00000, 0x00000000ddc00000| Complete 
| 477|0x00000000ddd00000, 0x00000000dde00000, 0x00000000dde00000|100%|HS|  |TAMS 0x00000000dde00000, 0x00000000ddd00000| Complete 
| 478|0x00000000dde00000, 0x00000000ddf00000, 0x00000000ddf00000|100%|HC|  |TAMS 0x00000000ddf00000, 0x00000000dde00000| Complete 
| 479|0x00000000ddf00000, 0x00000000de000000, 0x00000000de000000|100%|HS|  |TAMS 0x00000000de000000, 0x00000000ddf00000| Complete 
| 480|0x00000000de000000, 0x00000000de100000, 0x00000000de100000|100%|HC|  |TAMS 0x00000000de100000, 0x00000000de000000| Complete 
| 481|0x00000000de100000, 0x00000000de100000, 0x00000000de200000|  0%| F|  |TAMS 0x00000000de100000, 0x00000000de100000| Untracked 
| 482|0x00000000de200000, 0x00000000de300000, 0x00000000de300000|100%| O|  |TAMS 0x00000000de2aa400, 0x00000000de200000| Untracked 
| 483|0x00000000de300000, 0x00000000de300000, 0x00000000de400000|  0%| F|  |TAMS 0x00000000de300000, 0x00000000de300000| Untracked 
| 484|0x00000000de400000, 0x00000000de500000, 0x00000000de500000|100%|HS|  |TAMS 0x00000000de500000, 0x00000000de400000| Complete 
| 485|0x00000000de500000, 0x00000000de600000, 0x00000000de600000|100%|HC|  |TAMS 0x00000000de600000, 0x00000000de500000| Complete 
| 486|0x00000000de600000, 0x00000000de700000, 0x00000000de700000|100%|HS|  |TAMS 0x00000000de700000, 0x00000000de600000| Complete 
| 487|0x00000000de700000, 0x00000000de800000, 0x00000000de800000|100%|HS|  |TAMS 0x00000000de800000, 0x00000000de700000| Complete 
| 488|0x00000000de800000, 0x00000000de900000, 0x00000000de900000|100%|HC|  |TAMS 0x00000000de900000, 0x00000000de800000| Complete 
| 489|0x00000000de900000, 0x00000000dea00000, 0x00000000dea00000|100%|HS|  |TAMS 0x00000000dea00000, 0x00000000de900000| Complete 
| 490|0x00000000dea00000, 0x00000000deb00000, 0x00000000deb00000|100%|HC|  |TAMS 0x00000000deb00000, 0x00000000dea00000| Complete 
| 491|0x00000000deb00000, 0x00000000dec00000, 0x00000000dec00000|100%|HS|  |TAMS 0x00000000dec00000, 0x00000000deb00000| Complete 
| 492|0x00000000dec00000, 0x00000000ded00000, 0x00000000ded00000|100%|HC|  |TAMS 0x00000000ded00000, 0x00000000dec00000| Complete 
| 493|0x00000000ded00000, 0x00000000dee00000, 0x00000000dee00000|100%|HS|  |TAMS 0x00000000dee00000, 0x00000000ded00000| Complete 
| 494|0x00000000dee00000, 0x00000000def00000, 0x00000000def00000|100%|HC|  |TAMS 0x00000000def00000, 0x00000000dee00000| Complete 
| 495|0x00000000def00000, 0x00000000df000000, 0x00000000df000000|100%|HS|  |TAMS 0x00000000df000000, 0x00000000def00000| Complete 
| 496|0x00000000df000000, 0x00000000df100000, 0x00000000df100000|100%|HC|  |TAMS 0x00000000df100000, 0x00000000df000000| Complete 
| 497|0x00000000df100000, 0x00000000df100000, 0x00000000df200000|  0%| F|  |TAMS 0x00000000df100000, 0x00000000df100000| Untracked 
| 498|0x00000000df200000, 0x00000000df300000, 0x00000000df300000|100%|HS|  |TAMS 0x00000000df300000, 0x00000000df200000| Complete 
| 499|0x00000000df300000, 0x00000000df300000, 0x00000000df400000|  0%| F|  |TAMS 0x00000000df300000, 0x00000000df300000| Untracked 
| 500|0x00000000df400000, 0x00000000df500000, 0x00000000df500000|100%|HS|  |TAMS 0x00000000df500000, 0x00000000df400000| Complete 
| 501|0x00000000df500000, 0x00000000df600000, 0x00000000df600000|100%|HC|  |TAMS 0x00000000df600000, 0x00000000df500000| Complete 
| 502|0x00000000df600000, 0x00000000df700000, 0x00000000df700000|100%|HS|  |TAMS 0x00000000df700000, 0x00000000df600000| Complete 
| 503|0x00000000df700000, 0x00000000df800000, 0x00000000df800000|100%|HS|  |TAMS 0x00000000df800000, 0x00000000df700000| Complete 
| 504|0x00000000df800000, 0x00000000df900000, 0x00000000df900000|100%|HC|  |TAMS 0x00000000df900000, 0x00000000df800000| Complete 
| 505|0x00000000df900000, 0x00000000dfa00000, 0x00000000dfa00000|100%|HS|  |TAMS 0x00000000dfa00000, 0x00000000df900000| Complete 
| 506|0x00000000dfa00000, 0x00000000dfb00000, 0x00000000dfb00000|100%|HS|  |TAMS 0x00000000dfb00000, 0x00000000dfa00000| Complete 
| 507|0x00000000dfb00000, 0x00000000dfc00000, 0x00000000dfc00000|100%|HS|  |TAMS 0x00000000dfc00000, 0x00000000dfb00000| Complete 
| 508|0x00000000dfc00000, 0x00000000dfd00000, 0x00000000dfd00000|100%|HC|  |TAMS 0x00000000dfd00000, 0x00000000dfc00000| Complete 
| 509|0x00000000dfd00000, 0x00000000dfe00000, 0x00000000dfe00000|100%|HS|  |TAMS 0x00000000dfe00000, 0x00000000dfd00000| Complete 
| 510|0x00000000dfe00000, 0x00000000dff00000, 0x00000000dff00000|100%|HC|  |TAMS 0x00000000dff00000, 0x00000000dfe00000| Complete 
| 511|0x00000000dff00000, 0x00000000e0000000, 0x00000000e0000000|100%|HS|  |TAMS 0x00000000e0000000, 0x00000000dff00000| Complete 
| 512|0x00000000e0000000, 0x00000000e0100000, 0x00000000e0100000|100%|HC|  |TAMS 0x00000000e0100000, 0x00000000e0000000| Complete 
| 513|0x00000000e0100000, 0x00000000e0200000, 0x00000000e0200000|100%|HS|  |TAMS 0x00000000e0200000, 0x00000000e0100000| Complete 
| 514|0x00000000e0200000, 0x00000000e0300000, 0x00000000e0300000|100%|HS|  |TAMS 0x00000000e0300000, 0x00000000e0200000| Complete 
| 515|0x00000000e0300000, 0x00000000e0400000, 0x00000000e0400000|100%|HC|  |TAMS 0x00000000e0400000, 0x00000000e0300000| Complete 
| 516|0x00000000e0400000, 0x00000000e0500000, 0x00000000e0500000|100%|HC|  |TAMS 0x00000000e0500000, 0x00000000e0400000| Complete 
| 517|0x00000000e0500000, 0x00000000e0500000, 0x00000000e0600000|  0%| F|  |TAMS 0x00000000e0500000, 0x00000000e0500000| Untracked 
| 518|0x00000000e0600000, 0x00000000e0600000, 0x00000000e0700000|  0%| F|  |TAMS 0x00000000e0600000, 0x00000000e0600000| Untracked 
| 519|0x00000000e0700000, 0x00000000e0700000, 0x00000000e0800000|  0%| F|  |TAMS 0x00000000e0700000, 0x00000000e0700000| Untracked 
| 520|0x00000000e0800000, 0x00000000e0900000, 0x00000000e0900000|100%|HS|  |TAMS 0x00000000e0900000, 0x00000000e0800000| Complete 
| 521|0x00000000e0900000, 0x00000000e0a00000, 0x00000000e0a00000|100%|HC|  |TAMS 0x00000000e0a00000, 0x00000000e0900000| Complete 
| 522|0x00000000e0a00000, 0x00000000e0b00000, 0x00000000e0b00000|100%|HC|  |TAMS 0x00000000e0b00000, 0x00000000e0a00000| Complete 
| 523|0x00000000e0b00000, 0x00000000e0b00000, 0x00000000e0c00000|  0%| F|  |TAMS 0x00000000e0b00000, 0x00000000e0b00000| Untracked 
| 524|0x00000000e0c00000, 0x00000000e0c00000, 0x00000000e0d00000|  0%| F|  |TAMS 0x00000000e0c00000, 0x00000000e0c00000| Untracked 
| 525|0x00000000e0d00000, 0x00000000e0e00000, 0x00000000e0e00000|100%|HS|  |TAMS 0x00000000e0e00000, 0x00000000e0d00000| Complete 
| 526|0x00000000e0e00000, 0x00000000e0f00000, 0x00000000e0f00000|100%|HC|  |TAMS 0x00000000e0f00000, 0x00000000e0e00000| Complete 
| 527|0x00000000e0f00000, 0x00000000e1000000, 0x00000000e1000000|100%|HS|  |TAMS 0x00000000e1000000, 0x00000000e0f00000| Complete 
| 528|0x00000000e1000000, 0x00000000e1100000, 0x00000000e1100000|100%|HC|  |TAMS 0x00000000e1100000, 0x00000000e1000000| Complete 
| 529|0x00000000e1100000, 0x00000000e1200000, 0x00000000e1200000|100%|HS|  |TAMS 0x00000000e1200000, 0x00000000e1100000| Complete 
| 530|0x00000000e1200000, 0x00000000e1300000, 0x00000000e1300000|100%|HC|  |TAMS 0x00000000e1300000, 0x00000000e1200000| Complete 
| 531|0x00000000e1300000, 0x00000000e1300000, 0x00000000e1400000|  0%| F|  |TAMS 0x00000000e1300000, 0x00000000e1300000| Untracked 
| 532|0x00000000e1400000, 0x00000000e1500000, 0x00000000e1500000|100%|HS|  |TAMS 0x00000000e1500000, 0x00000000e1400000| Complete 
| 533|0x00000000e1500000, 0x00000000e1600000, 0x00000000e1600000|100%|HC|  |TAMS 0x00000000e1600000, 0x00000000e1500000| Complete 
| 534|0x00000000e1600000, 0x00000000e1600000, 0x00000000e1700000|  0%| F|  |TAMS 0x00000000e1600000, 0x00000000e1600000| Untracked 
| 535|0x00000000e1700000, 0x00000000e1700000, 0x00000000e1800000|  0%| F|  |TAMS 0x00000000e1700000, 0x00000000e1700000| Untracked 
| 536|0x00000000e1800000, 0x00000000e1900000, 0x00000000e1900000|100%|HS|  |TAMS 0x00000000e1900000, 0x00000000e1800000| Complete 
| 537|0x00000000e1900000, 0x00000000e1a00000, 0x00000000e1a00000|100%|HC|  |TAMS 0x00000000e1a00000, 0x00000000e1900000| Complete 
| 538|0x00000000e1a00000, 0x00000000e1a00000, 0x00000000e1b00000|  0%| F|  |TAMS 0x00000000e1a00000, 0x00000000e1a00000| Untracked 
| 539|0x00000000e1b00000, 0x00000000e1c00000, 0x00000000e1c00000|100%|HS|  |TAMS 0x00000000e1c00000, 0x00000000e1b00000| Complete 
| 540|0x00000000e1c00000, 0x00000000e1d00000, 0x00000000e1d00000|100%|HC|  |TAMS 0x00000000e1d00000, 0x00000000e1c00000| Complete 
| 541|0x00000000e1d00000, 0x00000000e1e00000, 0x00000000e1e00000|100%|HS|  |TAMS 0x00000000e1e00000, 0x00000000e1d00000| Complete 
| 542|0x00000000e1e00000, 0x00000000e1f00000, 0x00000000e1f00000|100%|HC|  |TAMS 0x00000000e1f00000, 0x00000000e1e00000| Complete 
| 543|0x00000000e1f00000, 0x00000000e1f00000, 0x00000000e2000000|  0%| F|  |TAMS 0x00000000e1f00000, 0x00000000e1f00000| Untracked 
| 544|0x00000000e2000000, 0x00000000e2000000, 0x00000000e2100000|  0%| F|  |TAMS 0x00000000e2000000, 0x00000000e2000000| Untracked 
| 545|0x00000000e2100000, 0x00000000e2100000, 0x00000000e2200000|  0%| F|  |TAMS 0x00000000e2100000, 0x00000000e2100000| Untracked 
| 546|0x00000000e2200000, 0x00000000e2200000, 0x00000000e2300000|  0%| F|  |TAMS 0x00000000e2200000, 0x00000000e2200000| Untracked 
| 547|0x00000000e2300000, 0x00000000e2300000, 0x00000000e2400000|  0%| F|  |TAMS 0x00000000e2300000, 0x00000000e2300000| Untracked 
| 548|0x00000000e2400000, 0x00000000e2400000, 0x00000000e2500000|  0%| F|  |TAMS 0x00000000e2400000, 0x00000000e2400000| Untracked 
| 549|0x00000000e2500000, 0x00000000e2600000, 0x00000000e2600000|100%|HS|  |TAMS 0x00000000e2600000, 0x00000000e2500000| Complete 
| 550|0x00000000e2600000, 0x00000000e2700000, 0x00000000e2700000|100%|HC|  |TAMS 0x00000000e2700000, 0x00000000e2600000| Complete 
| 551|0x00000000e2700000, 0x00000000e2700000, 0x00000000e2800000|  0%| F|  |TAMS 0x00000000e2700000, 0x00000000e2700000| Untracked 
| 552|0x00000000e2800000, 0x00000000e2800000, 0x00000000e2900000|  0%| F|  |TAMS 0x00000000e2800000, 0x00000000e2800000| Untracked 
| 553|0x00000000e2900000, 0x00000000e2a00000, 0x00000000e2a00000|100%|HS|  |TAMS 0x00000000e2a00000, 0x00000000e2900000| Complete 
| 554|0x00000000e2a00000, 0x00000000e2a00000, 0x00000000e2b00000|  0%| F|  |TAMS 0x00000000e2a00000, 0x00000000e2a00000| Untracked 
| 555|0x00000000e2b00000, 0x00000000e2b00000, 0x00000000e2c00000|  0%| F|  |TAMS 0x00000000e2b00000, 0x00000000e2b00000| Untracked 
| 556|0x00000000e2c00000, 0x00000000e2c00000, 0x00000000e2d00000|  0%| F|  |TAMS 0x00000000e2c00000, 0x00000000e2c00000| Untracked 
| 557|0x00000000e2d00000, 0x00000000e2e00000, 0x00000000e2e00000|100%|HS|  |TAMS 0x00000000e2e00000, 0x00000000e2d00000| Complete 
| 558|0x00000000e2e00000, 0x00000000e2f00000, 0x00000000e2f00000|100%|HS|  |TAMS 0x00000000e2f00000, 0x00000000e2e00000| Complete 
| 559|0x00000000e2f00000, 0x00000000e2f00000, 0x00000000e3000000|  0%| F|  |TAMS 0x00000000e2f00000, 0x00000000e2f00000| Untracked 
| 560|0x00000000e3000000, 0x00000000e3000000, 0x00000000e3100000|  0%| F|  |TAMS 0x00000000e3000000, 0x00000000e3000000| Untracked 
| 561|0x00000000e3100000, 0x00000000e3100000, 0x00000000e3200000|  0%| F|  |TAMS 0x00000000e3100000, 0x00000000e3100000| Untracked 
| 562|0x00000000e3200000, 0x00000000e3200000, 0x00000000e3300000|  0%| F|  |TAMS 0x00000000e3200000, 0x00000000e3200000| Untracked 
| 563|0x00000000e3300000, 0x00000000e3300000, 0x00000000e3400000|  0%| F|  |TAMS 0x00000000e3300000, 0x00000000e3300000| Untracked 
| 564|0x00000000e3400000, 0x00000000e3400000, 0x00000000e3500000|  0%| F|  |TAMS 0x00000000e3400000, 0x00000000e3400000| Untracked 
| 565|0x00000000e3500000, 0x00000000e3500000, 0x00000000e3600000|  0%| F|  |TAMS 0x00000000e3500000, 0x00000000e3500000| Untracked 
| 566|0x00000000e3600000, 0x00000000e3600000, 0x00000000e3700000|  0%| F|  |TAMS 0x00000000e3600000, 0x00000000e3600000| Untracked 
| 567|0x00000000e3700000, 0x00000000e3800000, 0x00000000e3800000|100%|HS|  |TAMS 0x00000000e3800000, 0x00000000e3700000| Complete 
| 568|0x00000000e3800000, 0x00000000e3900000, 0x00000000e3900000|100%|HC|  |TAMS 0x00000000e3900000, 0x00000000e3800000| Complete 
| 569|0x00000000e3900000, 0x00000000e3a00000, 0x00000000e3a00000|100%|HS|  |TAMS 0x00000000e3a00000, 0x00000000e3900000| Complete 
| 570|0x00000000e3a00000, 0x00000000e3b00000, 0x00000000e3b00000|100%|HC|  |TAMS 0x00000000e3b00000, 0x00000000e3a00000| Complete 
| 571|0x00000000e3b00000, 0x00000000e3b00000, 0x00000000e3c00000|  0%| F|  |TAMS 0x00000000e3b00000, 0x00000000e3b00000| Untracked 
| 572|0x00000000e3c00000, 0x00000000e3c00000, 0x00000000e3d00000|  0%| F|  |TAMS 0x00000000e3c00000, 0x00000000e3c00000| Untracked 
| 573|0x00000000e3d00000, 0x00000000e3e00000, 0x00000000e3e00000|100%|HS|  |TAMS 0x00000000e3e00000, 0x00000000e3d00000| Complete 
| 574|0x00000000e3e00000, 0x00000000e3f00000, 0x00000000e3f00000|100%|HC|  |TAMS 0x00000000e3f00000, 0x00000000e3e00000| Complete 
| 575|0x00000000e3f00000, 0x00000000e3f00000, 0x00000000e4000000|  0%| F|  |TAMS 0x00000000e3f00000, 0x00000000e3f00000| Untracked 
| 576|0x00000000e4000000, 0x00000000e4000000, 0x00000000e4100000|  0%| F|  |TAMS 0x00000000e4000000, 0x00000000e4000000| Untracked 
| 577|0x00000000e4100000, 0x00000000e4200000, 0x00000000e4200000|100%|HS|  |TAMS 0x00000000e4200000, 0x00000000e4100000| Complete 
| 578|0x00000000e4200000, 0x00000000e4200000, 0x00000000e4300000|  0%| F|  |TAMS 0x00000000e4200000, 0x00000000e4200000| Untracked 
| 579|0x00000000e4300000, 0x00000000e4300000, 0x00000000e4400000|  0%| F|  |TAMS 0x00000000e4300000, 0x00000000e4300000| Untracked 
| 580|0x00000000e4400000, 0x00000000e4400000, 0x00000000e4500000|  0%| F|  |TAMS 0x00000000e4400000, 0x00000000e4400000| Untracked 
| 581|0x00000000e4500000, 0x00000000e4500000, 0x00000000e4600000|  0%| F|  |TAMS 0x00000000e4500000, 0x00000000e4500000| Untracked 
| 582|0x00000000e4600000, 0x00000000e4600000, 0x00000000e4700000|  0%| F|  |TAMS 0x00000000e4600000, 0x00000000e4600000| Untracked 
| 583|0x00000000e4700000, 0x00000000e4800000, 0x00000000e4800000|100%|HS|  |TAMS 0x00000000e4800000, 0x00000000e4700000| Complete 
| 584|0x00000000e4800000, 0x00000000e4900000, 0x00000000e4900000|100%|HS|  |TAMS 0x00000000e4900000, 0x00000000e4800000| Complete 
| 585|0x00000000e4900000, 0x00000000e4a00000, 0x00000000e4a00000|100%|HC|  |TAMS 0x00000000e4a00000, 0x00000000e4900000| Complete 
| 586|0x00000000e4a00000, 0x00000000e4b00000, 0x00000000e4b00000|100%|HC|  |TAMS 0x00000000e4b00000, 0x00000000e4a00000| Complete 
| 587|0x00000000e4b00000, 0x00000000e4b00000, 0x00000000e4c00000|  0%| F|  |TAMS 0x00000000e4b00000, 0x00000000e4b00000| Untracked 
| 588|0x00000000e4c00000, 0x00000000e4c00000, 0x00000000e4d00000|  0%| F|  |TAMS 0x00000000e4c00000, 0x00000000e4c00000| Untracked 
| 589|0x00000000e4d00000, 0x00000000e4d00000, 0x00000000e4e00000|  0%| F|  |TAMS 0x00000000e4d00000, 0x00000000e4d00000| Untracked 
| 590|0x00000000e4e00000, 0x00000000e4f00000, 0x00000000e4f00000|100%|HS|  |TAMS 0x00000000e4f00000, 0x00000000e4e00000| Complete 
| 591|0x00000000e4f00000, 0x00000000e5000000, 0x00000000e5000000|100%|HS|  |TAMS 0x00000000e5000000, 0x00000000e4f00000| Complete 
| 592|0x00000000e5000000, 0x00000000e5100000, 0x00000000e5100000|100%|HC|  |TAMS 0x00000000e5100000, 0x00000000e5000000| Complete 
| 593|0x00000000e5100000, 0x00000000e5200000, 0x00000000e5200000|100%|HS|  |TAMS 0x00000000e5200000, 0x00000000e5100000| Complete 
| 594|0x00000000e5200000, 0x00000000e5200000, 0x00000000e5300000|  0%| F|  |TAMS 0x00000000e5200000, 0x00000000e5200000| Untracked 
| 595|0x00000000e5300000, 0x00000000e5300000, 0x00000000e5400000|  0%| F|  |TAMS 0x00000000e5300000, 0x00000000e5300000| Untracked 
| 596|0x00000000e5400000, 0x00000000e5400000, 0x00000000e5500000|  0%| F|  |TAMS 0x00000000e5400000, 0x00000000e5400000| Untracked 
| 597|0x00000000e5500000, 0x00000000e5500000, 0x00000000e5600000|  0%| F|  |TAMS 0x00000000e5500000, 0x00000000e5500000| Untracked 
| 598|0x00000000e5600000, 0x00000000e5600000, 0x00000000e5700000|  0%| F|  |TAMS 0x00000000e5600000, 0x00000000e5600000| Untracked 
| 599|0x00000000e5700000, 0x00000000e5700000, 0x00000000e5800000|  0%| F|  |TAMS 0x00000000e5700000, 0x00000000e5700000| Untracked 
| 600|0x00000000e5800000, 0x00000000e5900000, 0x00000000e5900000|100%|HS|  |TAMS 0x00000000e5900000, 0x00000000e5800000| Complete 
| 601|0x00000000e5900000, 0x00000000e5a00000, 0x00000000e5a00000|100%|HS|  |TAMS 0x00000000e5a00000, 0x00000000e5900000| Complete 
| 602|0x00000000e5a00000, 0x00000000e5b00000, 0x00000000e5b00000|100%|HC|  |TAMS 0x00000000e5b00000, 0x00000000e5a00000| Complete 
| 603|0x00000000e5b00000, 0x00000000e5c00000, 0x00000000e5c00000|100%|HS|  |TAMS 0x00000000e5c00000, 0x00000000e5b00000| Complete 
| 604|0x00000000e5c00000, 0x00000000e5d00000, 0x00000000e5d00000|100%|HS|  |TAMS 0x00000000e5d00000, 0x00000000e5c00000| Complete 
| 605|0x00000000e5d00000, 0x00000000e5e00000, 0x00000000e5e00000|100%|HC|  |TAMS 0x00000000e5e00000, 0x00000000e5d00000| Complete 
| 606|0x00000000e5e00000, 0x00000000e5f00000, 0x00000000e5f00000|100%|HS|  |TAMS 0x00000000e5f00000, 0x00000000e5e00000| Complete 
| 607|0x00000000e5f00000, 0x00000000e6000000, 0x00000000e6000000|100%|HC|  |TAMS 0x00000000e6000000, 0x00000000e5f00000| Complete 
| 608|0x00000000e6000000, 0x00000000e6100000, 0x00000000e6100000|100%|HS|  |TAMS 0x00000000e6100000, 0x00000000e6000000| Complete 
| 609|0x00000000e6100000, 0x00000000e6100000, 0x00000000e6200000|  0%| F|  |TAMS 0x00000000e6100000, 0x00000000e6100000| Untracked 
| 610|0x00000000e6200000, 0x00000000e6200000, 0x00000000e6300000|  0%| F|  |TAMS 0x00000000e6200000, 0x00000000e6200000| Untracked 
| 611|0x00000000e6300000, 0x00000000e6300000, 0x00000000e6400000|  0%| F|  |TAMS 0x00000000e6300000, 0x00000000e6300000| Untracked 
| 612|0x00000000e6400000, 0x00000000e6400000, 0x00000000e6500000|  0%| F|  |TAMS 0x00000000e6400000, 0x00000000e6400000| Untracked 
| 613|0x00000000e6500000, 0x00000000e6500000, 0x00000000e6600000|  0%| F|  |TAMS 0x00000000e6500000, 0x00000000e6500000| Untracked 
| 614|0x00000000e6600000, 0x00000000e6600000, 0x00000000e6700000|  0%| F|  |TAMS 0x00000000e6600000, 0x00000000e6600000| Untracked 
| 615|0x00000000e6700000, 0x00000000e6800000, 0x00000000e6800000|100%|HS|  |TAMS 0x00000000e6800000, 0x00000000e6700000| Complete 
| 616|0x00000000e6800000, 0x00000000e6900000, 0x00000000e6900000|100%|HS|  |TAMS 0x00000000e6900000, 0x00000000e6800000| Complete 
| 617|0x00000000e6900000, 0x00000000e6900000, 0x00000000e6a00000|  0%| F|  |TAMS 0x00000000e6900000, 0x00000000e6900000| Untracked 
| 618|0x00000000e6a00000, 0x00000000e6a00000, 0x00000000e6b00000|  0%| F|  |TAMS 0x00000000e6a00000, 0x00000000e6a00000| Untracked 
| 619|0x00000000e6b00000, 0x00000000e6c00000, 0x00000000e6c00000|100%|HS|  |TAMS 0x00000000e6c00000, 0x00000000e6b00000| Complete 
| 620|0x00000000e6c00000, 0x00000000e6d00000, 0x00000000e6d00000|100%|HC|  |TAMS 0x00000000e6d00000, 0x00000000e6c00000| Complete 
| 621|0x00000000e6d00000, 0x00000000e6d00000, 0x00000000e6e00000|  0%| F|  |TAMS 0x00000000e6d00000, 0x00000000e6d00000| Untracked 
| 622|0x00000000e6e00000, 0x00000000e6f00000, 0x00000000e6f00000|100%|HS|  |TAMS 0x00000000e6f00000, 0x00000000e6e00000| Complete 
| 623|0x00000000e6f00000, 0x00000000e7000000, 0x00000000e7000000|100%|HC|  |TAMS 0x00000000e7000000, 0x00000000e6f00000| Complete 
| 624|0x00000000e7000000, 0x00000000e7000000, 0x00000000e7100000|  0%| F|  |TAMS 0x00000000e7000000, 0x00000000e7000000| Untracked 
| 625|0x00000000e7100000, 0x00000000e7200000, 0x00000000e7200000|100%|HS|  |TAMS 0x00000000e7200000, 0x00000000e7100000| Complete 
| 626|0x00000000e7200000, 0x00000000e7300000, 0x00000000e7300000|100%|HC|  |TAMS 0x00000000e7300000, 0x00000000e7200000| Complete 
| 627|0x00000000e7300000, 0x00000000e7400000, 0x00000000e7400000|100%|HS|  |TAMS 0x00000000e7400000, 0x00000000e7300000| Complete 
| 628|0x00000000e7400000, 0x00000000e7500000, 0x00000000e7500000|100%|HC|  |TAMS 0x00000000e7500000, 0x00000000e7400000| Complete 
| 629|0x00000000e7500000, 0x00000000e7600000, 0x00000000e7600000|100%|HS|  |TAMS 0x00000000e7600000, 0x00000000e7500000| Complete 
| 630|0x00000000e7600000, 0x00000000e7700000, 0x00000000e7700000|100%| O|  |TAMS 0x00000000e7700000, 0x00000000e7600000| Complete 
| 631|0x00000000e7700000, 0x00000000e7800000, 0x00000000e7800000|100%|HS|  |TAMS 0x00000000e7800000, 0x00000000e7700000| Complete 
| 632|0x00000000e7800000, 0x00000000e7900000, 0x00000000e7900000|100%|HS|  |TAMS 0x00000000e7900000, 0x00000000e7800000| Complete 
| 633|0x00000000e7900000, 0x00000000e7a00000, 0x00000000e7a00000|100%|HC|  |TAMS 0x00000000e7a00000, 0x00000000e7900000| Complete 
| 634|0x00000000e7a00000, 0x00000000e7b00000, 0x00000000e7b00000|100%|HS|  |TAMS 0x00000000e7b00000, 0x00000000e7a00000| Complete 
| 635|0x00000000e7b00000, 0x00000000e7c00000, 0x00000000e7c00000|100%|HC|  |TAMS 0x00000000e7c00000, 0x00000000e7b00000| Complete 
| 636|0x00000000e7c00000, 0x00000000e7c00000, 0x00000000e7d00000|  0%| F|  |TAMS 0x00000000e7c00000, 0x00000000e7c00000| Untracked 
| 637|0x00000000e7d00000, 0x00000000e7e00000, 0x00000000e7e00000|100%| O|  |TAMS 0x00000000e7e00000, 0x00000000e7d00000| Untracked 
| 638|0x00000000e7e00000, 0x00000000e7f00000, 0x00000000e7f00000|100%|HS|  |TAMS 0x00000000e7f00000, 0x00000000e7e00000| Complete 
| 639|0x00000000e7f00000, 0x00000000e7f00000, 0x00000000e8000000|  0%| F|  |TAMS 0x00000000e7f00000, 0x00000000e7f00000| Untracked 
| 640|0x00000000e8000000, 0x00000000e8100000, 0x00000000e8100000|100%|HS|  |TAMS 0x00000000e8100000, 0x00000000e8000000| Complete 
| 641|0x00000000e8100000, 0x00000000e8200000, 0x00000000e8200000|100%|HC|  |TAMS 0x00000000e8200000, 0x00000000e8100000| Complete 
| 642|0x00000000e8200000, 0x00000000e8200000, 0x00000000e8300000|  0%| F|  |TAMS 0x00000000e8200000, 0x00000000e8200000| Untracked 
| 643|0x00000000e8300000, 0x00000000e8300000, 0x00000000e8400000|  0%| F|  |TAMS 0x00000000e8300000, 0x00000000e8300000| Untracked 
| 644|0x00000000e8400000, 0x00000000e8500000, 0x00000000e8500000|100%|HS|  |TAMS 0x00000000e8500000, 0x00000000e8400000| Complete 
| 645|0x00000000e8500000, 0x00000000e8600000, 0x00000000e8600000|100%|HC|  |TAMS 0x00000000e8600000, 0x00000000e8500000| Complete 
| 646|0x00000000e8600000, 0x00000000e8700000, 0x00000000e8700000|100%|HS|  |TAMS 0x00000000e8700000, 0x00000000e8600000| Complete 
| 647|0x00000000e8700000, 0x00000000e8800000, 0x00000000e8800000|100%|HC|  |TAMS 0x00000000e8800000, 0x00000000e8700000| Complete 
| 648|0x00000000e8800000, 0x00000000e8900000, 0x00000000e8900000|100%|HS|  |TAMS 0x00000000e8900000, 0x00000000e8800000| Complete 
| 649|0x00000000e8900000, 0x00000000e8a00000, 0x00000000e8a00000|100%|HC|  |TAMS 0x00000000e8a00000, 0x00000000e8900000| Complete 
| 650|0x00000000e8a00000, 0x00000000e8b00000, 0x00000000e8b00000|100%|HS|  |TAMS 0x00000000e8b00000, 0x00000000e8a00000| Complete 
| 651|0x00000000e8b00000, 0x00000000e8c00000, 0x00000000e8c00000|100%|HC|  |TAMS 0x00000000e8c00000, 0x00000000e8b00000| Complete 
| 652|0x00000000e8c00000, 0x00000000e8d00000, 0x00000000e8d00000|100%|HS|  |TAMS 0x00000000e8d00000, 0x00000000e8c00000| Complete 
| 653|0x00000000e8d00000, 0x00000000e8e00000, 0x00000000e8e00000|100%|HC|  |TAMS 0x00000000e8e00000, 0x00000000e8d00000| Complete 
| 654|0x00000000e8e00000, 0x00000000e8f00000, 0x00000000e8f00000|100%|HS|  |TAMS 0x00000000e8f00000, 0x00000000e8e00000| Complete 
| 655|0x00000000e8f00000, 0x00000000e9000000, 0x00000000e9000000|100%|HC|  |TAMS 0x00000000e9000000, 0x00000000e8f00000| Complete 
| 656|0x00000000e9000000, 0x00000000e9100000, 0x00000000e9100000|100%|HS|  |TAMS 0x00000000e9100000, 0x00000000e9000000| Complete 
| 657|0x00000000e9100000, 0x00000000e9200000, 0x00000000e9200000|100%|HC|  |TAMS 0x00000000e9200000, 0x00000000e9100000| Complete 
| 658|0x00000000e9200000, 0x00000000e9300000, 0x00000000e9300000|100%|HS|  |TAMS 0x00000000e9300000, 0x00000000e9200000| Complete 
| 659|0x00000000e9300000, 0x00000000e9400000, 0x00000000e9400000|100%|HC|  |TAMS 0x00000000e9400000, 0x00000000e9300000| Complete 
| 660|0x00000000e9400000, 0x00000000e9500000, 0x00000000e9500000|100%|HS|  |TAMS 0x00000000e9500000, 0x00000000e9400000| Complete 
| 661|0x00000000e9500000, 0x00000000e9600000, 0x00000000e9600000|100%|HC|  |TAMS 0x00000000e9600000, 0x00000000e9500000| Complete 
| 662|0x00000000e9600000, 0x00000000e9700000, 0x00000000e9700000|100%|HS|  |TAMS 0x00000000e9700000, 0x00000000e9600000| Complete 
| 663|0x00000000e9700000, 0x00000000e9800000, 0x00000000e9800000|100%|HC|  |TAMS 0x00000000e9800000, 0x00000000e9700000| Complete 
| 664|0x00000000e9800000, 0x00000000e9900000, 0x00000000e9900000|100%|HS|  |TAMS 0x00000000e9900000, 0x00000000e9800000| Complete 
| 665|0x00000000e9900000, 0x00000000e9a00000, 0x00000000e9a00000|100%|HC|  |TAMS 0x00000000e9a00000, 0x00000000e9900000| Complete 
| 666|0x00000000e9a00000, 0x00000000e9b00000, 0x00000000e9b00000|100%|HS|  |TAMS 0x00000000e9b00000, 0x00000000e9a00000| Complete 
| 667|0x00000000e9b00000, 0x00000000e9c00000, 0x00000000e9c00000|100%|HC|  |TAMS 0x00000000e9c00000, 0x00000000e9b00000| Complete 
| 668|0x00000000e9c00000, 0x00000000e9c00000, 0x00000000e9d00000|  0%| F|  |TAMS 0x00000000e9c00000, 0x00000000e9c00000| Untracked 
| 669|0x00000000e9d00000, 0x00000000e9e00000, 0x00000000e9e00000|100%|HS|  |TAMS 0x00000000e9e00000, 0x00000000e9d00000| Complete 
| 670|0x00000000e9e00000, 0x00000000e9f00000, 0x00000000e9f00000|100%|HC|  |TAMS 0x00000000e9f00000, 0x00000000e9e00000| Complete 
| 671|0x00000000e9f00000, 0x00000000ea000000, 0x00000000ea000000|100%|HS|  |TAMS 0x00000000ea000000, 0x00000000e9f00000| Complete 
| 672|0x00000000ea000000, 0x00000000ea100000, 0x00000000ea100000|100%|HC|  |TAMS 0x00000000ea100000, 0x00000000ea000000| Complete 
| 673|0x00000000ea100000, 0x00000000ea100000, 0x00000000ea200000|  0%| F|  |TAMS 0x00000000ea100000, 0x00000000ea100000| Untracked 
| 674|0x00000000ea200000, 0x00000000ea200000, 0x00000000ea300000|  0%| F|  |TAMS 0x00000000ea200000, 0x00000000ea200000| Untracked 
| 675|0x00000000ea300000, 0x00000000ea400000, 0x00000000ea400000|100%|HS|  |TAMS 0x00000000ea400000, 0x00000000ea300000| Complete 
| 676|0x00000000ea400000, 0x00000000ea400000, 0x00000000ea500000|  0%| F|  |TAMS 0x00000000ea400000, 0x00000000ea400000| Untracked 
| 677|0x00000000ea500000, 0x00000000ea600000, 0x00000000ea600000|100%|HS|  |TAMS 0x00000000ea600000, 0x00000000ea500000| Complete 
| 678|0x00000000ea600000, 0x00000000ea700000, 0x00000000ea700000|100%|HC|  |TAMS 0x00000000ea700000, 0x00000000ea600000| Complete 
| 679|0x00000000ea700000, 0x00000000ea800000, 0x00000000ea800000|100%|HS|  |TAMS 0x00000000ea800000, 0x00000000ea700000| Complete 
| 680|0x00000000ea800000, 0x00000000ea900000, 0x00000000ea900000|100%|HC|  |TAMS 0x00000000ea900000, 0x00000000ea800000| Complete 
| 681|0x00000000ea900000, 0x00000000ea900000, 0x00000000eaa00000|  0%| F|  |TAMS 0x00000000ea900000, 0x00000000ea900000| Untracked 
| 682|0x00000000eaa00000, 0x00000000eab00000, 0x00000000eab00000|100%|HS|  |TAMS 0x00000000eab00000, 0x00000000eaa00000| Complete 
| 683|0x00000000eab00000, 0x00000000eac00000, 0x00000000eac00000|100%|HS|  |TAMS 0x00000000eac00000, 0x00000000eab00000| Complete 
| 684|0x00000000eac00000, 0x00000000ead00000, 0x00000000ead00000|100%|HC|  |TAMS 0x00000000ead00000, 0x00000000eac00000| Complete 
| 685|0x00000000ead00000, 0x00000000eae00000, 0x00000000eae00000|100%|HS|  |TAMS 0x00000000eae00000, 0x00000000ead00000| Complete 
| 686|0x00000000eae00000, 0x00000000eaf00000, 0x00000000eaf00000|100%|HC|  |TAMS 0x00000000eaf00000, 0x00000000eae00000| Complete 
| 687|0x00000000eaf00000, 0x00000000eb000000, 0x00000000eb000000|100%|HS|  |TAMS 0x00000000eb000000, 0x00000000eaf00000| Complete 
| 688|0x00000000eb000000, 0x00000000eb100000, 0x00000000eb100000|100%|HC|  |TAMS 0x00000000eb100000, 0x00000000eb000000| Complete 
| 689|0x00000000eb100000, 0x00000000eb100000, 0x00000000eb200000|  0%| F|  |TAMS 0x00000000eb100000, 0x00000000eb100000| Untracked 
| 690|0x00000000eb200000, 0x00000000eb200000, 0x00000000eb300000|  0%| F|  |TAMS 0x00000000eb200000, 0x00000000eb200000| Untracked 
| 691|0x00000000eb300000, 0x00000000eb400000, 0x00000000eb400000|100%|HS|  |TAMS 0x00000000eb400000, 0x00000000eb300000| Complete 
| 692|0x00000000eb400000, 0x00000000eb500000, 0x00000000eb500000|100%|HC|  |TAMS 0x00000000eb500000, 0x00000000eb400000| Complete 
| 693|0x00000000eb500000, 0x00000000eb600000, 0x00000000eb600000|100%|HS|  |TAMS 0x00000000eb600000, 0x00000000eb500000| Complete 
| 694|0x00000000eb600000, 0x00000000eb700000, 0x00000000eb700000|100%|HC|  |TAMS 0x00000000eb700000, 0x00000000eb600000| Complete 
| 695|0x00000000eb700000, 0x00000000eb700000, 0x00000000eb800000|  0%| F|  |TAMS 0x00000000eb700000, 0x00000000eb700000| Untracked 
| 696|0x00000000eb800000, 0x00000000eb871b90, 0x00000000eb900000| 44%| E|  |TAMS 0x00000000eb800000, 0x00000000eb800000| Complete 
| 697|0x00000000eb900000, 0x00000000eba00000, 0x00000000eba00000|100%| E|CS|TAMS 0x00000000eb900000, 0x00000000eb900000| Complete 
| 698|0x00000000eba00000, 0x00000000ebb00000, 0x00000000ebb00000|100%| E|  |TAMS 0x00000000eba00000, 0x00000000eba00000| Complete 
| 699|0x00000000ebb00000, 0x00000000ebc00000, 0x00000000ebc00000|100%|HS|  |TAMS 0x00000000ebc00000, 0x00000000ebb00000| Complete 
| 700|0x00000000ebc00000, 0x00000000ebd00000, 0x00000000ebd00000|100%|HC|  |TAMS 0x00000000ebd00000, 0x00000000ebc00000| Complete 
| 701|0x00000000ebd00000, 0x00000000ebe00000, 0x00000000ebe00000|100%|HS|  |TAMS 0x00000000ebe00000, 0x00000000ebd00000| Complete 
| 702|0x00000000ebe00000, 0x00000000ebf00000, 0x00000000ebf00000|100%|HC|  |TAMS 0x00000000ebf00000, 0x00000000ebe00000| Complete 
| 703|0x00000000ebf00000, 0x00000000ec000000, 0x00000000ec000000|100%| E|CS|TAMS 0x00000000ebf00000, 0x00000000ebf00000| Complete 
| 704|0x00000000ec000000, 0x00000000ec100000, 0x00000000ec100000|100%|HS|  |TAMS 0x00000000ec100000, 0x00000000ec000000| Complete 
| 705|0x00000000ec100000, 0x00000000ec200000, 0x00000000ec200000|100%|HS|  |TAMS 0x00000000ec200000, 0x00000000ec100000| Complete 
| 706|0x00000000ec200000, 0x00000000ec300000, 0x00000000ec300000|100%|HC|  |TAMS 0x00000000ec300000, 0x00000000ec200000| Complete 
| 707|0x00000000ec300000, 0x00000000ec400000, 0x00000000ec400000|100%| E|CS|TAMS 0x00000000ec300000, 0x00000000ec300000| Complete 
| 708|0x00000000ec400000, 0x00000000ec500000, 0x00000000ec500000|100%|HS|  |TAMS 0x00000000ec500000, 0x00000000ec400000| Complete 
| 709|0x00000000ec500000, 0x00000000ec600000, 0x00000000ec600000|100%|HC|  |TAMS 0x00000000ec600000, 0x00000000ec500000| Complete 
| 710|0x00000000ec600000, 0x00000000ec700000, 0x00000000ec700000|100%|HS|  |TAMS 0x00000000ec700000, 0x00000000ec600000| Complete 
| 711|0x00000000ec700000, 0x00000000ec800000, 0x00000000ec800000|100%|HC|  |TAMS 0x00000000ec800000, 0x00000000ec700000| Complete 
| 712|0x00000000ec800000, 0x00000000ec900000, 0x00000000ec900000|100%|HS|  |TAMS 0x00000000ec900000, 0x00000000ec800000| Complete 
| 713|0x00000000ec900000, 0x00000000eca00000, 0x00000000eca00000|100%|HC|  |TAMS 0x00000000eca00000, 0x00000000ec900000| Complete 
| 714|0x00000000eca00000, 0x00000000ecb00000, 0x00000000ecb00000|100%|HC|  |TAMS 0x00000000ecb00000, 0x00000000eca00000| Complete 
| 715|0x00000000ecb00000, 0x00000000ecc00000, 0x00000000ecc00000|100%|HS|  |TAMS 0x00000000ecc00000, 0x00000000ecb00000| Complete 
| 716|0x00000000ecc00000, 0x00000000ecd00000, 0x00000000ecd00000|100%|HS|  |TAMS 0x00000000ecd00000, 0x00000000ecc00000| Complete 
| 717|0x00000000ecd00000, 0x00000000ece00000, 0x00000000ece00000|100%|HS|  |TAMS 0x00000000ece00000, 0x00000000ecd00000| Complete 
| 718|0x00000000ece00000, 0x00000000ecf00000, 0x00000000ecf00000|100%|HC|  |TAMS 0x00000000ecf00000, 0x00000000ece00000| Complete 
| 719|0x00000000ecf00000, 0x00000000ed000000, 0x00000000ed000000|100%|HS|  |TAMS 0x00000000ed000000, 0x00000000ecf00000| Complete 
| 720|0x00000000ed000000, 0x00000000ed100000, 0x00000000ed100000|100%|HC|  |TAMS 0x00000000ed100000, 0x00000000ed000000| Complete 
| 721|0x00000000ed100000, 0x00000000ed200000, 0x00000000ed200000|100%|HC|  |TAMS 0x00000000ed200000, 0x00000000ed100000| Complete 
| 722|0x00000000ed200000, 0x00000000ed300000, 0x00000000ed300000|100%|HC|  |TAMS 0x00000000ed300000, 0x00000000ed200000| Complete 
| 723|0x00000000ed300000, 0x00000000ed400000, 0x00000000ed400000|100%|HC|  |TAMS 0x00000000ed400000, 0x00000000ed300000| Complete 
| 724|0x00000000ed400000, 0x00000000ed500000, 0x00000000ed500000|100%| E|CS|TAMS 0x00000000ed400000, 0x00000000ed400000| Complete 
| 725|0x00000000ed500000, 0x00000000ed600000, 0x00000000ed600000|100%|HS|  |TAMS 0x00000000ed600000, 0x00000000ed500000| Complete 
| 726|0x00000000ed600000, 0x00000000ed700000, 0x00000000ed700000|100%|HS|  |TAMS 0x00000000ed700000, 0x00000000ed600000| Complete 
| 727|0x00000000ed700000, 0x00000000ed800000, 0x00000000ed800000|100%|HC|  |TAMS 0x00000000ed800000, 0x00000000ed700000| Complete 
| 728|0x00000000ed800000, 0x00000000ed900000, 0x00000000ed900000|100%|HC|  |TAMS 0x00000000ed900000, 0x00000000ed800000| Complete 
| 729|0x00000000ed900000, 0x00000000eda00000, 0x00000000eda00000|100%| E|CS|TAMS 0x00000000ed900000, 0x00000000ed900000| Complete 
| 730|0x00000000eda00000, 0x00000000edb00000, 0x00000000edb00000|100%| E|CS|TAMS 0x00000000eda00000, 0x00000000eda00000| Complete 
| 731|0x00000000edb00000, 0x00000000edc00000, 0x00000000edc00000|100%| E|CS|TAMS 0x00000000edb00000, 0x00000000edb00000| Complete 
| 732|0x00000000edc00000, 0x00000000edd00000, 0x00000000edd00000|100%|HS|  |TAMS 0x00000000edd00000, 0x00000000edc00000| Complete 
| 733|0x00000000edd00000, 0x00000000ede00000, 0x00000000ede00000|100%| E|CS|TAMS 0x00000000edd00000, 0x00000000edd00000| Complete 
| 734|0x00000000ede00000, 0x00000000edf00000, 0x00000000edf00000|100%| E|CS|TAMS 0x00000000ede00000, 0x00000000ede00000| Complete 
| 735|0x00000000edf00000, 0x00000000ee000000, 0x00000000ee000000|100%|HS|  |TAMS 0x00000000ee000000, 0x00000000edf00000| Complete 
| 736|0x00000000ee000000, 0x00000000ee100000, 0x00000000ee100000|100%|HC|  |TAMS 0x00000000ee100000, 0x00000000ee000000| Complete 
| 737|0x00000000ee100000, 0x00000000ee200000, 0x00000000ee200000|100%|HS|  |TAMS 0x00000000ee200000, 0x00000000ee100000| Complete 
| 738|0x00000000ee200000, 0x00000000ee300000, 0x00000000ee300000|100%|HC|  |TAMS 0x00000000ee300000, 0x00000000ee200000| Complete 
| 739|0x00000000ee300000, 0x00000000ee400000, 0x00000000ee400000|100%|HS|  |TAMS 0x00000000ee400000, 0x00000000ee300000| Complete 
| 740|0x00000000ee400000, 0x00000000ee500000, 0x00000000ee500000|100%|HC|  |TAMS 0x00000000ee500000, 0x00000000ee400000| Complete 
| 741|0x00000000ee500000, 0x00000000ee600000, 0x00000000ee600000|100%|HS|  |TAMS 0x00000000ee600000, 0x00000000ee500000| Complete 
| 742|0x00000000ee600000, 0x00000000ee700000, 0x00000000ee700000|100%|HC|  |TAMS 0x00000000ee700000, 0x00000000ee600000| Complete 
| 743|0x00000000ee700000, 0x00000000ee800000, 0x00000000ee800000|100%|HS|  |TAMS 0x00000000ee800000, 0x00000000ee700000| Complete 
| 744|0x00000000ee800000, 0x00000000ee900000, 0x00000000ee900000|100%|HC|  |TAMS 0x00000000ee900000, 0x00000000ee800000| Complete 
| 745|0x00000000ee900000, 0x00000000eea00000, 0x00000000eea00000|100%| E|CS|TAMS 0x00000000ee900000, 0x00000000ee900000| Complete 
| 746|0x00000000eea00000, 0x00000000eeb00000, 0x00000000eeb00000|100%|HS|  |TAMS 0x00000000eeb00000, 0x00000000eea00000| Complete 
| 747|0x00000000eeb00000, 0x00000000eec00000, 0x00000000eec00000|100%|HC|  |TAMS 0x00000000eec00000, 0x00000000eeb00000| Complete 
| 748|0x00000000eec00000, 0x00000000eed00000, 0x00000000eed00000|100%|HS|  |TAMS 0x00000000eed00000, 0x00000000eec00000| Complete 
| 749|0x00000000eed00000, 0x00000000eee00000, 0x00000000eee00000|100%|HC|  |TAMS 0x00000000eee00000, 0x00000000eed00000| Complete 
| 750|0x00000000eee00000, 0x00000000eef00000, 0x00000000eef00000|100%| E|CS|TAMS 0x00000000eee00000, 0x00000000eee00000| Complete 
| 751|0x00000000eef00000, 0x00000000ef000000, 0x00000000ef000000|100%| E|CS|TAMS 0x00000000eef00000, 0x00000000eef00000| Complete 
| 752|0x00000000ef000000, 0x00000000ef100000, 0x00000000ef100000|100%| E|CS|TAMS 0x00000000ef000000, 0x00000000ef000000| Complete 
| 753|0x00000000ef100000, 0x00000000ef200000, 0x00000000ef200000|100%|HS|  |TAMS 0x00000000ef200000, 0x00000000ef100000| Complete 
| 754|0x00000000ef200000, 0x00000000ef300000, 0x00000000ef300000|100%|HC|  |TAMS 0x00000000ef300000, 0x00000000ef200000| Complete 
| 755|0x00000000ef300000, 0x00000000ef400000, 0x00000000ef400000|100%|HC|  |TAMS 0x00000000ef400000, 0x00000000ef300000| Complete 
| 756|0x00000000ef400000, 0x00000000ef500000, 0x00000000ef500000|100%|HS|  |TAMS 0x00000000ef500000, 0x00000000ef400000| Complete 
| 757|0x00000000ef500000, 0x00000000ef600000, 0x00000000ef600000|100%|HC|  |TAMS 0x00000000ef600000, 0x00000000ef500000| Complete 
| 758|0x00000000ef600000, 0x00000000ef700000, 0x00000000ef700000|100%|HC|  |TAMS 0x00000000ef700000, 0x00000000ef600000| Complete 
| 759|0x00000000ef700000, 0x00000000ef800000, 0x00000000ef800000|100%|HS|  |TAMS 0x00000000ef800000, 0x00000000ef700000| Complete 
| 760|0x00000000ef800000, 0x00000000ef900000, 0x00000000ef900000|100%|HC|  |TAMS 0x00000000ef900000, 0x00000000ef800000| Complete 
| 761|0x00000000ef900000, 0x00000000efa00000, 0x00000000efa00000|100%|HS|  |TAMS 0x00000000efa00000, 0x00000000ef900000| Complete 
| 762|0x00000000efa00000, 0x00000000efb00000, 0x00000000efb00000|100%|HC|  |TAMS 0x00000000efb00000, 0x00000000efa00000| Complete 
| 763|0x00000000efb00000, 0x00000000efc00000, 0x00000000efc00000|100%|HS|  |TAMS 0x00000000efc00000, 0x00000000efb00000| Complete 
| 764|0x00000000efc00000, 0x00000000efd00000, 0x00000000efd00000|100%|HC|  |TAMS 0x00000000efd00000, 0x00000000efc00000| Complete 
| 765|0x00000000efd00000, 0x00000000efe00000, 0x00000000efe00000|100%|HS|  |TAMS 0x00000000efe00000, 0x00000000efd00000| Complete 
| 766|0x00000000efe00000, 0x00000000eff00000, 0x00000000eff00000|100%|HC|  |TAMS 0x00000000eff00000, 0x00000000efe00000| Complete 
| 767|0x00000000eff00000, 0x00000000f0000000, 0x00000000f0000000|100%|HS|  |TAMS 0x00000000f0000000, 0x00000000eff00000| Complete 
| 768|0x00000000f0000000, 0x00000000f0100000, 0x00000000f0100000|100%|HC|  |TAMS 0x00000000f0100000, 0x00000000f0000000| Complete 
| 769|0x00000000f0100000, 0x00000000f0200000, 0x00000000f0200000|100%|HS|  |TAMS 0x00000000f0200000, 0x00000000f0100000| Complete 
| 770|0x00000000f0200000, 0x00000000f0300000, 0x00000000f0300000|100%|HC|  |TAMS 0x00000000f0300000, 0x00000000f0200000| Complete 
| 771|0x00000000f0300000, 0x00000000f0400000, 0x00000000f0400000|100%|HS|  |TAMS 0x00000000f0400000, 0x00000000f0300000| Complete 
| 772|0x00000000f0400000, 0x00000000f0500000, 0x00000000f0500000|100%|HC|  |TAMS 0x00000000f0500000, 0x00000000f0400000| Complete 
| 773|0x00000000f0500000, 0x00000000f0600000, 0x00000000f0600000|100%|HS|  |TAMS 0x00000000f0600000, 0x00000000f0500000| Complete 
| 774|0x00000000f0600000, 0x00000000f0700000, 0x00000000f0700000|100%|HC|  |TAMS 0x00000000f0700000, 0x00000000f0600000| Complete 
| 775|0x00000000f0700000, 0x00000000f0800000, 0x00000000f0800000|100%| E|CS|TAMS 0x00000000f0700000, 0x00000000f0700000| Complete 
| 776|0x00000000f0800000, 0x00000000f0900000, 0x00000000f0900000|100%| E|CS|TAMS 0x00000000f0800000, 0x00000000f0800000| Complete 
| 777|0x00000000f0900000, 0x00000000f0a00000, 0x00000000f0a00000|100%| E|CS|TAMS 0x00000000f0900000, 0x00000000f0900000| Complete 
| 778|0x00000000f0a00000, 0x00000000f0b00000, 0x00000000f0b00000|100%| E|CS|TAMS 0x00000000f0a00000, 0x00000000f0a00000| Complete 
| 779|0x00000000f0b00000, 0x00000000f0c00000, 0x00000000f0c00000|100%| E|CS|TAMS 0x00000000f0b00000, 0x00000000f0b00000| Complete 
| 780|0x00000000f0c00000, 0x00000000f0d00000, 0x00000000f0d00000|100%| E|CS|TAMS 0x00000000f0c00000, 0x00000000f0c00000| Complete 
| 781|0x00000000f0d00000, 0x00000000f0e00000, 0x00000000f0e00000|100%| E|CS|TAMS 0x00000000f0d00000, 0x00000000f0d00000| Complete 
| 782|0x00000000f0e00000, 0x00000000f0f00000, 0x00000000f0f00000|100%| E|CS|TAMS 0x00000000f0e00000, 0x00000000f0e00000| Complete 
| 783|0x00000000f0f00000, 0x00000000f1000000, 0x00000000f1000000|100%|HS|  |TAMS 0x00000000f1000000, 0x00000000f0f00000| Complete 
| 784|0x00000000f1000000, 0x00000000f1100000, 0x00000000f1100000|100%|HC|  |TAMS 0x00000000f1100000, 0x00000000f1000000| Complete 
| 785|0x00000000f1100000, 0x00000000f1200000, 0x00000000f1200000|100%|HS|  |TAMS 0x00000000f1200000, 0x00000000f1100000| Complete 
| 786|0x00000000f1200000, 0x00000000f1300000, 0x00000000f1300000|100%|HC|  |TAMS 0x00000000f1300000, 0x00000000f1200000| Complete 
| 787|0x00000000f1300000, 0x00000000f1400000, 0x00000000f1400000|100%|HS|  |TAMS 0x00000000f1400000, 0x00000000f1300000| Complete 
| 788|0x00000000f1400000, 0x00000000f1500000, 0x00000000f1500000|100%|HC|  |TAMS 0x00000000f1500000, 0x00000000f1400000| Complete 
| 789|0x00000000f1500000, 0x00000000f1600000, 0x00000000f1600000|100%|HS|  |TAMS 0x00000000f1600000, 0x00000000f1500000| Complete 
| 790|0x00000000f1600000, 0x00000000f1700000, 0x00000000f1700000|100%|HC|  |TAMS 0x00000000f1700000, 0x00000000f1600000| Complete 
| 791|0x00000000f1700000, 0x00000000f1800000, 0x00000000f1800000|100%|HS|  |TAMS 0x00000000f1800000, 0x00000000f1700000| Complete 
| 792|0x00000000f1800000, 0x00000000f1900000, 0x00000000f1900000|100%|HC|  |TAMS 0x00000000f1900000, 0x00000000f1800000| Complete 
| 793|0x00000000f1900000, 0x00000000f1a00000, 0x00000000f1a00000|100%|HS|  |TAMS 0x00000000f1a00000, 0x00000000f1900000| Complete 
| 794|0x00000000f1a00000, 0x00000000f1b00000, 0x00000000f1b00000|100%|HC|  |TAMS 0x00000000f1b00000, 0x00000000f1a00000| Complete 
| 795|0x00000000f1b00000, 0x00000000f1c00000, 0x00000000f1c00000|100%| E|CS|TAMS 0x00000000f1b00000, 0x00000000f1b00000| Complete 
| 796|0x00000000f1c00000, 0x00000000f1d00000, 0x00000000f1d00000|100%| E|CS|TAMS 0x00000000f1c00000, 0x00000000f1c00000| Complete 
| 797|0x00000000f1d00000, 0x00000000f1e00000, 0x00000000f1e00000|100%| E|CS|TAMS 0x00000000f1d00000, 0x00000000f1d00000| Complete 
| 798|0x00000000f1e00000, 0x00000000f1f00000, 0x00000000f1f00000|100%| E|CS|TAMS 0x00000000f1e00000, 0x00000000f1e00000| Complete 
| 799|0x00000000f1f00000, 0x00000000f2000000, 0x00000000f2000000|100%|HS|  |TAMS 0x00000000f2000000, 0x00000000f1f00000| Complete 
| 800|0x00000000f2000000, 0x00000000f2100000, 0x00000000f2100000|100%|HC|  |TAMS 0x00000000f2100000, 0x00000000f2000000| Complete 
| 801|0x00000000f2100000, 0x00000000f2200000, 0x00000000f2200000|100%|HS|  |TAMS 0x00000000f2200000, 0x00000000f2100000| Complete 
| 802|0x00000000f2200000, 0x00000000f2300000, 0x00000000f2300000|100%|HC|  |TAMS 0x00000000f2300000, 0x00000000f2200000| Complete 
| 803|0x00000000f2300000, 0x00000000f2400000, 0x00000000f2400000|100%| E|CS|TAMS 0x00000000f2300000, 0x00000000f2300000| Complete 
| 804|0x00000000f2400000, 0x00000000f2500000, 0x00000000f2500000|100%| E|CS|TAMS 0x00000000f2400000, 0x00000000f2400000| Complete 
| 805|0x00000000f2500000, 0x00000000f2600000, 0x00000000f2600000|100%| E|CS|TAMS 0x00000000f2500000, 0x00000000f2500000| Complete 
| 806|0x00000000f2600000, 0x00000000f2700000, 0x00000000f2700000|100%| E|CS|TAMS 0x00000000f2600000, 0x00000000f2600000| Complete 
| 807|0x00000000f2700000, 0x00000000f2800000, 0x00000000f2800000|100%|HS|  |TAMS 0x00000000f2800000, 0x00000000f2700000| Complete 
| 808|0x00000000f2800000, 0x00000000f2900000, 0x00000000f2900000|100%|HC|  |TAMS 0x00000000f2900000, 0x00000000f2800000| Complete 
| 809|0x00000000f2900000, 0x00000000f2a00000, 0x00000000f2a00000|100%|HS|  |TAMS 0x00000000f2a00000, 0x00000000f2900000| Complete 
| 810|0x00000000f2a00000, 0x00000000f2b00000, 0x00000000f2b00000|100%|HC|  |TAMS 0x00000000f2b00000, 0x00000000f2a00000| Complete 
| 811|0x00000000f2b00000, 0x00000000f2c00000, 0x00000000f2c00000|100%|HS|  |TAMS 0x00000000f2c00000, 0x00000000f2b00000| Complete 
| 812|0x00000000f2c00000, 0x00000000f2d00000, 0x00000000f2d00000|100%|HC|  |TAMS 0x00000000f2d00000, 0x00000000f2c00000| Complete 
| 813|0x00000000f2d00000, 0x00000000f2e00000, 0x00000000f2e00000|100%|HS|  |TAMS 0x00000000f2e00000, 0x00000000f2d00000| Complete 
| 814|0x00000000f2e00000, 0x00000000f2f00000, 0x00000000f2f00000|100%|HC|  |TAMS 0x00000000f2f00000, 0x00000000f2e00000| Complete 
| 815|0x00000000f2f00000, 0x00000000f3000000, 0x00000000f3000000|100%| E|CS|TAMS 0x00000000f2f00000, 0x00000000f2f00000| Complete 
| 816|0x00000000f3000000, 0x00000000f3100000, 0x00000000f3100000|100%|HS|  |TAMS 0x00000000f3100000, 0x00000000f3000000| Complete 
| 817|0x00000000f3100000, 0x00000000f3200000, 0x00000000f3200000|100%|HC|  |TAMS 0x00000000f3200000, 0x00000000f3100000| Complete 
| 818|0x00000000f3200000, 0x00000000f3300000, 0x00000000f3300000|100%|HS|  |TAMS 0x00000000f3300000, 0x00000000f3200000| Complete 
| 819|0x00000000f3300000, 0x00000000f3400000, 0x00000000f3400000|100%|HC|  |TAMS 0x00000000f3400000, 0x00000000f3300000| Complete 
| 820|0x00000000f3400000, 0x00000000f3500000, 0x00000000f3500000|100%|HS|  |TAMS 0x00000000f3500000, 0x00000000f3400000| Complete 
| 821|0x00000000f3500000, 0x00000000f3600000, 0x00000000f3600000|100%|HC|  |TAMS 0x00000000f3600000, 0x00000000f3500000| Complete 
| 822|0x00000000f3600000, 0x00000000f3700000, 0x00000000f3700000|100%| E|CS|TAMS 0x00000000f3600000, 0x00000000f3600000| Complete 
| 823|0x00000000f3700000, 0x00000000f3800000, 0x00000000f3800000|100%|HS|  |TAMS 0x00000000f3800000, 0x00000000f3700000| Complete 
| 824|0x00000000f3800000, 0x00000000f3900000, 0x00000000f3900000|100%|HC|  |TAMS 0x00000000f3900000, 0x00000000f3800000| Complete 
| 825|0x00000000f3900000, 0x00000000f3a00000, 0x00000000f3a00000|100%|HS|  |TAMS 0x00000000f3a00000, 0x00000000f3900000| Complete 
| 826|0x00000000f3a00000, 0x00000000f3b00000, 0x00000000f3b00000|100%|HC|  |TAMS 0x00000000f3b00000, 0x00000000f3a00000| Complete 
| 827|0x00000000f3b00000, 0x00000000f3c00000, 0x00000000f3c00000|100%| E|CS|TAMS 0x00000000f3b00000, 0x00000000f3b00000| Complete 
| 828|0x00000000f3c00000, 0x00000000f3d00000, 0x00000000f3d00000|100%|HS|  |TAMS 0x00000000f3d00000, 0x00000000f3c00000| Complete 
| 829|0x00000000f3d00000, 0x00000000f3e00000, 0x00000000f3e00000|100%|HC|  |TAMS 0x00000000f3e00000, 0x00000000f3d00000| Complete 
| 830|0x00000000f3e00000, 0x00000000f3f00000, 0x00000000f3f00000|100%| E|CS|TAMS 0x00000000f3e00000, 0x00000000f3e00000| Complete 
| 831|0x00000000f3f00000, 0x00000000f4000000, 0x00000000f4000000|100%| E|CS|TAMS 0x00000000f3f00000, 0x00000000f3f00000| Complete 
| 832|0x00000000f4000000, 0x00000000f4100000, 0x00000000f4100000|100%| E|CS|TAMS 0x00000000f4000000, 0x00000000f4000000| Complete 
| 833|0x00000000f4100000, 0x00000000f4200000, 0x00000000f4200000|100%| E|CS|TAMS 0x00000000f4100000, 0x00000000f4100000| Complete 
| 834|0x00000000f4200000, 0x00000000f4300000, 0x00000000f4300000|100%|HS|  |TAMS 0x00000000f4300000, 0x00000000f4200000| Complete 
| 835|0x00000000f4300000, 0x00000000f4400000, 0x00000000f4400000|100%|HC|  |TAMS 0x00000000f4400000, 0x00000000f4300000| Complete 
| 836|0x00000000f4400000, 0x00000000f4500000, 0x00000000f4500000|100%|HC|  |TAMS 0x00000000f4500000, 0x00000000f4400000| Complete 
| 837|0x00000000f4500000, 0x00000000f4600000, 0x00000000f4600000|100%|HS|  |TAMS 0x00000000f4600000, 0x00000000f4500000| Complete 
| 838|0x00000000f4600000, 0x00000000f4700000, 0x00000000f4700000|100%|HC|  |TAMS 0x00000000f4700000, 0x00000000f4600000| Complete 
| 839|0x00000000f4700000, 0x00000000f4800000, 0x00000000f4800000|100%|HS|  |TAMS 0x00000000f4800000, 0x00000000f4700000| Complete 
| 840|0x00000000f4800000, 0x00000000f4900000, 0x00000000f4900000|100%|HC|  |TAMS 0x00000000f4900000, 0x00000000f4800000| Complete 
| 841|0x00000000f4900000, 0x00000000f4a00000, 0x00000000f4a00000|100%|HS|  |TAMS 0x00000000f4a00000, 0x00000000f4900000| Complete 
| 842|0x00000000f4a00000, 0x00000000f4b00000, 0x00000000f4b00000|100%|HC|  |TAMS 0x00000000f4b00000, 0x00000000f4a00000| Complete 
| 843|0x00000000f4b00000, 0x00000000f4c00000, 0x00000000f4c00000|100%|HS|  |TAMS 0x00000000f4c00000, 0x00000000f4b00000| Complete 
| 844|0x00000000f4c00000, 0x00000000f4d00000, 0x00000000f4d00000|100%|HC|  |TAMS 0x00000000f4d00000, 0x00000000f4c00000| Complete 
| 845|0x00000000f4d00000, 0x00000000f4e00000, 0x00000000f4e00000|100%|HS|  |TAMS 0x00000000f4e00000, 0x00000000f4d00000| Complete 
| 846|0x00000000f4e00000, 0x00000000f4f00000, 0x00000000f4f00000|100%|HC|  |TAMS 0x00000000f4f00000, 0x00000000f4e00000| Complete 
| 847|0x00000000f4f00000, 0x00000000f5000000, 0x00000000f5000000|100%|HS|  |TAMS 0x00000000f5000000, 0x00000000f4f00000| Complete 
| 848|0x00000000f5000000, 0x00000000f5100000, 0x00000000f5100000|100%|HC|  |TAMS 0x00000000f5100000, 0x00000000f5000000| Complete 
| 849|0x00000000f5100000, 0x00000000f5200000, 0x00000000f5200000|100%|HS|  |TAMS 0x00000000f5200000, 0x00000000f5100000| Complete 
| 850|0x00000000f5200000, 0x00000000f5300000, 0x00000000f5300000|100%|HC|  |TAMS 0x00000000f5300000, 0x00000000f5200000| Complete 
| 851|0x00000000f5300000, 0x00000000f5400000, 0x00000000f5400000|100%|HS|  |TAMS 0x00000000f5400000, 0x00000000f5300000| Complete 
| 852|0x00000000f5400000, 0x00000000f5500000, 0x00000000f5500000|100%|HC|  |TAMS 0x00000000f5500000, 0x00000000f5400000| Complete 
| 853|0x00000000f5500000, 0x00000000f5600000, 0x00000000f5600000|100%|HS|  |TAMS 0x00000000f5600000, 0x00000000f5500000| Complete 
| 854|0x00000000f5600000, 0x00000000f5700000, 0x00000000f5700000|100%|HC|  |TAMS 0x00000000f5700000, 0x00000000f5600000| Complete 
| 855|0x00000000f5700000, 0x00000000f5800000, 0x00000000f5800000|100%|HS|  |TAMS 0x00000000f5800000, 0x00000000f5700000| Complete 
| 856|0x00000000f5800000, 0x00000000f5900000, 0x00000000f5900000|100%|HC|  |TAMS 0x00000000f5900000, 0x00000000f5800000| Complete 
| 857|0x00000000f5900000, 0x00000000f5a00000, 0x00000000f5a00000|100%|HS|  |TAMS 0x00000000f5a00000, 0x00000000f5900000| Complete 
| 858|0x00000000f5a00000, 0x00000000f5b00000, 0x00000000f5b00000|100%|HC|  |TAMS 0x00000000f5b00000, 0x00000000f5a00000| Complete 
| 859|0x00000000f5b00000, 0x00000000f5c00000, 0x00000000f5c00000|100%| E|CS|TAMS 0x00000000f5b00000, 0x00000000f5b00000| Complete 
| 860|0x00000000f5c00000, 0x00000000f5d00000, 0x00000000f5d00000|100%| E|CS|TAMS 0x00000000f5c00000, 0x00000000f5c00000| Complete 
| 861|0x00000000f5d00000, 0x00000000f5e00000, 0x00000000f5e00000|100%|HS|  |TAMS 0x00000000f5e00000, 0x00000000f5d00000| Complete 
| 862|0x00000000f5e00000, 0x00000000f5f00000, 0x00000000f5f00000|100%|HC|  |TAMS 0x00000000f5f00000, 0x00000000f5e00000| Complete 
| 863|0x00000000f5f00000, 0x00000000f6000000, 0x00000000f6000000|100%| E|CS|TAMS 0x00000000f5f00000, 0x00000000f5f00000| Complete 
| 864|0x00000000f6000000, 0x00000000f6100000, 0x00000000f6100000|100%| E|CS|TAMS 0x00000000f6000000, 0x00000000f6000000| Complete 
| 865|0x00000000f6100000, 0x00000000f6200000, 0x00000000f6200000|100%| E|CS|TAMS 0x00000000f6100000, 0x00000000f6100000| Complete 
| 866|0x00000000f6200000, 0x00000000f6300000, 0x00000000f6300000|100%|HS|  |TAMS 0x00000000f6300000, 0x00000000f6200000| Complete 
| 867|0x00000000f6300000, 0x00000000f6400000, 0x00000000f6400000|100%|HC|  |TAMS 0x00000000f6400000, 0x00000000f6300000| Complete 
| 868|0x00000000f6400000, 0x00000000f6500000, 0x00000000f6500000|100%|HS|  |TAMS 0x00000000f6500000, 0x00000000f6400000| Complete 
| 869|0x00000000f6500000, 0x00000000f6600000, 0x00000000f6600000|100%|HC|  |TAMS 0x00000000f6600000, 0x00000000f6500000| Complete 
| 870|0x00000000f6600000, 0x00000000f6700000, 0x00000000f6700000|100%| E|CS|TAMS 0x00000000f6600000, 0x00000000f6600000| Complete 
| 871|0x00000000f6700000, 0x00000000f6800000, 0x00000000f6800000|100%| E|CS|TAMS 0x00000000f6700000, 0x00000000f6700000| Complete 
| 872|0x00000000f6800000, 0x00000000f6900000, 0x00000000f6900000|100%| E|CS|TAMS 0x00000000f6800000, 0x00000000f6800000| Complete 
| 873|0x00000000f6900000, 0x00000000f6a00000, 0x00000000f6a00000|100%| E|CS|TAMS 0x00000000f6900000, 0x00000000f6900000| Complete 
| 874|0x00000000f6a00000, 0x00000000f6b00000, 0x00000000f6b00000|100%|HS|  |TAMS 0x00000000f6b00000, 0x00000000f6a00000| Complete 
| 875|0x00000000f6b00000, 0x00000000f6c00000, 0x00000000f6c00000|100%|HC|  |TAMS 0x00000000f6c00000, 0x00000000f6b00000| Complete 
| 876|0x00000000f6c00000, 0x00000000f6d00000, 0x00000000f6d00000|100%|HS|  |TAMS 0x00000000f6d00000, 0x00000000f6c00000| Complete 
| 877|0x00000000f6d00000, 0x00000000f6e00000, 0x00000000f6e00000|100%|HC|  |TAMS 0x00000000f6e00000, 0x00000000f6d00000| Complete 
| 878|0x00000000f6e00000, 0x00000000f6f00000, 0x00000000f6f00000|100%|HS|  |TAMS 0x00000000f6f00000, 0x00000000f6e00000| Complete 
| 879|0x00000000f6f00000, 0x00000000f7000000, 0x00000000f7000000|100%|HC|  |TAMS 0x00000000f7000000, 0x00000000f6f00000| Complete 
| 880|0x00000000f7000000, 0x00000000f7100000, 0x00000000f7100000|100%|HS|  |TAMS 0x00000000f7100000, 0x00000000f7000000| Complete 
| 881|0x00000000f7100000, 0x00000000f7200000, 0x00000000f7200000|100%|HC|  |TAMS 0x00000000f7200000, 0x00000000f7100000| Complete 
| 882|0x00000000f7200000, 0x00000000f7300000, 0x00000000f7300000|100%|HS|  |TAMS 0x00000000f7300000, 0x00000000f7200000| Complete 
| 883|0x00000000f7300000, 0x00000000f7400000, 0x00000000f7400000|100%|HC|  |TAMS 0x00000000f7400000, 0x00000000f7300000| Complete 
| 884|0x00000000f7400000, 0x00000000f7500000, 0x00000000f7500000|100%|HS|  |TAMS 0x00000000f7500000, 0x00000000f7400000| Complete 
| 885|0x00000000f7500000, 0x00000000f7600000, 0x00000000f7600000|100%|HC|  |TAMS 0x00000000f7600000, 0x00000000f7500000| Complete 
| 886|0x00000000f7600000, 0x00000000f7700000, 0x00000000f7700000|100%|HC|  |TAMS 0x00000000f7700000, 0x00000000f7600000| Complete 
| 887|0x00000000f7700000, 0x00000000f7800000, 0x00000000f7800000|100%|HS|  |TAMS 0x00000000f7800000, 0x00000000f7700000| Complete 
| 888|0x00000000f7800000, 0x00000000f7900000, 0x00000000f7900000|100%|HC|  |TAMS 0x00000000f7900000, 0x00000000f7800000| Complete 
| 889|0x00000000f7900000, 0x00000000f7a00000, 0x00000000f7a00000|100%|HS|  |TAMS 0x00000000f7a00000, 0x00000000f7900000| Complete 
| 890|0x00000000f7a00000, 0x00000000f7b00000, 0x00000000f7b00000|100%|HC|  |TAMS 0x00000000f7b00000, 0x00000000f7a00000| Complete 
| 891|0x00000000f7b00000, 0x00000000f7c00000, 0x00000000f7c00000|100%|HC|  |TAMS 0x00000000f7c00000, 0x00000000f7b00000| Complete 
| 892|0x00000000f7c00000, 0x00000000f7d00000, 0x00000000f7d00000|100%|HS|  |TAMS 0x00000000f7d00000, 0x00000000f7c00000| Complete 
| 893|0x00000000f7d00000, 0x00000000f7e00000, 0x00000000f7e00000|100%|HC|  |TAMS 0x00000000f7e00000, 0x00000000f7d00000| Complete 
| 894|0x00000000f7e00000, 0x00000000f7f00000, 0x00000000f7f00000|100%|HS|  |TAMS 0x00000000f7f00000, 0x00000000f7e00000| Complete 
| 895|0x00000000f7f00000, 0x00000000f8000000, 0x00000000f8000000|100%|HC|  |TAMS 0x00000000f8000000, 0x00000000f7f00000| Complete 
| 896|0x00000000f8000000, 0x00000000f8028040, 0x00000000f8100000| 15%| S|CS|TAMS 0x00000000f8000000, 0x00000000f8000000| Complete 
| 897|0x00000000f8100000, 0x00000000f8200000, 0x00000000f8200000|100%|HS|  |TAMS 0x00000000f8200000, 0x00000000f8100000| Complete 
| 898|0x00000000f8200000, 0x00000000f8300000, 0x00000000f8300000|100%|HC|  |TAMS 0x00000000f8300000, 0x00000000f8200000| Complete 
| 899|0x00000000f8300000, 0x00000000f8400000, 0x00000000f8400000|100%|HS|  |TAMS 0x00000000f8400000, 0x00000000f8300000| Complete 
| 900|0x00000000f8400000, 0x00000000f8500000, 0x00000000f8500000|100%|HC|  |TAMS 0x00000000f8500000, 0x00000000f8400000| Complete 
| 901|0x00000000f8500000, 0x00000000f8600000, 0x00000000f8600000|100%|HS|  |TAMS 0x00000000f8600000, 0x00000000f8500000| Complete 
| 902|0x00000000f8600000, 0x00000000f8700000, 0x00000000f8700000|100%|HC|  |TAMS 0x00000000f8700000, 0x00000000f8600000| Complete 
| 903|0x00000000f8700000, 0x00000000f8800000, 0x00000000f8800000|100%|HS|  |TAMS 0x00000000f8800000, 0x00000000f8700000| Complete 
| 904|0x00000000f8800000, 0x00000000f8900000, 0x00000000f8900000|100%|HC|  |TAMS 0x00000000f8900000, 0x00000000f8800000| Complete 
| 905|0x00000000f8900000, 0x00000000f8a00000, 0x00000000f8a00000|100%|HS|  |TAMS 0x00000000f8a00000, 0x00000000f8900000| Complete 
| 906|0x00000000f8a00000, 0x00000000f8b00000, 0x00000000f8b00000|100%|HC|  |TAMS 0x00000000f8b00000, 0x00000000f8a00000| Complete 
| 907|0x00000000f8b00000, 0x00000000f8c00000, 0x00000000f8c00000|100%|HS|  |TAMS 0x00000000f8c00000, 0x00000000f8b00000| Complete 
| 908|0x00000000f8c00000, 0x00000000f8d00000, 0x00000000f8d00000|100%|HC|  |TAMS 0x00000000f8d00000, 0x00000000f8c00000| Complete 
| 909|0x00000000f8d00000, 0x00000000f8e00000, 0x00000000f8e00000|100%|HS|  |TAMS 0x00000000f8e00000, 0x00000000f8d00000| Complete 
| 910|0x00000000f8e00000, 0x00000000f8f00000, 0x00000000f8f00000|100%|HC|  |TAMS 0x00000000f8f00000, 0x00000000f8e00000| Complete 
| 911|0x00000000f8f00000, 0x00000000f9000000, 0x00000000f9000000|100%|HS|  |TAMS 0x00000000f9000000, 0x00000000f8f00000| Complete 
| 912|0x00000000f9000000, 0x00000000f9100000, 0x00000000f9100000|100%|HC|  |TAMS 0x00000000f9100000, 0x00000000f9000000| Complete 
| 913|0x00000000f9100000, 0x00000000f9200000, 0x00000000f9200000|100%|HS|  |TAMS 0x00000000f9200000, 0x00000000f9100000| Complete 
| 914|0x00000000f9200000, 0x00000000f9300000, 0x00000000f9300000|100%|HC|  |TAMS 0x00000000f9300000, 0x00000000f9200000| Complete 
| 915|0x00000000f9300000, 0x00000000f9400000, 0x00000000f9400000|100%|HC|  |TAMS 0x00000000f9400000, 0x00000000f9300000| Complete 
| 916|0x00000000f9400000, 0x00000000f9500000, 0x00000000f9500000|100%|HC|  |TAMS 0x00000000f9500000, 0x00000000f9400000| Complete 
| 917|0x00000000f9500000, 0x00000000f9600000, 0x00000000f9600000|100%|HC|  |TAMS 0x00000000f9600000, 0x00000000f9500000| Complete 
| 918|0x00000000f9600000, 0x00000000f9700000, 0x00000000f9700000|100%|HS|  |TAMS 0x00000000f9700000, 0x00000000f9600000| Complete 
| 919|0x00000000f9700000, 0x00000000f9800000, 0x00000000f9800000|100%|HC|  |TAMS 0x00000000f9800000, 0x00000000f9700000| Complete 
| 920|0x00000000f9800000, 0x00000000f9900000, 0x00000000f9900000|100%|HS|  |TAMS 0x00000000f9900000, 0x00000000f9800000| Complete 
| 921|0x00000000f9900000, 0x00000000f9a00000, 0x00000000f9a00000|100%|HC|  |TAMS 0x00000000f9a00000, 0x00000000f9900000| Complete 
| 922|0x00000000f9a00000, 0x00000000f9b00000, 0x00000000f9b00000|100%|HS|  |TAMS 0x00000000f9b00000, 0x00000000f9a00000| Complete 
| 923|0x00000000f9b00000, 0x00000000f9c00000, 0x00000000f9c00000|100%|HC|  |TAMS 0x00000000f9c00000, 0x00000000f9b00000| Complete 
| 924|0x00000000f9c00000, 0x00000000f9d00000, 0x00000000f9d00000|100%|HS|  |TAMS 0x00000000f9d00000, 0x00000000f9c00000| Complete 
| 925|0x00000000f9d00000, 0x00000000f9e00000, 0x00000000f9e00000|100%|HC|  |TAMS 0x00000000f9e00000, 0x00000000f9d00000| Complete 
| 926|0x00000000f9e00000, 0x00000000f9f00000, 0x00000000f9f00000|100%|HS|  |TAMS 0x00000000f9f00000, 0x00000000f9e00000| Complete 
| 927|0x00000000f9f00000, 0x00000000fa000000, 0x00000000fa000000|100%|HC|  |TAMS 0x00000000fa000000, 0x00000000f9f00000| Complete 
| 928|0x00000000fa000000, 0x00000000fa100000, 0x00000000fa100000|100%|HS|  |TAMS 0x00000000fa100000, 0x00000000fa000000| Complete 
| 929|0x00000000fa100000, 0x00000000fa200000, 0x00000000fa200000|100%|HC|  |TAMS 0x00000000fa200000, 0x00000000fa100000| Complete 
| 930|0x00000000fa200000, 0x00000000fa300000, 0x00000000fa300000|100%| S|CS|TAMS 0x00000000fa200000, 0x00000000fa200000| Complete 
| 931|0x00000000fa300000, 0x00000000fa400000, 0x00000000fa400000|100%| S|CS|TAMS 0x00000000fa300000, 0x00000000fa300000| Complete 
| 932|0x00000000fa400000, 0x00000000fa500000, 0x00000000fa500000|100%| E|CS|TAMS 0x00000000fa400000, 0x00000000fa400000| Complete 
| 933|0x00000000fa500000, 0x00000000fa600000, 0x00000000fa600000|100%| E|CS|TAMS 0x00000000fa500000, 0x00000000fa500000| Complete 
| 934|0x00000000fa600000, 0x00000000fa700000, 0x00000000fa700000|100%|HS|  |TAMS 0x00000000fa700000, 0x00000000fa600000| Complete 
| 935|0x00000000fa700000, 0x00000000fa800000, 0x00000000fa800000|100%|HC|  |TAMS 0x00000000fa800000, 0x00000000fa700000| Complete 
| 936|0x00000000fa800000, 0x00000000fa900000, 0x00000000fa900000|100%|HS|  |TAMS 0x00000000fa900000, 0x00000000fa800000| Complete 
| 937|0x00000000fa900000, 0x00000000faa00000, 0x00000000faa00000|100%|HC|  |TAMS 0x00000000faa00000, 0x00000000fa900000| Complete 
| 938|0x00000000faa00000, 0x00000000fab00000, 0x00000000fab00000|100%|HS|  |TAMS 0x00000000fab00000, 0x00000000faa00000| Complete 
| 939|0x00000000fab00000, 0x00000000fac00000, 0x00000000fac00000|100%|HC|  |TAMS 0x00000000fac00000, 0x00000000fab00000| Complete 
| 940|0x00000000fac00000, 0x00000000fad00000, 0x00000000fad00000|100%| E|CS|TAMS 0x00000000fac00000, 0x00000000fac00000| Complete 
| 941|0x00000000fad00000, 0x00000000fae00000, 0x00000000fae00000|100%| E|CS|TAMS 0x00000000fad00000, 0x00000000fad00000| Complete 
| 942|0x00000000fae00000, 0x00000000faf00000, 0x00000000faf00000|100%| E|CS|TAMS 0x00000000fae00000, 0x00000000fae00000| Complete 
| 943|0x00000000faf00000, 0x00000000fb000000, 0x00000000fb000000|100%| E|CS|TAMS 0x00000000faf00000, 0x00000000faf00000| Complete 
| 944|0x00000000fb000000, 0x00000000fb100000, 0x00000000fb100000|100%| E|CS|TAMS 0x00000000fb000000, 0x00000000fb000000| Complete 
| 945|0x00000000fb100000, 0x00000000fb200000, 0x00000000fb200000|100%|HS|  |TAMS 0x00000000fb200000, 0x00000000fb100000| Complete 
| 946|0x00000000fb200000, 0x00000000fb300000, 0x00000000fb300000|100%|HC|  |TAMS 0x00000000fb300000, 0x00000000fb200000| Complete 
| 947|0x00000000fb300000, 0x00000000fb400000, 0x00000000fb400000|100%|HS|  |TAMS 0x00000000fb400000, 0x00000000fb300000| Complete 
| 948|0x00000000fb400000, 0x00000000fb500000, 0x00000000fb500000|100%|HC|  |TAMS 0x00000000fb500000, 0x00000000fb400000| Complete 
| 949|0x00000000fb500000, 0x00000000fb600000, 0x00000000fb600000|100%| E|CS|TAMS 0x00000000fb500000, 0x00000000fb500000| Complete 
| 950|0x00000000fb600000, 0x00000000fb700000, 0x00000000fb700000|100%|HS|  |TAMS 0x00000000fb700000, 0x00000000fb600000| Complete 
| 951|0x00000000fb700000, 0x00000000fb800000, 0x00000000fb800000|100%|HC|  |TAMS 0x00000000fb800000, 0x00000000fb700000| Complete 
| 952|0x00000000fb800000, 0x00000000fb900000, 0x00000000fb900000|100%|HS|  |TAMS 0x00000000fb900000, 0x00000000fb800000| Complete 
| 953|0x00000000fb900000, 0x00000000fba00000, 0x00000000fba00000|100%|HC|  |TAMS 0x00000000fba00000, 0x00000000fb900000| Complete 
| 954|0x00000000fba00000, 0x00000000fbb00000, 0x00000000fbb00000|100%|HS|  |TAMS 0x00000000fbb00000, 0x00000000fba00000| Complete 
| 955|0x00000000fbb00000, 0x00000000fbc00000, 0x00000000fbc00000|100%|HC|  |TAMS 0x00000000fbc00000, 0x00000000fbb00000| Complete 
| 956|0x00000000fbc00000, 0x00000000fbd00000, 0x00000000fbd00000|100%|HS|  |TAMS 0x00000000fbd00000, 0x00000000fbc00000| Complete 
| 957|0x00000000fbd00000, 0x00000000fbe00000, 0x00000000fbe00000|100%|HC|  |TAMS 0x00000000fbe00000, 0x00000000fbd00000| Complete 
| 958|0x00000000fbe00000, 0x00000000fbf00000, 0x00000000fbf00000|100%|HS|  |TAMS 0x00000000fbf00000, 0x00000000fbe00000| Complete 
| 959|0x00000000fbf00000, 0x00000000fc000000, 0x00000000fc000000|100%|HC|  |TAMS 0x00000000fc000000, 0x00000000fbf00000| Complete 
| 960|0x00000000fc000000, 0x00000000fc100000, 0x00000000fc100000|100%|HC|  |TAMS 0x00000000fc100000, 0x00000000fc000000| Complete 
| 961|0x00000000fc100000, 0x00000000fc200000, 0x00000000fc200000|100%| E|CS|TAMS 0x00000000fc100000, 0x00000000fc100000| Complete 
| 962|0x00000000fc200000, 0x00000000fc300000, 0x00000000fc300000|100%|HS|  |TAMS 0x00000000fc300000, 0x00000000fc200000| Complete 
| 963|0x00000000fc300000, 0x00000000fc400000, 0x00000000fc400000|100%|HC|  |TAMS 0x00000000fc400000, 0x00000000fc300000| Complete 
| 964|0x00000000fc400000, 0x00000000fc500000, 0x00000000fc500000|100%|HS|  |TAMS 0x00000000fc500000, 0x00000000fc400000| Complete 
| 965|0x00000000fc500000, 0x00000000fc600000, 0x00000000fc600000|100%|HS|  |TAMS 0x00000000fc600000, 0x00000000fc500000| Complete 
| 966|0x00000000fc600000, 0x00000000fc700000, 0x00000000fc700000|100%|HC|  |TAMS 0x00000000fc700000, 0x00000000fc600000| Complete 
| 967|0x00000000fc700000, 0x00000000fc800000, 0x00000000fc800000|100%|HS|  |TAMS 0x00000000fc800000, 0x00000000fc700000| Complete 
| 968|0x00000000fc800000, 0x00000000fc900000, 0x00000000fc900000|100%|HS|  |TAMS 0x00000000fc900000, 0x00000000fc800000| Complete 
| 969|0x00000000fc900000, 0x00000000fca00000, 0x00000000fca00000|100%| E|CS|TAMS 0x00000000fc900000, 0x00000000fc900000| Complete 
| 970|0x00000000fca00000, 0x00000000fcb00000, 0x00000000fcb00000|100%|HS|  |TAMS 0x00000000fcb00000, 0x00000000fca00000| Complete 
| 971|0x00000000fcb00000, 0x00000000fcc00000, 0x00000000fcc00000|100%|HC|  |TAMS 0x00000000fcc00000, 0x00000000fcb00000| Complete 
| 972|0x00000000fcc00000, 0x00000000fcd00000, 0x00000000fcd00000|100%|HS|  |TAMS 0x00000000fcd00000, 0x00000000fcc00000| Complete 
| 973|0x00000000fcd00000, 0x00000000fce00000, 0x00000000fce00000|100%| E|CS|TAMS 0x00000000fcd00000, 0x00000000fcd00000| Complete 
| 974|0x00000000fce00000, 0x00000000fcf00000, 0x00000000fcf00000|100%| E|CS|TAMS 0x00000000fce00000, 0x00000000fce00000| Complete 
| 975|0x00000000fcf00000, 0x00000000fd000000, 0x00000000fd000000|100%| E|CS|TAMS 0x00000000fcf00000, 0x00000000fcf00000| Complete 
| 976|0x00000000fd000000, 0x00000000fd100000, 0x00000000fd100000|100%| E|CS|TAMS 0x00000000fd000000, 0x00000000fd000000| Complete 
| 977|0x00000000fd100000, 0x00000000fd200000, 0x00000000fd200000|100%| E|CS|TAMS 0x00000000fd100000, 0x00000000fd100000| Complete 
| 978|0x00000000fd200000, 0x00000000fd300000, 0x00000000fd300000|100%| E|CS|TAMS 0x00000000fd200000, 0x00000000fd200000| Complete 
| 979|0x00000000fd300000, 0x00000000fd400000, 0x00000000fd400000|100%| E|CS|TAMS 0x00000000fd300000, 0x00000000fd300000| Complete 
| 980|0x00000000fd400000, 0x00000000fd500000, 0x00000000fd500000|100%| E|CS|TAMS 0x00000000fd400000, 0x00000000fd400000| Complete 
| 981|0x00000000fd500000, 0x00000000fd600000, 0x00000000fd600000|100%| E|CS|TAMS 0x00000000fd500000, 0x00000000fd500000| Complete 
| 982|0x00000000fd600000, 0x00000000fd700000, 0x00000000fd700000|100%| E|CS|TAMS 0x00000000fd600000, 0x00000000fd600000| Complete 
| 983|0x00000000fd700000, 0x00000000fd800000, 0x00000000fd800000|100%|HS|  |TAMS 0x00000000fd800000, 0x00000000fd700000| Complete 
| 984|0x00000000fd800000, 0x00000000fd900000, 0x00000000fd900000|100%|HC|  |TAMS 0x00000000fd900000, 0x00000000fd800000| Complete 
| 985|0x00000000fd900000, 0x00000000fda00000, 0x00000000fda00000|100%| E|CS|TAMS 0x00000000fd900000, 0x00000000fd900000| Complete 
| 986|0x00000000fda00000, 0x00000000fdb00000, 0x00000000fdb00000|100%| E|CS|TAMS 0x00000000fda00000, 0x00000000fda00000| Complete 
| 987|0x00000000fdb00000, 0x00000000fdc00000, 0x00000000fdc00000|100%| E|CS|TAMS 0x00000000fdb00000, 0x00000000fdb00000| Complete 
| 988|0x00000000fdc00000, 0x00000000fdd00000, 0x00000000fdd00000|100%| E|CS|TAMS 0x00000000fdc00000, 0x00000000fdc00000| Complete 
| 989|0x00000000fdd00000, 0x00000000fde00000, 0x00000000fde00000|100%| E|CS|TAMS 0x00000000fdd00000, 0x00000000fdd00000| Complete 
| 990|0x00000000fde00000, 0x00000000fdf00000, 0x00000000fdf00000|100%| E|CS|TAMS 0x00000000fde00000, 0x00000000fde00000| Complete 
| 991|0x00000000fdf00000, 0x00000000fe000000, 0x00000000fe000000|100%| E|CS|TAMS 0x00000000fdf00000, 0x00000000fdf00000| Complete 
| 992|0x00000000fe000000, 0x00000000fe100000, 0x00000000fe100000|100%| E|CS|TAMS 0x00000000fe000000, 0x00000000fe000000| Complete 
| 993|0x00000000fe100000, 0x00000000fe200000, 0x00000000fe200000|100%|HS|  |TAMS 0x00000000fe200000, 0x00000000fe100000| Complete 
| 994|0x00000000fe200000, 0x00000000fe300000, 0x00000000fe300000|100%|HC|  |TAMS 0x00000000fe300000, 0x00000000fe200000| Complete 
| 995|0x00000000fe300000, 0x00000000fe400000, 0x00000000fe400000|100%| E|CS|TAMS 0x00000000fe300000, 0x00000000fe300000| Complete 
| 996|0x00000000fe400000, 0x00000000fe500000, 0x00000000fe500000|100%| E|CS|TAMS 0x00000000fe400000, 0x00000000fe400000| Complete 
| 997|0x00000000fe500000, 0x00000000fe600000, 0x00000000fe600000|100%| E|CS|TAMS 0x00000000fe500000, 0x00000000fe500000| Complete 
| 998|0x00000000fe600000, 0x00000000fe700000, 0x00000000fe700000|100%| E|CS|TAMS 0x00000000fe600000, 0x00000000fe600000| Complete 
| 999|0x00000000fe700000, 0x00000000fe800000, 0x00000000fe800000|100%|HS|  |TAMS 0x00000000fe800000, 0x00000000fe700000| Complete 
|1000|0x00000000fe800000, 0x00000000fe900000, 0x00000000fe900000|100%|HC|  |TAMS 0x00000000fe900000, 0x00000000fe800000| Complete 
|1001|0x00000000fe900000, 0x00000000fea00000, 0x00000000fea00000|100%|HS|  |TAMS 0x00000000fea00000, 0x00000000fe900000| Complete 
|1002|0x00000000fea00000, 0x00000000feb00000, 0x00000000feb00000|100%|HC|  |TAMS 0x00000000feb00000, 0x00000000fea00000| Complete 
|1003|0x00000000feb00000, 0x00000000fec00000, 0x00000000fec00000|100%|HS|  |TAMS 0x00000000fec00000, 0x00000000feb00000| Complete 
|1004|0x00000000fec00000, 0x00000000fed00000, 0x00000000fed00000|100%|HC|  |TAMS 0x00000000fed00000, 0x00000000fec00000| Complete 
|1005|0x00000000fed00000, 0x00000000fee00000, 0x00000000fee00000|100%|HS|  |TAMS 0x00000000fee00000, 0x00000000fed00000| Complete 
|1006|0x00000000fee00000, 0x00000000fef00000, 0x00000000fef00000|100%|HC|  |TAMS 0x00000000fef00000, 0x00000000fee00000| Complete 
|1007|0x00000000fef00000, 0x00000000ff000000, 0x00000000ff000000|100%| E|CS|TAMS 0x00000000fef00000, 0x00000000fef00000| Complete 
|1008|0x00000000ff000000, 0x00000000ff100000, 0x00000000ff100000|100%| E|CS|TAMS 0x00000000ff000000, 0x00000000ff000000| Complete 
|1009|0x00000000ff100000, 0x00000000ff200000, 0x00000000ff200000|100%| E|CS|TAMS 0x00000000ff100000, 0x00000000ff100000| Complete 
|1010|0x00000000ff200000, 0x00000000ff300000, 0x00000000ff300000|100%| E|CS|TAMS 0x00000000ff200000, 0x00000000ff200000| Complete 
|1011|0x00000000ff300000, 0x00000000ff400000, 0x00000000ff400000|100%| E|CS|TAMS 0x00000000ff300000, 0x00000000ff300000| Complete 
|1012|0x00000000ff400000, 0x00000000ff500000, 0x00000000ff500000|100%| E|CS|TAMS 0x00000000ff400000, 0x00000000ff400000| Complete 
|1013|0x00000000ff500000, 0x00000000ff600000, 0x00000000ff600000|100%| E|CS|TAMS 0x00000000ff500000, 0x00000000ff500000| Complete 
|1014|0x00000000ff600000, 0x00000000ff700000, 0x00000000ff700000|100%|HS|  |TAMS 0x00000000ff700000, 0x00000000ff600000| Complete 
|1015|0x00000000ff700000, 0x00000000ff800000, 0x00000000ff800000|100%|HC|  |TAMS 0x00000000ff800000, 0x00000000ff700000| Complete 
|1016|0x00000000ff800000, 0x00000000ff900000, 0x00000000ff900000|100%| E|CS|TAMS 0x00000000ff800000, 0x00000000ff800000| Complete 
|1017|0x00000000ff900000, 0x00000000ffa00000, 0x00000000ffa00000|100%| E|CS|TAMS 0x00000000ff900000, 0x00000000ff900000| Complete 
|1018|0x00000000ffa00000, 0x00000000ffb00000, 0x00000000ffb00000|100%| E|CS|TAMS 0x00000000ffa00000, 0x00000000ffa00000| Complete 
|1019|0x00000000ffb00000, 0x00000000ffc00000, 0x00000000ffc00000|100%| E|CS|TAMS 0x00000000ffb00000, 0x00000000ffb00000| Complete 
|1020|0x00000000ffc00000, 0x00000000ffd00000, 0x00000000ffd00000|100%| E|CS|TAMS 0x00000000ffc00000, 0x00000000ffc00000| Complete 
|1021|0x00000000ffd00000, 0x00000000ffe00000, 0x00000000ffe00000|100%|HS|  |TAMS 0x00000000ffe00000, 0x00000000ffd00000| Complete 
|1022|0x00000000ffe00000, 0x00000000fff00000, 0x00000000fff00000|100%|HC|  |TAMS 0x00000000fff00000, 0x00000000ffe00000| Complete 
|1023|0x00000000fff00000, 0x0000000100000000, 0x0000000100000000|100%| E|CS|TAMS 0x00000000fff00000, 0x00000000fff00000| Complete 

Card table byte_map: [0x0000015dce310000,0x0000015dce510000] _byte_map_base: 0x0000015dcdd10000

Marking Bits (Prev, Next): (CMBitMap*) 0x0000015db72a88f0, (CMBitMap*) 0x0000015db72a88b0
 Prev Bits: [0x0000015dcf710000, 0x0000015dd0710000)
 Next Bits: [0x0000015dce710000, 0x0000015dcf710000)

Polling page: 0x0000015db5370000

Metaspace:

Usage:
  Non-class:    129.11 MB used.
      Class:     19.35 MB used.
       Both:    148.46 MB used.

Virtual space:
  Non-class space:      192.00 MB reserved,     132.00 MB ( 69%) committed,  3 nodes.
      Class space:        1.00 GB reserved,      20.88 MB (  2%) committed,  1 nodes.
             Both:        1.19 GB reserved,     152.88 MB ( 13%) committed. 

Chunk freelists:
   Non-Class:  14.06 MB
       Class:  12.08 MB
        Both:  26.14 MB

MaxMetaspaceSize: unlimited
CompressedClassSpaceSize: 1.00 GB
Initial GC threshold: 21.00 MB
Current GC threshold: 254.81 MB
CDS: on
MetaspaceReclaimPolicy: balanced
 - commit_granule_bytes: 65536.
 - commit_granule_words: 8192.
 - virtual_space_node_default_size: 8388608.
 - enlarge_chunks_in_place: 1.
 - new_chunks_are_fully_committed: 0.
 - uncommit_free_chunks: 1.
 - use_allocation_guard: 0.
 - handle_deallocations: 1.


Internal statistics:

num_allocs_failed_limit: 9.
num_arena_births: 5964.
num_arena_deaths: 4022.
num_vsnodes_births: 4.
num_vsnodes_deaths: 0.
num_space_committed: 2439.
num_space_uncommitted: 0.
num_chunks_returned_to_freelist: 5512.
num_chunks_taken_from_freelist: 13564.
num_chunk_merges: 2362.
num_chunk_splits: 8431.
num_chunks_enlarged: 5118.
num_inconsistent_stats: 0.

CodeHeap 'non-profiled nmethods': size=120000Kb used=16150Kb max_used=16910Kb free=103849Kb
 bounds [0x0000015dc6570000, 0x0000015dc7600000, 0x0000015dcdaa0000]
CodeHeap 'profiled nmethods': size=120000Kb used=33551Kb max_used=34266Kb free=86448Kb
 bounds [0x0000015dbeaa0000, 0x0000015dc0c20000, 0x0000015dc5fd0000]
CodeHeap 'non-nmethods': size=5760Kb used=1805Kb max_used=1865Kb free=3954Kb
 bounds [0x0000015dc5fd0000, 0x0000015dc6240000, 0x0000015dc6570000]
 total_blobs=19701 nmethods=18469 adapters=1141
 compilation: enabled
              stopped_count=0, restarted_count=0
 full_count=0

Compilation events (20 events):
Event: 87.097 Thread 0x0000015dd08f5820 23358       3       jdk.internal.reflect.MethodAccessorGenerator::buildInternalSignature (73 bytes)
Event: 87.097 Thread 0x0000015dd08f5820 nmethod 23358 0x0000015dbf03e510 code [0x0000015dbf03e780, 0x0000015dbf03ef48]
Event: 87.097 Thread 0x0000015dd08f5820 23360       3       java.util.PriorityQueue::poll (81 bytes)
Event: 87.098 Thread 0x0000015dd08f5820 nmethod 23360 0x0000015dbed9b390 code [0x0000015dbed9b560, 0x0000015dbed9b9b8]
Event: 87.098 Thread 0x0000015dd08f5820 23353       3       jdk.internal.reflect.ClassFileAssembler::opc_areturn (12 bytes)
Event: 87.098 Thread 0x0000015dd08f5820 nmethod 23353 0x0000015dbf7fe010 code [0x0000015dbf7fe1c0, 0x0000015dbf7fe468]
Event: 87.098 Thread 0x0000015dd08f5820 23363       3       jdk.internal.reflect.MethodAccessorGenerator::emitInvoke (987 bytes)
Event: 87.100 Thread 0x0000015dd08f43a0 23365       4       java.io.ObjectStreamClass::getReflector (100 bytes)
Event: 87.126 Thread 0x0000015dd08f5820 nmethod 23363 0x0000015dc0774a90 code [0x0000015dc07764e0, 0x0000015dc07872b8]
Event: 87.126 Thread 0x0000015dd08f5820 23367       3       java.lang.invoke.AbstractValidatingLambdaMetafactory::isAdaptableTo (126 bytes)
Event: 87.127 Thread 0x0000015dd08f5820 nmethod 23367 0x0000015dbf5db590 code [0x0000015dbf5db820, 0x0000015dbf5dc268]
Event: 87.127 Thread 0x0000015dd08f5820 23354       3       jdk.internal.reflect.ClassDefiner::defineClass (33 bytes)
Event: 87.128 Thread 0x0000015dd08f5820 nmethod 23354 0x0000015dbef86310 code [0x0000015dbef86540, 0x0000015dbef86cd8]
Event: 87.128 Thread 0x0000015dd08f5820 23357  s    3       jdk.internal.reflect.MethodAccessorGenerator::generateName (101 bytes)
Event: 87.129 Thread 0x0000015dd08f5820 nmethod 23357 0x0000015dc0529690 code [0x0000015dc05299c0, 0x0000015dc052a9a8]
Event: 87.129 Thread 0x0000015dd08f5820 23361       3       jdk.internal.reflect.AccessorGenerator::emitCommonConstantPoolEntries (573 bytes)
Event: 87.138 Thread 0x0000015dd08f5820 nmethod 23361 0x0000015dc0bf3e10 code [0x0000015dc0bf4d80, 0x0000015dc0bfd398]
Event: 87.138 Thread 0x0000015dd08f5820 23376       3       org.apache.logging.log4j.core.util.StringBuilderWriter::write (14 bytes)
Event: 87.139 Thread 0x0000015dd08f5820 nmethod 23376 0x0000015dbef85210 code [0x0000015dbef853c0, 0x0000015dbef855a8]
Event: 87.139 Thread 0x0000015dd08f5820 23379       3       java.lang.invoke.AbstractValidatingLambdaMetafactory::validateMetafactoryArgs (607 bytes)

GC Heap History (20 events):
Event: 86.795 GC heap before
{Heap before GC invocations=1362 (full 10):
 garbage-first heap   total 1048576K, used 1036994K [0x00000000c0000000, 0x0000000100000000)
  region size 1024K, 32 young (32768K), 1 survivors (1024K)
 Metaspace       used 151262K, committed 156544K, reserved 1245184K
  class space    used 19677K, committed 21376K, reserved 1048576K
}
Event: 86.797 GC heap after
{Heap after GC invocations=1363 (full 10):
 garbage-first heap   total 1048576K, used 1009837K [0x00000000c0000000, 0x0000000100000000)
  region size 1024K, 3 young (3072K), 3 survivors (3072K)
 Metaspace       used 151262K, committed 156544K, reserved 1245184K
  class space    used 19677K, committed 21376K, reserved 1048576K
}
Event: 86.811 GC heap before
{Heap before GC invocations=1363 (full 10):
 garbage-first heap   total 1048576K, used 1037485K [0x00000000c0000000, 0x0000000100000000)
  region size 1024K, 29 young (29696K), 3 survivors (3072K)
 Metaspace       used 151265K, committed 156544K, reserved 1245184K
  class space    used 19677K, committed 21376K, reserved 1048576K
}
Event: 86.813 GC heap after
{Heap after GC invocations=1364 (full 10):
 garbage-first heap   total 1048576K, used 1042605K [0x00000000c0000000, 0x0000000100000000)
  region size 1024K, 3 young (3072K), 3 survivors (3072K)
 Metaspace       used 151265K, committed 156544K, reserved 1245184K
  class space    used 19677K, committed 21376K, reserved 1048576K
}
Event: 86.814 GC heap before
{Heap before GC invocations=1364 (full 10):
 garbage-first heap   total 1048576K, used 1042605K [0x00000000c0000000, 0x0000000100000000)
  region size 1024K, 3 young (3072K), 3 survivors (3072K)
 Metaspace       used 151265K, committed 156544K, reserved 1245184K
  class space    used 19677K, committed 21376K, reserved 1048576K
}
Event: 86.876 GC heap after
{Heap after GC invocations=1365 (full 11):
 garbage-first heap   total 1048576K, used 894533K [0x00000000c0000000, 0x0000000100000000)
  region size 1024K, 0 young (0K), 0 survivors (0K)
 Metaspace       used 151265K, committed 156544K, reserved 1245184K
  class space    used 19677K, committed 21376K, reserved 1048576K
}
Event: 86.879 GC heap before
{Heap before GC invocations=1365 (full 11):
 garbage-first heap   total 1048576K, used 900677K [0x00000000c0000000, 0x0000000100000000)
  region size 1024K, 7 young (7168K), 0 survivors (0K)
 Metaspace       used 151265K, committed 156544K, reserved 1245184K
  class space    used 19677K, committed 21376K, reserved 1048576K
}
Event: 86.881 GC heap after
{Heap after GC invocations=1366 (full 11):
 garbage-first heap   total 1048576K, used 894878K [0x00000000c0000000, 0x0000000100000000)
  region size 1024K, 1 young (1024K), 1 survivors (1024K)
 Metaspace       used 151265K, committed 156544K, reserved 1245184K
  class space    used 19677K, committed 21376K, reserved 1048576K
}
Event: 86.912 GC heap before
{Heap before GC invocations=1366 (full 11):
 garbage-first heap   total 1048576K, used 971678K [0x00000000c0000000, 0x0000000100000000)
  region size 1024K, 51 young (52224K), 1 survivors (1024K)
 Metaspace       used 151283K, committed 156544K, reserved 1245184K
  class space    used 19682K, committed 21376K, reserved 1048576K
}
Event: 86.914 GC heap after
{Heap after GC invocations=1367 (full 11):
 garbage-first heap   total 1048576K, used 927878K [0x00000000c0000000, 0x0000000100000000)
  region size 1024K, 7 young (7168K), 7 survivors (7168K)
 Metaspace       used 151283K, committed 156544K, reserved 1245184K
  class space    used 19682K, committed 21376K, reserved 1048576K
}
Event: 86.971 GC heap before
{Heap before GC invocations=1368 (full 11):
 garbage-first heap   total 1048576K, used 967814K [0x00000000c0000000, 0x0000000100000000)
  region size 1024K, 51 young (52224K), 7 survivors (7168K)
 Metaspace       used 151340K, committed 156544K, reserved 1245184K
  class space    used 19689K, committed 21376K, reserved 1048576K
}
Event: 86.973 GC heap after
{Heap after GC invocations=1369 (full 11):
 garbage-first heap   total 1048576K, used 915698K [0x00000000c0000000, 0x0000000100000000)
  region size 1024K, 6 young (6144K), 6 survivors (6144K)
 Metaspace       used 151340K, committed 156544K, reserved 1245184K
  class space    used 19689K, committed 21376K, reserved 1048576K
}
Event: 86.997 GC heap before
{Heap before GC invocations=1369 (full 11):
 garbage-first heap   total 1048576K, used 966898K [0x00000000c0000000, 0x0000000100000000)
  region size 1024K, 51 young (52224K), 6 survivors (6144K)
 Metaspace       used 151420K, committed 156544K, reserved 1245184K
  class space    used 19700K, committed 21376K, reserved 1048576K
}
Event: 87.000 GC heap after
{Heap after GC invocations=1370 (full 11):
 garbage-first heap   total 1048576K, used 867246K [0x00000000c0000000, 0x0000000100000000)
  region size 1024K, 6 young (6144K), 6 survivors (6144K)
 Metaspace       used 151420K, committed 156544K, reserved 1245184K
  class space    used 19700K, committed 21376K, reserved 1048576K
}
Event: 87.016 GC heap before
{Heap before GC invocations=1370 (full 11):
 garbage-first heap   total 1048576K, used 891822K [0x00000000c0000000, 0x0000000100000000)
  region size 1024K, 32 young (32768K), 6 survivors (6144K)
 Metaspace       used 151512K, committed 156544K, reserved 1245184K
  class space    used 19715K, committed 21376K, reserved 1048576K
}
Event: 87.018 GC heap after
{Heap after GC invocations=1371 (full 11):
 garbage-first heap   total 1048576K, used 869462K [0x00000000c0000000, 0x0000000100000000)
  region size 1024K, 3 young (3072K), 3 survivors (3072K)
 Metaspace       used 151512K, committed 156544K, reserved 1245184K
  class space    used 19715K, committed 21376K, reserved 1048576K
}
Event: 87.043 GC heap before
{Heap before GC invocations=1371 (full 11):
 garbage-first heap   total 1048576K, used 924758K [0x00000000c0000000, 0x0000000100000000)
  region size 1024K, 51 young (52224K), 3 survivors (3072K)
 Metaspace       used 151553K, committed 156544K, reserved 1245184K
  class space    used 19723K, committed 21376K, reserved 1048576K
}
Event: 87.045 GC heap after
{Heap after GC invocations=1372 (full 11):
 garbage-first heap   total 1048576K, used 880232K [0x00000000c0000000, 0x0000000100000000)
  region size 1024K, 6 young (6144K), 6 survivors (6144K)
 Metaspace       used 151553K, committed 156544K, reserved 1245184K
  class space    used 19723K, committed 21376K, reserved 1048576K
}
Event: 87.075 GC heap before
{Heap before GC invocations=1372 (full 11):
 garbage-first heap   total 1048576K, used 852456K [0x00000000c0000000, 0x0000000100000000)
  region size 1024K, 51 young (52224K), 6 survivors (6144K)
 Metaspace       used 151625K, committed 156544K, reserved 1245184K
  class space    used 19734K, committed 21376K, reserved 1048576K
}
Event: 87.077 GC heap after
{Heap after GC invocations=1373 (full 11):
 garbage-first heap   total 1048576K, used 809429K [0x00000000c0000000, 0x0000000100000000)
  region size 1024K, 3 young (3072K), 3 survivors (3072K)
 Metaspace       used 151625K, committed 156544K, reserved 1245184K
  class space    used 19734K, committed 21376K, reserved 1048576K
}

Deoptimization events (20 events):
Event: 87.138 Thread 0x0000015e1d610d40 Uncommon trap: trap_request=0xffffffde fr.pc=0x0000015dc755df58 relative=0x0000000000000078
Event: 87.138 Thread 0x0000015e1d610d40 Uncommon trap: reason=class_check action=maybe_recompile pc=0x0000015dc755df58 method=org.apache.spark.sql.execution.datasources.FileFormatDataWriter.enrichWriteError(Lscala/Function0;Lscala/Function0;)Ljava/lang/Object; @ 1 c2
Event: 87.138 Thread 0x0000015e1d610d40 DEOPT PACKING pc=0x0000015dc755df58 sp=0x0000002da96fe290
Event: 87.138 Thread 0x0000015e1d60fe10 Uncommon trap: trap_request=0xffffffde fr.pc=0x0000015dc755df58 relative=0x0000000000000078
Event: 87.138 Thread 0x0000015e1d610d40 DEOPT UNPACKING pc=0x0000015dc60223a3 sp=0x0000002da96fe210 mode 2
Event: 87.138 Thread 0x0000015e1d60fe10 Uncommon trap: reason=class_check action=maybe_recompile pc=0x0000015dc755df58 method=org.apache.spark.sql.execution.datasources.FileFormatDataWriter.enrichWriteError(Lscala/Function0;Lscala/Function0;)Ljava/lang/Object; @ 1 c2
Event: 87.138 Thread 0x0000015e1d60fe10 DEOPT PACKING pc=0x0000015dc755df58 sp=0x0000002da8ffe630
Event: 87.138 Thread 0x0000015e1d60fe10 DEOPT UNPACKING pc=0x0000015dc60223a3 sp=0x0000002da8ffe5b0 mode 2
Event: 87.139 Thread 0x0000015e1d610d40 Uncommon trap: trap_request=0xffffff45 fr.pc=0x0000015dc69108e8 relative=0x0000000000001548
Event: 87.139 Thread 0x0000015e1d610d40 Uncommon trap: reason=unstable_if action=reinterpret pc=0x0000015dc69108e8 method=jdk.internal.loader.Resource.getBytes()[B @ 199 c2
Event: 87.139 Thread 0x0000015e1d610d40 DEOPT PACKING pc=0x0000015dc69108e8 sp=0x0000002da96fd0d0
Event: 87.139 Thread 0x0000015e1d610d40 DEOPT UNPACKING pc=0x0000015dc60223a3 sp=0x0000002da96fd0d8 mode 2
Event: 87.144 Thread 0x0000015e1b84f740 Uncommon trap: trap_request=0xffffff45 fr.pc=0x0000015dc69fdc14 relative=0x0000000000000454
Event: 87.144 Thread 0x0000015e1b84f740 Uncommon trap: reason=unstable_if action=reinterpret pc=0x0000015dc69fdc14 method=java.nio.charset.CoderResult.isOverflow()Z @ 5 c2
Event: 87.144 Thread 0x0000015e1b84f740 DEOPT PACKING pc=0x0000015dc69fdc14 sp=0x0000002da51fb740
Event: 87.144 Thread 0x0000015e1b84f740 DEOPT UNPACKING pc=0x0000015dc60223a3 sp=0x0000002da51fb6a0 mode 2
Event: 87.145 Thread 0x0000015e1b84f740 Uncommon trap: trap_request=0xffffff45 fr.pc=0x0000015dc68b5adc relative=0x000000000000005c
Event: 87.145 Thread 0x0000015e1b84f740 Uncommon trap: reason=unstable_if action=reinterpret pc=0x0000015dc68b5adc method=java.nio.charset.CoderResult.isUnderflow()Z @ 4 c2
Event: 87.145 Thread 0x0000015e1b84f740 DEOPT PACKING pc=0x0000015dc68b5adc sp=0x0000002da51fb7a0
Event: 87.145 Thread 0x0000015e1b84f740 DEOPT UNPACKING pc=0x0000015dc60223a3 sp=0x0000002da51fb730 mode 2

Classes unloaded (20 events):
Event: 86.279 Thread 0x0000015dd08caea0 Unloading class 0x0000015dd51c8000 'java/lang/invoke/LambdaForm$MH+0x0000015dd51c8000'
Event: 86.279 Thread 0x0000015dd08caea0 Unloading class 0x0000015dd51b8000 'java/lang/invoke/LambdaForm$MH+0x0000015dd51b8000'
Event: 86.279 Thread 0x0000015dd08caea0 Unloading class 0x0000015dd51b3c00 'java/lang/invoke/LambdaForm$MH+0x0000015dd51b3c00'
Event: 86.279 Thread 0x0000015dd08caea0 Unloading class 0x0000015dd51b3800 'java/lang/invoke/LambdaForm$MH+0x0000015dd51b3800'
Event: 86.279 Thread 0x0000015dd08caea0 Unloading class 0x0000015dd51b3400 'java/lang/invoke/LambdaForm$MH+0x0000015dd51b3400'
Event: 86.279 Thread 0x0000015dd08caea0 Unloading class 0x0000015dd51b3000 'java/lang/invoke/LambdaForm$MH+0x0000015dd51b3000'
Event: 86.279 Thread 0x0000015dd08caea0 Unloading class 0x0000015dd51b2c00 'java/lang/invoke/LambdaForm$MH+0x0000015dd51b2c00'
Event: 86.279 Thread 0x0000015dd08caea0 Unloading class 0x0000015dd51b2800 'java/lang/invoke/LambdaForm$MH+0x0000015dd51b2800'
Event: 86.279 Thread 0x0000015dd08caea0 Unloading class 0x0000015dd51b2400 'java/lang/invoke/LambdaForm$MH+0x0000015dd51b2400'
Event: 86.279 Thread 0x0000015dd08caea0 Unloading class 0x0000015dd51b1c00 'java/lang/invoke/LambdaForm$MH+0x0000015dd51b1c00'
Event: 86.279 Thread 0x0000015dd08caea0 Unloading class 0x0000015dd51b1800 'java/lang/invoke/LambdaForm$MH+0x0000015dd51b1800'
Event: 86.279 Thread 0x0000015dd08caea0 Unloading class 0x0000015dd51b1400 'java/lang/invoke/LambdaForm$MH+0x0000015dd51b1400'
Event: 86.279 Thread 0x0000015dd08caea0 Unloading class 0x0000015dd51b1000 'java/lang/invoke/LambdaForm$MH+0x0000015dd51b1000'
Event: 86.279 Thread 0x0000015dd08caea0 Unloading class 0x0000015dd51a8800 'java/lang/invoke/LambdaForm$MH+0x0000015dd51a8800'
Event: 86.279 Thread 0x0000015dd08caea0 Unloading class 0x0000015dd518a400 'java/lang/invoke/LambdaForm$MH+0x0000015dd518a400'
Event: 86.279 Thread 0x0000015dd08caea0 Unloading class 0x0000015dd5189c00 'java/lang/invoke/LambdaForm$MH+0x0000015dd5189c00'
Event: 86.279 Thread 0x0000015dd08caea0 Unloading class 0x0000015dd5189800 'java/lang/invoke/LambdaForm$MH+0x0000015dd5189800'
Event: 86.279 Thread 0x0000015dd08caea0 Unloading class 0x0000015dd5189000 'java/lang/invoke/LambdaForm$MH+0x0000015dd5189000'
Event: 86.279 Thread 0x0000015dd08caea0 Unloading class 0x0000015dd5188c00 'java/lang/invoke/LambdaForm$MH+0x0000015dd5188c00'
Event: 86.279 Thread 0x0000015dd08caea0 Unloading class 0x0000015dd5188400 'java/lang/invoke/LambdaForm$MH+0x0000015dd5188400'

Classes redefined (0 events):
No events

Internal exceptions (20 events):
Event: 87.098 Thread 0x0000015e1d610320 Exception <a 'java/lang/NoSuchMethodError'{0x00000000fd220020}: static Lorg/apache/spark/executor/OutputMetrics;.<clinit>()V> (0x00000000fd220020) 
thrown [s\open\src\hotspot\share\prims\jni.cpp, line 1112]
Event: 87.104 Thread 0x0000015e1d610320 Exception <a 'java/lang/NoSuchMethodError'{0x00000000fae89378}: static Lorg/apache/spark/executor/ShuffleReadMetrics;.<clinit>()V> (0x00000000fae89378) 
thrown [s\open\src\hotspot\share\prims\jni.cpp, line 1112]
Event: 87.104 Thread 0x0000015e1d610320 Exception <a 'java/lang/NoSuchMethodError'{0x00000000fac4cce8}: static Lorg/apache/spark/executor/ShuffleWriteMetrics;.<clinit>()V> (0x00000000fac4cce8) 
thrown [s\open\src\hotspot\share\prims\jni.cpp, line 1112]
Event: 87.106 Thread 0x0000015e1d610320 Exception <a 'java/lang/NoSuchMethodError'{0x00000000f6704c68}: static Lscala/Tuple2;.<clinit>()V> (0x00000000f6704c68) 
thrown [s\open\src\hotspot\share\prims\jni.cpp, line 1112]
Event: 87.108 Thread 0x0000015e1c25b810 Exception <a 'java/io/IOException'{0x00000000f5c08598}> (0x00000000f5c08598) 
thrown [s\open\src\hotspot\share\prims\jni.cpp, line 516]
Event: 87.111 Thread 0x0000015e1d610320 Exception <a 'java/lang/NoSuchMethodError'{0x00000000f41c7578}: static Lorg/apache/spark/rdd/RDD;.<clinit>()V> (0x00000000f41c7578) 
thrown [s\open\src\hotspot\share\prims\jni.cpp, line 1112]
Event: 87.115 Thread 0x0000015e1d610320 Exception <a 'java/lang/NoSuchMethodError'{0x00000000f2fbce18}: static Lorg/apache/spark/rdd/MapPartitionsRDD;.<clinit>()V> (0x00000000f2fbce18) 
thrown [s\open\src\hotspot\share\prims\jni.cpp, line 1112]
Event: 87.122 Thread 0x0000015e1d610320 Exception <a 'java/lang/NoSuchMethodError'{0x00000000f0d009b0}: static Lscala/Enumeration;.<clinit>()V> (0x00000000f0d009b0) 
thrown [s\open\src\hotspot\share\prims\jni.cpp, line 1112]
Event: 87.124 Thread 0x0000015e1d610320 Exception <a 'java/lang/NoSuchMethodError'{0x00000000f0808a68}: static Lorg/apache/spark/Dependency;.<clinit>()V> (0x00000000f0808a68) 
thrown [s\open\src\hotspot\share\prims\jni.cpp, line 1112]
Event: 87.127 Thread 0x0000015e1d610320 Exception <a 'java/lang/NoSuchMethodError'{0x00000000eef2df50}: static Lorg/apache/spark/NarrowDependency;.<clinit>()V> (0x00000000eef2df50) 
thrown [s\open\src\hotspot\share\prims\jni.cpp, line 1112]
Event: 87.127 Thread 0x0000015e1d610320 Exception <a 'java/lang/NoSuchMethodError'{0x00000000eee8d750}: static Lorg/apache/spark/OneToOneDependency;.<clinit>()V> (0x00000000eee8d750) 
thrown [s\open\src\hotspot\share\prims\jni.cpp, line 1112]
Event: 87.130 Thread 0x0000015e1d610320 Exception <a 'java/lang/NoSuchMethodError'{0x00000000edbdd7c0}: static Lorg/apache/spark/sql/execution/datasources/FileScanRDD;.<clinit>()V> (0x00000000edbdd7c0) 
thrown [s\open\src\hotspot\share\prims\jni.cpp, line 1112]
Event: 87.130 Thread 0x0000015e245038a0 Exception <a 'java/lang/NoSuchMethodError'{0x00000000f40b9aa0}: 'void java.lang.invoke.DirectMethodHandle$Holder.invokeVirtual(java.lang.Object, java.lang.Object)'> (0x00000000f40b9aa0) 
thrown [s\open\src\hotspot\share\interpreter\linkResolver.cpp, line 759]
Event: 87.130 Thread 0x0000015e1d610320 Exception <a 'java/lang/NoSuchMethodError'{0x00000000eda80d08}: static Lorg/apache/spark/rdd/RDD$$anon$1;.<clinit>()V> (0x00000000eda80d08) 
thrown [s\open\src\hotspot\share\prims\jni.cpp, line 1112]
Event: 87.132 Thread 0x0000015e1c25cc50 Exception <a 'java/lang/NoSuchMethodError'{0x00000000ed9025a8}: 'java.lang.Object java.lang.invoke.DirectMethodHandle$Holder.newInvokeSpecial(java.lang.Object, java.lang.Object, long, int, java.lang.Object)'> (0x00000000ed9025a8) 
thrown [s\open\src\hotspot\share\interpreter\linkResolver.cpp, line 759]
Event: 87.133 Thread 0x0000015e1d610320 Exception <a 'java/lang/NoSuchMethodError'{0x00000000ed9d8fb8}: static Lorg/apache/spark/storage/StorageLevel;.<clinit>()V> (0x00000000ed9d8fb8) 
thrown [s\open\src\hotspot\share\prims\jni.cpp, line 1112]
Event: 87.137 Thread 0x0000015e1d610320 Implicit null exception at 0x0000015dc7360c7e to 0x0000015dc7366ef0
Event: 87.140 Thread 0x0000015e1c25db80 Exception <a 'java/lang/InterruptedException'{0x00000000fd6bc130}> (0x00000000fd6bc130) 
thrown [s\open\src\hotspot\share\runtime\objectMonitor.cpp, line 1671]
Event: 87.143 Thread 0x0000015e1d610320 Exception <a 'java/lang/NoSuchMethodError'{0x00000000ebaecd00}: static Lorg/apache/spark/sql/execution/datasources/FileFormat$$anon$1;.<clinit>()V> (0x00000000ebaecd00) 
thrown [s\open\src\hotspot\share\prims\jni.cpp, line 1112]
Event: 87.145 Thread 0x0000015e1d610320 Exception <a 'java/lang/NoSuchMethodError'{0x00000000eb943928}: static Lorg/apache/spark/util/SerializableConfiguration;.<clinit>()V> (0x00000000eb943928) 
thrown [s\open\src\hotspot\share\prims\jni.cpp, line 1112]

VM Operations (20 events):
Event: 86.963 Executing VM operation: G1Concurrent
Event: 86.964 Executing VM operation: G1Concurrent done
Event: 86.970 Executing VM operation: G1CollectForAllocation
Event: 86.971 Executing VM operation: G1CollectForAllocation done
Event: 86.971 Executing VM operation: G1CollectForAllocation
Event: 86.973 Executing VM operation: G1CollectForAllocation done
Event: 86.997 Executing VM operation: G1CollectForAllocation
Event: 87.001 Executing VM operation: G1CollectForAllocation done
Event: 87.003 Executing VM operation: HandshakeAllThreads
Event: 87.016 Executing VM operation: HandshakeAllThreads done
Event: 87.016 Executing VM operation: G1TryInitiateConcMark
Event: 87.018 Executing VM operation: G1TryInitiateConcMark done
Event: 87.043 Executing VM operation: G1CollectForAllocation
Event: 87.046 Executing VM operation: G1CollectForAllocation done
Event: 87.065 Executing VM operation: G1Concurrent
Event: 87.074 Executing VM operation: G1Concurrent done
Event: 87.075 Executing VM operation: G1CollectForAllocation
Event: 87.077 Executing VM operation: G1CollectForAllocation done
Event: 87.095 Executing VM operation: G1Concurrent
Event: 87.096 Executing VM operation: G1Concurrent done

Events (20 events):
Event: 87.053 Thread 0x0000015dd0909fe0 flushing nmethod 0x0000015dc0bf0a90
Event: 87.055 Thread 0x0000015e245038a0 Thread added: 0x0000015e245038a0
Event: 87.099 Thread 0x0000015e1c25d670 Thread exited: 0x0000015e1c25d670
Event: 87.101 Thread 0x0000015e1c40a220 Thread exited: 0x0000015e1c40a220
Event: 87.102 Thread 0x0000015e1c2599b0 Thread exited: 0x0000015e1c2599b0
Event: 87.114 Thread 0x0000015e22c0f380 Thread added: 0x0000015e22c0f380
Event: 87.115 Thread 0x0000015e1a776840 Thread added: 0x0000015e1a776840
Event: 87.131 Thread 0x0000015e1c25a8e0 Thread exited: 0x0000015e1c25a8e0
Event: 87.131 Thread 0x0000015e1c258f90 Thread exited: 0x0000015e1c258f90
Event: 87.131 Thread 0x0000015e1c25b810 Thread exited: 0x0000015e1c25b810
Event: 87.131 Thread 0x0000015e1c25adf0 Thread exited: 0x0000015e1c25adf0
Event: 87.131 Thread 0x0000015e1bd0e8a0 Thread exited: 0x0000015e1bd0e8a0
Event: 87.131 Thread 0x0000015e1c25b300 Thread exited: 0x0000015e1c25b300
Event: 87.131 Thread 0x0000015e1bd0edb0 Thread exited: 0x0000015e1bd0edb0
Event: 87.131 Thread 0x0000015e1c258060 Thread exited: 0x0000015e1c258060
Event: 87.136 Thread 0x0000015e22c65240 Thread added: 0x0000015e22c65240
Event: 87.140 Thread 0x0000015e1c25db80 Thread exited: 0x0000015e1c25db80
Event: 87.140 Thread 0x0000015e1c25e090 Thread exited: 0x0000015e1c25e090
Event: 87.142 Thread 0x0000015e22c65c60 Thread added: 0x0000015e22c65c60
Event: 87.144 Thread 0x0000015e1a775400 Thread added: 0x0000015e1a775400


Dynamic libraries:
0x00007ff6efef0000 - 0x00007ff6eff00000 	C:\Program Files\Java\jdk-17\bin\java.exe
0x00007ffc93340000 - 0x00007ffc935a6000 	C:\WINDOWS\SYSTEM32\ntdll.dll
0x00007ffc918f0000 - 0x00007ffc919b9000 	C:\WINDOWS\System32\KERNEL32.DLL
0x00007ffc90550000 - 0x00007ffc9094f000 	C:\WINDOWS\System32\KERNELBASE.dll
0x00007ffc90f10000 - 0x00007ffc9105c000 	C:\WINDOWS\System32\ucrtbase.dll
0x00007ffc65ef0000 - 0x00007ffc65f09000 	C:\Program Files\Java\jdk-17\bin\jli.dll
0x00007ffc92a60000 - 0x00007ffc92b1c000 	C:\WINDOWS\System32\ADVAPI32.dll
0x00007ffc91840000 - 0x00007ffc918e9000 	C:\WINDOWS\System32\msvcrt.dll
0x00007ffc93190000 - 0x00007ffc9323a000 	C:\WINDOWS\System32\sechost.dll
0x00007ffc92b30000 - 0x00007ffc92c48000 	C:\WINDOWS\System32\RPCRT4.dll
0x00007ffc92780000 - 0x00007ffc92946000 	C:\WINDOWS\System32\USER32.dll
0x00007ffc90a10000 - 0x00007ffc90a37000 	C:\WINDOWS\System32\win32u.dll
0x00007ffc91bb0000 - 0x00007ffc91bdb000 	C:\WINDOWS\System32\GDI32.dll
0x00007ffc90a40000 - 0x00007ffc90b69000 	C:\WINDOWS\System32\gdi32full.dll
0x00007ffc90960000 - 0x00007ffc90a03000 	C:\WINDOWS\System32\msvcp_win.dll
0x00007ffc65ed0000 - 0x00007ffc65eeb000 	C:\Program Files\Java\jdk-17\bin\VCRUNTIME140.dll
0x00007ffc67bb0000 - 0x00007ffc67e41000 	C:\WINDOWS\WinSxS\amd64_microsoft.windows.common-controls_6595b64144ccf1df_6.0.26100.8972_none_3e0da176e32f9d4b\COMCTL32.dll
0x00007ffc7d480000 - 0x00007ffc7d48b000 	C:\WINDOWS\SYSTEM32\VERSION.dll
0x00007ffc919c0000 - 0x00007ffc919f2000 	C:\WINDOWS\System32\IMM32.DLL
0x00007ffc19310000 - 0x00007ffc19982000 	C:\Program Files\McAfee\DLP\Agent\fcagpph64.dll
0x00007ffc910b0000 - 0x00007ffc91838000 	C:\WINDOWS\System32\SHELL32.dll
0x00007ffc92ec0000 - 0x00007ffc93059000 	C:\WINDOWS\System32\ole32.dll
0x00007ffc91f60000 - 0x00007ffc922e5000 	C:\WINDOWS\System32\combase.dll
0x00007ffc91ee0000 - 0x00007ffc91f46000 	C:\WINDOWS\System32\SHLWAPI.dll
0x00007ffc92e30000 - 0x00007ffc92eb2000 	C:\WINDOWS\System32\WS2_32.dll
0x00007ffc91d50000 - 0x00007ffc91e29000 	C:\WINDOWS\System32\OLEAUT32.dll
0x00007ffc8c600000 - 0x00007ffc8c629000 	C:\WINDOWS\SYSTEM32\WTSAPI32.dll
0x00007ffc90b70000 - 0x00007ffc90cee000 	C:\WINDOWS\System32\CRYPT32.dll
0x00007ffc4a050000 - 0x00007ffc4a0ff000 	C:\WINDOWS\SYSTEM32\WINSPOOL.DRV
0x00007ffc93060000 - 0x00007ffc93159000 	C:\WINDOWS\System32\shcore.dll
0x00007ffc8f4b0000 - 0x00007ffc8f4f9000 	C:\WINDOWS\SYSTEM32\SspiCli.dll
0x00007ffc900b0000 - 0x00007ffc90102000 	C:\WINDOWS\SYSTEM32\cfgmgr32.dll
0x00007ffc8f330000 - 0x00007ffc8f366000 	C:\WINDOWS\SYSTEM32\ntmarta.dll
0x0000015db6950000 - 0x0000015db6966000 	C:\WINDOWS\System32\umppc21306.dll
0x00007ffc7f1a0000 - 0x00007ffc7f1ac000 	C:\Program Files\Java\jdk-17\bin\vcruntime140_1.dll
0x00007ffc5ddb0000 - 0x00007ffc5de3e000 	C:\Program Files\Java\jdk-17\bin\msvcp140.dll
0x00007ffbdc840000 - 0x00007ffbdd420000 	C:\Program Files\Java\jdk-17\bin\server\jvm.dll
0x00007ffc91ec0000 - 0x00007ffc91ec8000 	C:\WINDOWS\System32\PSAPI.DLL
0x00007ffc6bfa0000 - 0x00007ffc6bfaa000 	C:\WINDOWS\SYSTEM32\WSOCK32.dll
0x00007ffc7c200000 - 0x00007ffc7c236000 	C:\WINDOWS\SYSTEM32\WINMM.dll
0x00007ffc8f0d0000 - 0x00007ffc8f0eb000 	C:\WINDOWS\SYSTEM32\kernel.appcore.dll
0x00007ffc7b1c0000 - 0x00007ffc7b1ca000 	C:\Program Files\Java\jdk-17\bin\jimage.dll
0x00007ffc8d2c0000 - 0x00007ffc8d502000 	C:\WINDOWS\SYSTEM32\DBGHELP.DLL
0x00007ffc5b110000 - 0x00007ffc5b14b000 	C:\WINDOWS\SYSTEM32\dbgcore.DLL
0x00007ffc90e50000 - 0x00007ffc90efc000 	C:\WINDOWS\System32\bcryptPrimitives.dll
0x00007ffc65bc0000 - 0x00007ffc65be5000 	C:\Program Files\Java\jdk-17\bin\java.dll
0x00007ffc4f900000 - 0x00007ffc4f9d7000 	C:\Program Files\Java\jdk-17\bin\jsvml.dll
0x00007ffc8d890000 - 0x00007ffc8e12b000 	C:\WINDOWS\SYSTEM32\windows.storage.dll
0x00007ffc90470000 - 0x00007ffc90499000 	C:\WINDOWS\SYSTEM32\profapi.dll
0x00007ffc65eb0000 - 0x00007ffc65ec9000 	C:\Program Files\Java\jdk-17\bin\net.dll
0x00007ffc8f0f0000 - 0x00007ffc8f218000 	C:\WINDOWS\SYSTEM32\WINHTTP.dll
0x00007ffc8f790000 - 0x00007ffc8f7fc000 	C:\WINDOWS\system32\mswsock.dll
0x00007ffc657a0000 - 0x00007ffc657b6000 	C:\Program Files\Java\jdk-17\bin\nio.dll
0x00007ffc65780000 - 0x00007ffc65798000 	C:\Program Files\Java\jdk-17\bin\zip.dll
0x00007ffc660d0000 - 0x00007ffc660da000 	C:\Program Files\Java\jdk-17\bin\management.dll
0x00007ffc65ea0000 - 0x00007ffc65eab000 	C:\Program Files\Java\jdk-17\bin\management_ext.dll
0x00007ffc629e0000 - 0x00007ffc629f8000 	C:\WINDOWS\system32\napinsp.dll
0x00007ffc8e2f0000 - 0x00007ffc8e448000 	C:\WINDOWS\SYSTEM32\DNSAPI.dll
0x00007ffc8f5b0000 - 0x00007ffc8f5bd000 	C:\WINDOWS\SYSTEM32\DSPARSE.dll
0x00007ffc8e2b0000 - 0x00007ffc8e2e3000 	C:\WINDOWS\SYSTEM32\IPHLPAPI.DLL
0x00007ffc91f50000 - 0x00007ffc91f5a000 	C:\WINDOWS\System32\NSI.dll
0x00007ffc68120000 - 0x00007ffc68133000 	C:\WINDOWS\System32\winrnr.dll
0x00007ffc68140000 - 0x00007ffc68162000 	C:\WINDOWS\system32\nlansp_c.dll
0x00007ffc68170000 - 0x00007ffc68186000 	C:\WINDOWS\system32\wshbth.dll
0x00007ffc87d30000 - 0x00007ffc87d3b000 	C:\Windows\System32\rasadhlp.dll
0x00007ffc89ba0000 - 0x00007ffc89c26000 	C:\WINDOWS\System32\fwpuclnt.dll
0x00007ffc8fbb0000 - 0x00007ffc8fbcb000 	C:\WINDOWS\SYSTEM32\CRYPTSP.dll
0x00007ffc8f030000 - 0x00007ffc8f069000 	C:\WINDOWS\system32\rsaenh.dll
0x00007ffc8f840000 - 0x00007ffc8f872000 	C:\WINDOWS\SYSTEM32\USERENV.dll
0x00007ffc90440000 - 0x00007ffc9046a000 	C:\WINDOWS\SYSTEM32\bcrypt.dll
0x00007ffc8fb80000 - 0x00007ffc8fb8c000 	C:\WINDOWS\SYSTEM32\CRYPTBASE.dll
0x00007ffc89650000 - 0x00007ffc8966d000 	C:\WINDOWS\SYSTEM32\dhcpcsvc6.DLL
0x00007ffc89620000 - 0x00007ffc89645000 	C:\WINDOWS\SYSTEM32\dhcpcsvc.DLL
0x00007ffc54a90000 - 0x00007ffc54aa7000 	C:\Users\prathosh.s\Videos\pysparkexer\winutils\hadoop-3.3.6\bin\hadoop.dll
0x00007ffc8e740000 - 0x00007ffc8e790000 	C:\WINDOWS\SYSTEM32\AUTHZ.dll
0x00007ffc61f90000 - 0x00007ffc61faa000 	C:\WINDOWS\SYSTEM32\NETAPI32.dll
0x00007ffc8e450000 - 0x00007ffc8e46b000 	C:\WINDOWS\SYSTEM32\SAMCLI.DLL
0x00007ffc8e4b0000 - 0x00007ffc8e4bd000 	C:\WINDOWS\SYSTEM32\NETUTILS.DLL
0x00007ffc5a3c0000 - 0x00007ffc5a3c9000 	C:\Program Files\Java\jdk-17\bin\jaas.dll
0x00007ffc57170000 - 0x00007ffc5717e000 	C:\Program Files\Java\jdk-17\bin\sunmscapi.dll
0x00007ffc8fd20000 - 0x00007ffc8fd50000 	C:\WINDOWS\SYSTEM32\ncrypt.dll
0x00007ffc8fcd0000 - 0x00007ffc8fd0f000 	C:\WINDOWS\SYSTEM32\NTASN1.dll
0x00007ffc54820000 - 0x00007ffc54828000 	C:\WINDOWS\system32\wshunix.dll
0x0000000066f40000 - 0x0000000066fc4000 	C:\Users\prathosh.s\AppData\Local\Temp\liblz4-java-10226922817468570803.so
0x00007ffc55290000 - 0x00007ffc552a0000 	C:\Program Files\Java\jdk-17\bin\verify.dll
0x0000000070fc0000 - 0x000000007108f000 	C:\Users\prathosh.s\AppData\Local\Temp\snappy-1.1.10-a0e77493-e126-416f-9114-f0c13c98da16-snappyjava.dll

dbghelp: loaded successfully - version: 4.0.5 - missing functions: none
symbol engine: initialized successfully - sym options: 0x614 - pdb path: .;C:\Program Files\Java\jdk-17\bin;C:\WINDOWS\SYSTEM32;C:\WINDOWS\WinSxS\amd64_microsoft.windows.common-controls_6595b64144ccf1df_6.0.26100.8972_none_3e0da176e32f9d4b;C:\Program Files\McAfee\DLP\Agent;C:\Program Files\Java\jdk-17\bin\server;C:\Users\prathosh.s\Videos\pysparkexer\winutils\hadoop-3.3.6\bin;C:\Users\prathosh.s\AppData\Local\Temp

VM Arguments:
jvm_args: -Xmx1g -XX:+IgnoreUnrecognizedVMOptions --add-modules=jdk.incubator.vector --add-opens=java.base/java.lang=ALL-UNNAMED --add-opens=java.base/java.lang.invoke=ALL-UNNAMED --add-opens=java.base/java.lang.reflect=ALL-UNNAMED --add-opens=java.base/java.io=ALL-UNNAMED --add-opens=java.base/java.net=ALL-UNNAMED --add-opens=java.base/java.nio=ALL-UNNAMED --add-opens=java.base/java.util=ALL-UNNAMED --add-opens=java.base/java.util.concurrent=ALL-UNNAMED --add-opens=java.base/java.util.concurrent.atomic=ALL-UNNAMED --add-opens=java.base/jdk.internal.ref=ALL-UNNAMED --add-opens=java.base/sun.nio.ch=ALL-UNNAMED --add-opens=java.base/sun.nio.cs=ALL-UNNAMED --add-opens=java.base/sun.security.action=ALL-UNNAMED --add-opens=java.base/sun.util.calendar=ALL-UNNAMED --add-opens=java.security.jgss/sun.security.krb5=ALL-UNNAMED -Djdk.reflect.useDirectMethodHandle=false -Dio.netty.tryReflectionSetAccessible=true -Dio.netty.allocator.type=pooled -Dio.netty.handler.ssl.defaultEndpointVerificationAlgorithm=NONE --enable-native-access=ALL-UNNAMED -Dderby.connection.requireAuthentication=false 
java_command: org.apache.spark.deploy.SparkSubmit --conf spark.master=local[*] --conf spark.app.name=TelecomETL --conf spark.pyspark.driver.python=C:\Users\prathosh.s\AppData\Local\Programs\Python\Python313\python.exe --conf spark.pyspark.python=C:\Users\prathosh.s\AppData\Local\Programs\Python\Python313\python.exe pyspark-shell
java_class_path (initial): C:\Users\prathosh.s\spark-conf\;C:\Users\prathosh.s\AppData\Local\Programs\Python\Python313\Lib\site-packages\pyspark\bin\..\jars\slf4j-api-2.0.17.jar;C:\Users\prathosh.s\AppData\Local\Programs\Python\Python313\Lib\site-packages\pyspark\bin\..\jars\aircompressor-2.0.3.jar;C:\Users\prathosh.s\AppData\Local\Programs\Python\Python313\Lib\site-packages\pyspark\bin\..\jars\algebra_2.13-2.8.0.jar;C:\Users\prathosh.s\AppData\Local\Programs\Python\Python313\Lib\site-packages\pyspark\bin\..\jars\antlr-runtime-3.5.2.jar;C:\Users\prathosh.s\AppData\Local\Programs\Python\Python313\Lib\site-packages\pyspark\bin\..\jars\antlr4-runtime-4.13.1.jar;C:\Users\prathosh.s\AppData\Local\Programs\Python\Python313\Lib\site-packages\pyspark\bin\..\jars\aopalliance-repackaged-3.0.6.jar;C:\Users\prathosh.s\AppData\Local\Programs\Python\Python313\Lib\site-packages\pyspark\bin\..\jars\arpack-3.0.4.jar;C:\Users\prathosh.s\AppData\Local\Programs\Python\Python313\Lib\site-packages\pyspark\bin\..\jars\arpack_combined_all-0.1.jar;C:\Users\prathosh.s\AppData\Local\Programs\Python\Python313\Lib\site-packages\pyspark\bin\..\jars\arrow-compression-18.3.0.jar;C:\Users\prathosh.s\AppData\Local\Programs\Python\Python313\Lib\site-packages\pyspark\bin\..\jars\arrow-format-18.3.0.jar;C:\Users\prathosh.s\AppData\Local\Programs\Python\Python313\Lib\site-packages\pyspark\bin\..\jars\arrow-memory-core-18.3.0.jar;C:\Users\prathosh.s\AppData\Local\Programs\Python\Python313\Lib\site-packages\pyspark\bin\..\jars\arrow-memory-netty-18.3.0.jar;C:\Users\prathosh.s\AppData\Local\Programs\Python\Python313\Lib\site-packages\pyspark\bin\..\jars\arrow-memory-netty-buffer-patch-18.3.0.jar;C:\Users\prathosh.s\AppData\Local\Programs\Python\Python313\Lib\site-packages\pyspark\bin\..\jars\arrow-vector-18.3.0.jar;C:\Users\prathosh.s\AppData\Local\Programs\Python\Python313\Lib\site-packages\pyspark\bin\..\jars\audience-annotations-0.12.0.jar;C:\Users\prathosh.s\AppData\Local\Programs\Python\Python313\Li
Launcher Type: SUN_STANDARD

[Global flags]
     intx CICompilerCount                          = 4                                         {product} {ergonomic}
     uint ConcGCThreads                            = 3                                         {product} {ergonomic}
     uint G1ConcRefinementThreads                  = 11                                        {product} {ergonomic}
   size_t G1HeapRegionSize                         = 1048576                                   {product} {ergonomic}
    uintx GCDrainStackTargetSize                   = 64                                        {product} {ergonomic}
     bool IgnoreUnrecognizedVMOptions              = true                                      {product} {command line}
   size_t InitialHeapSize                          = 260046848                                 {product} {ergonomic}
   size_t MarkStackSize                            = 4194304                                   {product} {ergonomic}
   size_t MaxHeapSize                              = 1073741824                                {product} {command line}
   size_t MaxNewSize                               = 643825664                                 {product} {ergonomic}
   size_t MinHeapDeltaBytes                        = 1048576                                   {product} {ergonomic}
   size_t MinHeapSize                              = 8388608                                   {product} {ergonomic}
    uintx NonNMethodCodeHeapSize                   = 5839372                                {pd product} {ergonomic}
    uintx NonProfiledCodeHeapSize                  = 122909434                              {pd product} {ergonomic}
    uintx ProfiledCodeHeapSize                     = 122909434                              {pd product} {ergonomic}
    uintx ReservedCodeCacheSize                    = 251658240                              {pd product} {ergonomic}
     bool SegmentedCodeCache                       = true                                      {product} {ergonomic}
   size_t SoftMaxHeapSize                          = 1073741824                             {manageable} {ergonomic}
     bool UseCompressedClassPointers               = true                           {product lp64_product} {ergonomic}
     bool UseCompressedOops                        = true                           {product lp64_product} {ergonomic}
     bool UseG1GC                                  = true                                      {product} {ergonomic}
     bool UseLargePagesIndividualAllocation        = false                                  {pd product} {ergonomic}

Logging:
Log output configuration:
 #0: stdout all=warning uptime,level,tags
 #1: stderr all=off uptime,level,tags

Environment Variables:
JAVA_HOME=C:\Program Files\Java\jdk-17
PATH=c:\Users\prathosh.s\AppData\Roaming\Code\User\globalStorage\github.copilot-chat\debugCommand;c:\Users\prathosh.s\AppData\Roaming\Code\User\globalStorage\github.copilot-chat\copilotCli;C:\Program Files\Common Files\Oracle\Java\javapath;C:\WINDOWS\system32;C:\WINDOWS;C:\WINDOWS\System32\Wbem;C:\WINDOWS\System32\WindowsPowerShell\v1.0\;C:\WINDOWS\System32\OpenSSH\;C:\Program Files\Java\jdk-17\bin;C:\Program Files\nodejs\;C:\Program Files\Amazon\AWSCLIV2\;C:\Program Files\Git\cmd;C:\Program Files\Java\jdk-17\bin;C:\Users\prathosh.s\AppData\Local\Programs\Python\Python313\Scripts\;C:\Users\prathosh.s\AppData\Local\Programs\Python\Python313\;C:\Users\prathosh.s\.local\bin;C:\Users\prathosh.s\AppData\Local\Microsoft\WindowsApps;C:\Users\prathosh.s\AppData\Local\Programs\Microsoft VS Code\bin;C:\Users\prathosh.s\AppData\Local\Programs\Git\cmd;c:\Users\prathosh.s\.vscode\extensions\ms-python.debugpy-2026.6.0-win32-x64\bundled\scripts\noConfigScripts;C:\Users\prathosh.s\Videos\pysparkexer\winutils\hadoop-3.3.6\bin
USERNAME=prathosh.s
LANG=en_US.UTF-8
OS=Windows_NT
PROCESSOR_IDENTIFIER=Intel64 Family 6 Model 181 Stepping 0, GenuineIntel



---------------  S Y S T E M  ---------------

OS:
 Windows 11 , 64 bit Build 26100 (10.0.26100.9168)
OS uptime: 0 days 1:55 hours
Hyper-V role detected

CPU: total 14 (initial active 14) (7 cores per cpu, 2 threads per core) family 6 model 181 stepping 0 microcode 0xd, cx8, cmov, fxsr, ht, mmx, 3dnowpref, sse, sse2, sse3, ssse3, sse4.1, sse4.2, popcnt, lzcnt, tsc, tscinvbit, avx, avx2, aes, erms, clmul, bmi1, bmi2, adx, sha, fma, vzeroupper, clflush, clflushopt, clwb, hv

Memory: 4k page, system-wide physical 15804M (3716M free)
TotalPageFile size 22972M (AvailPageFile size 5263M)
current process WorkingSet (physical memory assigned to process): 1487M, peak: 1527M
current process commit charge ("private bytes"): 1543M, peak: 1615M

vm_info: Java HotSpot(TM) 64-Bit Server VM (17.0.12+8-LTS-286) for windows-amd64 JRE (17.0.12+8-LTS-286), built on Jun  5 2024 06:46:59 by "mach5one" with MS VC++ 17.6 (VS2022)

END.
