grid_id,total_sms_activity,total_call_activity,total_internet_activity,total_activity
5161,22111.8562,15458.0512,237230.3882,274800.2956
5059,22296.9381,15522.6352,160148.7705,197968.3438
5758,9492.2861,6555.9564,127441.0282,143489.2707
5061,11429.9323,7646.3027,118359.2517,137435.4867
5955,7254.3985,7948.1145,120642.4426,135844.9556
5262,13093.9308,8033.8335,110195.1116,131322.87589999998
6064,15016.425,10646.1708,101156.3095,126818.9053
5162,11977.4647,7251.7104,105435.1466,124664.3217
4857,8057.2652,5750.7121,108183.8459,121991.8232
4856,7933.3106,5806.1242,100265.9022,114005.337
5458,6232.2949,4726.1809,102422.3359,113380.8117
4755,5701.8915,4255.9775,102314.144,112272.013
4654,6151.3189999999995,5057.4456,100311.3563,111520.1209
6073,7984.2065,6850.1378,95786.0787,110620.42300000001
5956,6364.963,6436.764700000001,96991.0285,109792.7562
5658,7223.3448,4959.8351999999995,94957.0177,107140.1977
6072,10299.032,10160.8623,86505.6984,106965.59270000001
5855,6493.4527,7002.0858,92670.306,106165.8445
5857,5333.856,4858.1912,95956.3986,106148.4458
5567,6716.1983,4995.9252,94077.9636,105790.0871
6169,6887.1022,5776.8819,90751.8648,103415.8489
4655,6243.0727,4877.1641,91705.5273,102825.7641
5959,6765.8399,4927.5404,90519.9785,102213.3588
4653,6064.2215,4834.3525,90932.1672,101830.7412
4457,5623.7311,4417.5937,91052.1493,101093.4741
4754,5427.9231,4353.8921,90716.3138,100498.129
4855,7413.4935000000005,5479.7021,87524.5722,100417.7678
5258,7238.488,4634.7106,88405.2731,100278.4717
6165,12030.802099999999,8758.7027,79468.10339999999,100257.6082
4456,5688.1483,4211.9758,90272.9056,100173.0297
5954,5636.3054,5687.7225,88392.7764,99716.8043
4556,7064.3375,5548.7898,85527.4021,98140.5294
5858,5710.6291,4977.4858,86426.1828,97114.2977
5856,4917.5712,4721.1741,87343.3648,96982.11009999999
5958,6002.5072,5217.2564,84737.876,95957.6396
5060,9163.9007,6537.8675,79807.6285,95509.3967
4554,5465.5037,4554.414,84403.4913,94423.409
5765,7073.2976,5536.7488,81121.7451,93731.7915
5854,5896.4734,5932.8314,81290.1029,93119.4077
4656,6506.2518,4926.1652,81595.6939,93028.1109
5967,7771.9742,5142.4854,79539.8223,92454.2819
4756,5820.0115,4075.5396,82531.1711,92426.7222
5159,9342.3256,6471.1023,76516.2883,92329.7162
6058,7069.5752999999995,6272.3938,78292.3621,91634.3312
5859,5732.9717,4287.4393,81308.5913,91329.00230000001
5259,4121.1932,2545.0127,84609.3411,91275.547
4553,5667.5375,5089.2699999999995,78930.0145,89686.822
4462,5445.6399,3778.3659,80325.0873,89549.0931
4555,6120.2341,4621.9443,78761.5863,89503.7647
5957,4710.3149,5200.4259999999995,79503.5536,89414.2945
6065,9141.650099999999,5679.1589,73597.3121,88418.1211
5766,7676.0858,5293.7785,74970.1956,87940.05990000001
6260,5140.4953,4094.4704,78260.8034,87495.7691
5659,7669.1984,5241.8216999999995,74127.7359,87038.756
5160,10017.043,6130.6331,70533.2743,86680.9504
6067,7844.6275000000005,5078.1013,72509.5151,85432.2439
4957,5207.4064,3784.015,75683.0306,84674.452
4366,6469.9701000000005,6253.4502999999995,70209.6753,82933.0957
5965,8709.4173,5080.9462,68810.8415,82601.205
5263,6964.2374,4146.4018,70901.9829,82012.6221
4465,4081.198,3010.2706,74764.4655,81855.9341
5461,5043.881,3622.5787,73178.7637,81845.2234
4959,6554.4415,3918.0395,71341.02219999999,81813.50319999999
5968,6029.9137,5049.6538,70523.6695,81603.237
6068,6760.8203,5229.2852,69036.5254,81026.6309
5759,6587.9391,4816.8360999999995,69167.6193,80572.3945
4948,11991.8774,4453.4846,63048.5061,79493.86809999999
6164,8697.3065,6340.5525,64416.7135,79454.5725
4648,4421.8207999999995,3663.5946,70666.576,78751.9914
6557,6912.2854,3774.6522,67634.0986,78321.0362
4757,5632.0013,3946.5687,68576.5297,78155.0997
4256,4309.9666,3260.4557,70427.6678,77998.0901
5256,4140.6251,3692.1730000000002,70093.629,77926.4271
4452,8704.9201,7196.9668,61880.5002,77782.3871
4453,7645.8817,6518.9146,63579.0228,77743.8191
5163,8387.2556,4623.8228,64652.4098,77663.48819999999
5866,6313.6744,3985.7531999999997,67338.2646,77637.6922
6358,3834.9,2574.7780000000002,71220.2173,77629.8953
6345,5154.5516,5461.8048,66836.0407,77452.3971
6558,7207.1164,4163.9574999999995,66034.83439999999,77405.9083
5361,5381.1032000000005,3499.2644,68413.4422,77293.8098
5467,4899.3389,3177.6525,68818.5442,76895.5356
4958,6259.9412,4712.2714,64874.601800000004,75846.8144
4548,5275.1761,4501.7838,65639.6605,75416.6204
5068,4924.3338,3637.3136999999997,66492.5827,75054.2302
4961,5345.198,4028.1729,65158.4415,74531.8124
6066,8285.3141,4790.4137,61258.8537,74334.5815
4968,4958.3227,3626.0593,65588.2133,74172.5953
5349,8985.5394,4104.2353,60975.691999999995,74065.46669999999
5072,6911.7607,3319.8965,62997.3801,73229.0373
5248,5212.1459,3864.7010999999998,63992.0799,73068.92689999999
5148,5408.1694,3747.7072,63905.5227,73061.3993
6074,4805.3854,3685.6639,64304.1887,72795.238
4758,5078.1185000000005,3542.109,63826.3877,72446.6152
5358,4793.1852,3481.9629,64059.3272,72334.4753
6371,5115.4578,4818.6805,61779.807199999996,71713.9455
4854,4292.981,3256.2012,64147.4894,71696.6716
4762,5068.0731,5069.3042,61357.5984,71494.9757
4455,4199.8994,2808.7128000000002,64427.8256,71436.4378
6268,6061.3051,4468.1544,60879.173,71408.6325
4960,6029.5414,3784.2884,61262.0437,71075.8735
6069,5814.093,4782.7636,60348.282699999996,70945.1393
6269,6241.4285,4591.7443,59333.0338,70166.2066
6460,4726.7023,3430.5113,61798.996699999996,69956.2103
5261,5175.4095,3009.3569,61578.8023,69763.5687
5367,4592.397,3081.8292,62063.3855,69737.6117
6265,9662.4859,7499.5197,52538.3617,69700.3673
5255,4316.4574,3531.2868,61782.317800000004,69630.062
4355,3997.5405,2670.2252,62726.2413,69394.007
5568,5194.9569,3780.453,60286.2873,69261.6972
5860,4830.564,3714.6221,60249.2155,68794.4016
6264,7474.5035,5505.6326,55753.1822,68733.3183
5867,4342.3288999999995,2890.5933,61034.1348,68267.057
4257,4051.5953999999997,2852.1205,60923.4614,67827.1773
4853,4699.1927,3888.1179,59207.119399999996,67794.43
4753,4931.7644,3464.1456,58941.3996,67337.3096
4559,4134.115,2921.6883,60047.235,67103.0383
4761,4827.4365,3726.0655,58288.556599999996,66842.0586
8169,5753.5272,5662.7136,55115.2065,66531.4473
5667,4149.599,3038.6403,59177.3385,66365.5778
4458,4447.3593,3284.1554,58633.9849,66365.4996
5147,4604.7874,3412.6016999999997,58308.0525,66325.4416
4972,10634.1786,2957.8685,52713.0672,66305.1143
4356,3575.1621,2577.1292,60058.1669,66210.4582
5868,3780.5429000000004,2987.867,59295.1285,66063.5384
4362,4755.3664,3095.1571,58203.707800000004,66054.2313
7164,4936.6693000000005,3606.2822,57218.503899999996,65761.4554
6372,4829.4622,4596.2072,56299.1261,65724.7955
5151,4085.4046,3265.5617,58030.1612,65381.1275
4459,4025.0114,2864.3993,58435.9153,65325.326
4956,4070.5335999999998,2582.8965,58651.3627,65304.7928
5767,3784.5764,2557.1783,58521.3729,64863.1276
5566,4535.8026,3662.5868,56568.1953,64766.5847
6560,4957.6468,3484.0704,56288.7074,64730.4246
6151,4297.977,3524.8062,56678.4742,64501.2574
5073,3893.7146000000002,3123.1184,57380.2711,64397.1041
5047,4618.4669,3120.3728,56522.2744,64261.1141
5769,4680.8626,3253.8309,55994.8937,63929.5872
4759,4204.4235,2624.6471,56950.2334,63779.304
6166,8448.083,6126.1492,49113.895300000004,63688.1275
6059,4656.1569,3306.6767,55690.031,63652.8646
5964,4365.4322,3051.0434,55989.0496,63405.5252
5368,4528.8588,2968.2752,55763.7686,63260.9026
5966,6837.8807,3766.0256,52577.0706,63180.9769
5670,4542.4855,3015.4955999999997,55006.9806,62564.9617
6674,4209.1925,3706.4846,54484.4461,62400.1232
5257,5136.3931,3839.4526,53365.2163,62341.062
5559,5456.3162999999995,3383.736,53423.3128,62263.3651
4561,4418.0597,2932.0633,54897.3465,62247.4695
4354,3533.4998,2350.4564,56197.0806,62081.0368
5760,4534.7257,3628.3807,53437.1861,61600.292499999996
4557,4715.4551,3733.7270000000003,52995.7448,61444.9269
6565,7612.7304,3644.3899,50144.7293,61401.8496
5143,5774.2878,3444.4031999999997,51998.6944,61217.3854
6457,4843.011,3235.5780999999997,53107.7782,61186.3673
4659,3960.9859,2477.1008,54707.2655,61145.3522
4156,3612.4078,2748.9369,54482.436,60843.780699999996
4861,4955.5833999999995,3988.3665,51888.6108,60832.5607
4860,5123.9127,2914.6698,52751.0033,60789.5858
4454,3458.0238,2400.6713,54918.6302,60777.3253
6051,4156.2335,3440.4833,53152.650200000004,60749.367
5757,3605.3391,3068.4292,53848.2468,60522.0151
5252,4571.9293,3341.0513,52554.5094,60467.49
6175,3715.6139,2846.0317,53777.7269,60339.3725
5861,3659.2617,3376.6565,53279.5268,60315.445
5761,3847.5963,2963.337,52757.8587,59568.792
6458,4761.8716,3168.7687,51294.2378,59224.8781
4363,3809.5268,2778.516,52532.0108,59120.0536
6772,3753.2218000000003,2578.1032,52733.2446,59064.5696
5669,4397.3691,3140.8057,51398.9965,58937.1713
5653,3781.4354,3004.8208,52147.4504,58933.7066
5770,3919.1493,2651.2519,52218.9941,58789.3953
5753,4176.1563,3647.5909,50902.5447,58726.2919
5754,4512.3667000000005,3920.3302,50268.2923,58700.989199999996
6174,4146.7407,3199.5337,51271.6541,58617.9285
6050,4344.5242,3453.9817,50760.0768,58558.5827
5953,3754.1917,3331.1426,51407.945700000004,58493.28
5269,2888.8179,2607.6803999999997,52749.9593,58246.4576
5069,4166.3388,2936.0062,51105.7467,58208.091700000004
4858,4468.4591,2906.2919,50672.1007,58046.8517
5348,5920.8059,3521.9648,48478.201499999996,57920.9722
5268,3310.5686,2904.7798,51519.5691,57734.917499999996
4969,3414.9483999999998,2547.1218,51718.5124,57680.5826
4955,3346.4946,2694.7597,51596.7282,57637.9825
4652,4046.5831,3079.4494999999997,50490.4988,57616.5314
4558,4377.0988,3027.2325,50184.261,57588.5923
5158,4196.8233,3061.5486,50099.4029,57357.7748
4155,3261.4497,2554.4251,51239.73,57055.6048
5468,3801.4685,2705.888,50104.0644,56611.4209
4461,3391.7577,2428.5911,50726.5329,56546.8817
5755,3714.535,3476.5143,49314.957800000004,56506.0071
5969,4345.2843,3572.8544,48538.1515,56456.2902
5662,3313.9894,2399.6298,50676.071,56389.6902
5963,3119.9514,2488.864,50703.8921,56312.707500000004
5267,3269.4208,2964.6801,49940.1982,56174.2991
5249,4599.0422,3291.1942,48151.6962,56041.9326
6657,3665.8502,3083.4637000000002,49171.9326,55921.2465
7163,4371.6156,3189.5965,48297.0894,55858.3015
5970,4383.2602,3205.8904,48213.8582,55803.0088
4255,3210.0998,2448.2541,50059.6613,55718.0152
5869,3968.9685,2842.5175,48678.7086,55490.194599999995
5048,6608.0821,2926.3869,45908.9849,55443.4539
4760,3897.8009,2662.4091,48635.0835,55195.2935
5359,3428.1571,2576.387,48803.491500000004,54808.0356
4647,3220.1805,2756.3041000000003,48715.2232,54691.707800000004
5156,3089.1674,2383.502,49097.6283,54570.297699999996
4547,3518.8170999999998,2891.2854,48052.2829,54462.3854
5172,3380.0979,2575.3957,48275.3546,54230.8482
4660,3581.589,2491.6593,48075.0628,54148.3111
6172,3710.1407,2474.5873,47830.980299999996,54015.7083
4364,2863.2059,3388.2237999999998,47588.450600000004,53839.880300000004
4954,3429.855,2773.3136,47535.7466,53738.9152
4254,3206.126,2318.448,48205.938500000004,53730.5125
6070,4173.6014000000005,3154.5892,46374.3468,53702.5374
6977,3253.3303,2502.9493,47921.089100000005,53677.368700000006
5661,3879.2155000000002,2925.6971,46781.7942,53586.7068
6559,5156.8777,3722.7761,44686.221900000004,53565.8757
4466,3058.96,2330.9375,48156.0083,53545.9058
4359,3284.2262,2215.4121999999998,48021.861600000004,53521.5
5251,4058.88,3165.8393,46286.734599999996,53511.4539
5459,4434.5526,3081.6759,45904.904,53421.1325
5155,4369.4689,3283.651,45565.119099999996,53218.239
5974,3856.3362,2619.5604,46736.4335,53212.3301
3856,4833.6615,2536.9483,45712.4089,53083.0187
4967,3913.3085,3225.1934,45735.5523,52874.0542
5270,2954.8026,2349.3882,47532.2129,52836.4037
6368,5056.2635,3893.4081,43816.2205,52765.8921
6168,4328.0086,2885.3799,45468.936700000006,52682.3252
5952,3814.123,2774.1621,45970.148,52558.4331
6274,3801.0158,3069.8601,45574.1045,52444.9804
5372,4462.6247,4305.303,43586.5518,52354.4795
5870,3989.1742,2688.8759999999997,45668.030699999996,52346.0809
6352,3296.4222,2367.7076,46679.2408,52343.3706
5668,3787.381,2741.5694,45777.7495,52306.6999
4971,8492.8019,2329.3563,41419.5719,52241.7301
3857,4486.0571,3303.4880000000003,44358.3942,52147.9393
5865,4204.4744,3065.6447,44790.8118,52060.9309
6374,3555.0755,3195.3748,45252.4473,52002.8976
6459,4537.5005,3190.8908,44187.868,51916.2593
7077,3174.0075,2482.4036,46226.8918,51883.3029
4157,3385.6688,2466.8131,45955.2532,51807.7351
3956,5393.8803,2540.1188,43800.331399999995,51734.3305
5862,3844.7641,5762.2424,42072.5228,51679.529299999995
6075,3512.5245,2641.5206,45485.9696,51640.0147
4953,3519.1831,3123.9501,44898.4234,51541.5566
4460,3312.5552,2352.0021,45746.3995,51410.9568
5453,2519.7417,2002.8276,46868.4353,51391.0046
6063,3098.4251,2277.5137,45978.2903,51354.2291
4369,3443.8703,2495.214,45307.4341,51246.5184
5853,3601.1358,3520.0386999999996,44069.7624,51190.9369
5254,3594.4969,2706.0103,44840.7627,51141.2699
5062,5249.5372,3501.1811,42346.8437,51097.562
5170,3178.6050999999998,2374.9326,45497.845199999996,51051.3829
6370,4118.0597,3751.0288,43147.4429,51016.5314
6158,3949.0233,3272.7473999999997,43570.7157,50792.4864
5362,2937.9779,1997.1216,45835.9277,50771.0272
6373,3229.1122,2641.146,44828.8893,50699.1475
5168,3551.212,2898.2718,44229.760800000004,50679.2446
6149,3439.5018,3042.6181,44166.2993,50648.4192
3757,3515.3154,2523.0691,44545.7128,50584.0973
5149,3871.5808,2850.5472,43788.5027,50510.6307
6757,3458.2711,2937.1317,44111.5292,50506.932
5560,4260.2462000000005,3180.5379,42902.7328,50343.5169
6273,3173.0043,2524.4494,44569.847,50267.3007
5462,2885.6254,2009.6981,45204.7338,50100.0573
4549,3672.8755,2859.2798,43493.3827,50025.538
5070,3237.9029,2329.4719,44452.5041,50019.878899999996
4658,4053.4858,2560.0372,43365.6196,49979.1426
5460,4326.0751,2593.2527,42931.6294,49850.9572
6762,3311.5244,2976.6945,43547.7955,49836.0144
4560,3508.3439,2315.9715,43946.2074,49770.5228
5660,4282.5958,3636.7934999999998,41830.1415,49749.5308
5562,3386.1522999999997,2247.6769,44075.8532,49709.6824
4546,3386.5194,2608.2023,43424.7045,49419.4262
5058,3674.3886,2847.6795,42775.565,49297.6331
6671,3447.0202,2659.0044,43182.3641,49288.3887
5154,3732.5625,2735.3414000000002,42736.6396,49204.5435
4849,3900.0221,3003.5634,42294.1695,49197.755
4949,4401.1585000000005,2983.6515,41714.9285,49099.7385
5960,3331.093,2649.4992,43077.5675,49058.1597
4962,3364.1259,2845.5086,42841.6225,49051.257
6672,3196.9456,2317.681,43230.0076,48744.6342
5570,4605.6047,2888.2422,41180.469,48674.3159
5569,4532.3732,3266.1755,40783.4808,48582.029500000004
5752,2889.5996,2410.2217,43207.772600000004,48507.5939
6251,3188.8412,2391.7656,42873.1103,48453.7171
5951,3200.4294999999997,2533.8908,42707.6146,48441.9349
5973,3996.1483,2581.1136,41422.5911,47999.853
6658,5071.4387,3993.713,38862.3015,47927.453199999996
6675,3662.7452,3071.6815,41119.2323,47853.659
5169,2923.9712,2273.468,42651.8994,47849.3386
4357,3335.7312,2426.8364,42024.4521,47787.019700000004
5146,2996.9625,2848.5171,41899.8911,47745.3707
4367,4495.6713,3978.9505,39260.5111,47735.132900000004
4752,3947.1939,2603.0933999999997,41177.0297,47727.317
6170,3745.9076999999997,3119.9023,40856.381,47722.191
4168,2854.1036,2330.2132,42471.2733,47655.5901
4451,4510.1393,2790.6702,40247.9616,47548.7711
5260,4210.6344,2432.2422,40890.5259,47533.402500000004
4657,4165.9011,2807.1772,40557.1406,47530.2189
5449,4801.3116,2604.7921,40113.2178,47519.3215
4650,3597.2851,2956.4831,40961.6465,47515.4147
4068,2885.4072,2349.9687,42270.8343,47506.2102
4750,3949.4301,2864.4535,40682.5599,47496.4435
4662,3712.5635,3525.1831,40125.6007,47363.3473
5756,2638.9266000000002,2444.2364000000002,42180.733400000005,47263.896400000005
6369,4212.9185,3576.1083,39459.6374,47248.6642
6574,3158.3037,2830.5467,41251.3417,47240.1921
4973,2821.9179,2329.1055,42067.213,47218.2364
4651,3056.9096,2597.9687,41511.0159,47165.8942
4545,3345.2479,3315.6674000000003,40399.732299999996,47060.6476
5975,3021.4906,2134.0377,41802.2577,46957.786
4446,3215.0081,2421.1691,41270.9693,46907.1465
6270,4351.5232,3667.3447,38850.1581,46869.026
5360,3105.0378,1718.4682,41981.1772,46804.6832
5152,3825.217,2535.7896,40284.433,46645.4396
5972,3783.2531,2441.0804,40419.7822,46644.1157
5342,1869.2060999999999,3820.0543,40792.7026,46481.963
5247,3228.3967,2724.9033,40495.3325,46448.6325
6252,3527.5777,2840.9736,40035.7721,46404.3234
5450,3586.1756,2679.1115,40132.4621,46397.7492
4358,3062.5238,2018.2532999999999,41311.6654,46392.4425
4365,3471.9946,4030.6153,38719.0709,46221.6808
4069,2927.9793,2457.9224,40758.4766,46144.378300000004
6471,3942.0715999999998,3712.6213000000002,38467.6815,46122.3744
6148,3019.9102,2865.1396,40190.0364,46075.0862
6359,3331.4120000000003,2491.4422,40206.1794,46029.0336
6176,2877.7766,2277.8069,40831.2272,45986.8107
9368,4561.3394,3686.4269,37736.0782,45983.8445
4751,3062.6131,2476.5079,40367.221300000005,45906.342300000004
5768,2928.2182000000003,2057.2925999999998,40720.1807,45705.6915
5063,3720.2663000000002,2759.9013999999997,39051.1586,45531.3263
4952,3241.9112,2740.7445,39501.3585,45484.0142
6167,4328.3723,3000.1839,38147.5515,45476.1077
5762,2679.9854,2001.4259,40717.4157,45398.827
3756,3187.2381,2388.3519,39783.0242,45358.614199999996
4269,3163.5622000000003,2257.7265,39888.8169,45310.1056
3957,3360.6653,2494.6776,39282.0989,45137.4418
5654,3422.8191,2222.111,39443.7073,45088.6374
6173,3331.04,2517.9462,39154.9524,45003.9386
5452,2389.6737000000003,1910.3603,40645.7434,44945.7774
6360,3645.7218,2658.2833,38560.274,44864.2791
5442,3902.0950000000003,3750.2058,37209.8002,44862.101
5558,2666.0686,1907.5195999999999,40257.4714,44831.0596
6665,3594.5735,2742.2874,38476.6508,44813.5117
5646,3814.7675,2548.5053000000003,38410.4958,44773.768599999996
6267,5271.9982,3942.6295,35557.7063,44772.334
4169,2864.1042,2274.5182,39534.6178,44673.2402
5561,3225.0843,2642.3826,38778.0942,44645.5611
6375,2836.9642,2692.954,39097.0598,44626.978
4562,3613.1898,2365.1195000000002,38646.821299999996,44625.1306
6659,4008.7839,3806.1978,36789.2165,44604.1982
4859,3472.182,2249.0428,38830.0774,44551.3022
6758,4390.8034,3446.2184,36676.3455,44513.3673
6057,2360.6407,2327.0931,39791.0218,44478.755600000004
4851,3264.6,2279.1697,38777.3466,44321.1163
4469,2567.1864,1979.7558000000001,39737.1553,44284.0975
4154,2334.3144,1937.7677,39986.4398,44258.5219
5656,2552.454,1867.4246,39553.331,43973.2096
5655,3312.9697,2100.8276,38548.0553,43961.8526
5271,3074.5528,2217.5619,38647.2762,43939.3909
6266,5840.7544,4690.519200000001,33356.8959,43888.169499999996
4850,3724.2691,2622.1575000000003,37530.9881,43877.4147
5071,3188.748,2383.8562,38251.6045,43824.2087
5171,3148.1382000000003,2315.4906,38254.4426,43718.0714
4649,3520.7556,2613.8594,37520.6408,43655.2558
6445,2915.9542,2794.1027,37918.5047,43628.5616
6771,2958.6468999999997,2527.5265,38109.9629,43596.1363
8762,2732.656,1994.954,38640.4066,43368.0166
4444,3233.9998,3180.6814,36889.2034,43303.8846
6248,2769.9208,2707.0149,37824.1701,43301.1058
7076,2812.8363999999997,2437.5002,38050.1916,43300.5282
4468,2797.4395,2580.7964,37831.3509,43209.5868
4450,3036.1856,1945.7833,38171.9173,43153.8862
4349,3008.5688,2218.3242999999998,37810.2088,43037.1019
5246,2531.6169,2185.5292,38298.51,43015.6561
4661,3297.3959,2091.7289,37612.703199999996,43001.828
5150,2823.5668,2451.1841,37720.3188,42995.0697
4940,2834.5638,2329.8986,37631.2075,42795.6699
4447,3124.483,2266.5497,37384.1077,42775.1404
5053,3213.9527,2571.9928,36950.7829,42736.7284
6053,2736.6629000000003,2285.079,37686.8614,42708.6033
5157,2646.2558,1958.766,38103.015699999996,42708.0375
3962,2739.2488,2136.2246999999998,37795.1347,42670.6082
6249,3214.5086,3356.3988,35905.4297,42476.3371
5557,2524.4334,1706.2569,38197.5863,42428.2766
5370,3337.7561,2139.5894,36877.1404,42354.4859
6662,3043.1151,2598.0421,36690.8369,42331.994099999996
5046,2921.236,2686.4768,36689.7128,42297.4256
4368,2872.0471,2526.9554,36861.3748,42260.3773
4852,3189.9175999999998,2479.6015,36566.222,42235.7411
6150,2843.5344,2340.5781,37031.1941,42215.3066
5245,2966.9773999999998,2186.0492,37047.0228,42200.0494
4747,2750.3468,2110.9974,37315.9801,42177.3243
6461,2766.2461,2472.7491,36870.7095,42109.7047
4926,2503.2893,2152.4892,37445.0766,42100.8551
6056,2376.497,2290.1366,37312.297600000005,41978.9312
6351,2792.1174,2202.2143,36930.3715,41924.7032
4566,2272.489,1727.9238,37825.6025,41826.0153
5962,2570.9788,2327.5939,36919.9002,41818.4729
5363,2280.8564,1625.362,37866.8668,41773.0852
5971,2419.4629,1710.0422,37583.8111,41713.3162
3955,3869.7405,2062.0813,35769.6629,41701.4847
5244,4086.7143,2734.3935,34844.9809,41666.0887
4268,3113.5051,2670.7262,35784.9804,41569.2117
5272,2659.6073,2065.6830999999997,36818.6124,41543.9028
6364,2764.9198,2239.0384,36492.8629,41496.8211
4445,2815.6148,2693.1469,35857.4119,41366.1736
6673,2828.4611,2485.9266,36047.1138,41361.5015
4470,2978.0870999999997,2349.6669,35981.3302,41309.0842
6446,3292.7342,3437.3832,34493.6437,41223.7611
8371,2849.4128,2584.9351,35774.0233,41208.3712
5273,3284.0791,2905.7246,34966.35,41156.1537
5652,2589.6028,2193.209,36367.5239,41150.335699999996
5040,2870.5956,2385.1359,35792.1173,41047.8488
4464,3538.6111,3420.4648,33831.4135,40790.4894
4826,2427.0121,2164.6367,36162.8654,40754.5142
8271,2805.2533,2544.873,35340.135800000004,40690.2621
5544,3738.8990999999996,2788.7707,33965.3525,40493.0223
4570,2529.3807,2464.1851,35407.2502,40400.816
6978,2432.0858,1923.0059,35990.8553,40345.947
4463,2993.5964,2075.0179,35242.4747,40311.089
7078,2411.8152,1914.146,35973.555,40299.5162
5657,2368.0036,1695.0237,36160.8145,40223.8418
6052,2889.4863,2468.3,34839.806000000004,40197.5923
6547,3238.1199,3409.1588,33519.0087,40166.2874
5647,2873.675,2036.3844,35069.684,39979.7434
4749,3342.5832,2407.5244,34117.2826,39867.3902
6250,2942.9335,2517.8073,34372.3759,39833.1167
8675,3295.9655,2657.3339,33861.9572,39815.2566
6159,3214.2880999999998,2634.7556999999997,33938.847799999996,39787.8916
5055,3283.3516,2104.4721,34258.5533,39646.377
6872,2917.7315,1933.3385,34760.1271,39611.1971
6976,2515.4113,2220.372,34797.5677,39533.351
6049,2572.95,2090.704,34852.8418,39516.4958
4748,2319.805,2084.3425,34995.623,39399.7705
4070,2814.2372,2455.4327,34090.875,39360.5449
4370,2448.2249,1846.4374,34877.8259,39172.4882
6564,7098.2887,2410.8763,29657.4264,39166.5914
5350,3452.1865000000003,2794.3576000000003,32916.5694,39163.1135
5950,2999.3922000000002,2177.9030000000002,33935.3838,39112.679000000004
6171,2885.2833,2079.8905,34051.6446,39016.8184
5145,3461.3372,2517.6143,33015.3697,38994.3212
6871,2872.1615,2537.8503,33549.0254,38959.0372
6271,4016.4797000000003,3380.2039,31554.2913,38950.9749
5771,3024.9464,1719.1124,34118.8765,38862.9353
6469,3541.8485,3236.0821,32070.036500000002,38847.9671
5369,3018.2731,2095.7442,33720.9834,38835.0007
6451,2717.7491,2256.3855,33859.378899999996,38833.5135
4544,2864.2277,2729.3867999999998,33192.6618,38786.2763
4848,2976.1104,2163.2162,33628.7909,38768.1175
5173,3290.0105,2893.8149,32576.6066,38760.432
3858,3749.9213,2948.8239,32043.4254,38742.1706
5049,3451.9161,2101.0828,33169.9792,38722.9781
4941,2624.5476,2109.11,33949.4017,38683.0593
5871,2931.4863,1701.0846999999999,33977.8204,38610.3914
6071,2303.988,1756.0517,34420.8178,38480.8575
8370,2602.6403,2350.5906,33515.3718,38468.602699999996
6546,2906.4093,3092.7351,32377.582000000002,38376.7264
5451,2637.5032,2455.6473,33280.6809,38373.8314
5644,4119.3446,2925.4653,31220.221700000002,38265.0316
4552,3222.9337,2610.2099,32426.1832,38259.3268
7064,2482.8614,1729.0201,34025.4141,38237.2956
4379,6521.1201,2822.0731,28866.104199999998,38209.2974
4927,2329.2023,2083.8935,33780.2599,38193.3557
4943,2661.5306,2650.879,32866.5029,38178.9125
6858,2504.6281,2343.8078,33313.6465,38162.0824
4160,2070.6348,1570.7399,34516.4382,38157.8129
8272,2713.8134,2427.1799,32927.4723,38068.4656
5056,3488.613,1590.31,32969.3231,38048.246100000004
4449,2884.58,1934.1606,33205.0502,38023.7908
5852,3085.5886,2512.5896,32362.3474,37960.5256
5546,2811.7339,2345.3167,32768.6151,37925.6657
6561,2608.9399,2315.7201,32857.94,37782.6
5352,3066.4421,1830.3878,32847.575300000004,37744.4052
6857,2795.4732,2621.6559,32318.3252,37735.4543
6873,2784.7223,1949.2005000000001,32964.2717,37698.1945
8472,3282.16,2965.1723,31360.4678,37607.8001
5250,2832.8005,2495.4577,32238.5604,37566.8186
9268,3384.8018,2746.796,31382.3237,37513.921500000004
6447,2615.224,2553.2013,32162.702100000002,37331.1274
5547,2940.1676,2061.5901,32268.5509,37270.3086
8862,2276.2381,1564.1384,33323.1685,37163.545
5351,2567.6569,2060.3866,32516.9336,37144.9771
4266,3080.7967,3753.4759999999997,30286.059699999998,37120.3324
4846,2525.0441,1941.8784,32627.432699999998,37094.3552
4264,2097.8088,2767.3127,32213.279300000002,37078.4008
5344,2808.8007,2290.9395,31919.8459,37019.5861
4862,3309.0125000000003,3215.02,30483.7079,37007.7404
6756,2801.1963,2467.1206,31685.2048,36953.5217
5052,2454.9542,1718.6978,32765.3599,36939.0119
6647,2905.2174999999997,2732.8965,31288.6065,36926.720499999996
4569,2650.9453,2521.0834,31702.7536,36874.7823
5671,2616.9307,1754.7984999999999,32485.519099999998,36857.2483
6452,2634.1526,1986.6428,32235.3556,36856.151
5555,2658.5796,1765.0765,32405.3512,36829.0073
8874,3230.6293,2623.2584,30974.2388,36828.1265
5039,2766.1904,2328.1418,31651.5388,36745.871
8471,2547.0872,2266.022,31921.5138,36734.623
5371,3064.5866,2062.3607,31598.5543,36725.5016
5469,3505.2719,2331.5165,30860.5629,36697.3513
6759,2992.3749000000003,3177.248,30504.7331,36674.356
5876,2472.2591,1753.5620000000001,32427.2918,36653.1129
7056,3704.8761,3596.4464,29350.761599999998,36652.0841
4161,2138.2185,1477.9389,33013.369,36629.5264
5144,3725.8395,2431.9844000000003,30445.2516,36603.0755
8572,3362.696,3043.6827,30069.11,36475.4887
4847,2781.9368,1879.1691,31797.515,36458.6209
5356,2309.2837,1648.6687,32487.6749,36445.6273
7059,3053.9661,3213.1768,30166.2118,36433.354699999996
5241,1802.4903,2065.2443,32563.525999999998,36431.2606
6568,2862.4882000000002,2109.5984,31381.7827,36353.8693
6055,2314.8681,2083.6599,31934.9281,36333.4561
5243,4442.7817,3194.7128,28688.3881,36325.8826
6350,2820.9629,2684.2251,30815.8789,36321.0669
8775,3069.9371,2485.8056,30761.9849,36317.7276
6958,2838.7408,2721.193,30756.5157,36316.4495
6468,3496.9285,2850.4686,29962.2703,36309.6674
7176,2492.1684,2170.42,31640.594999999998,36303.1834
4550,2079.766,1645.2964,32526.8243,36251.8867
7066,1789.8555,1647.7117,32776.6111,36214.1783
5064,2328.8303,1487.4154,32366.6898,36182.9355
6773,2518.9528999999998,2167.7894,31482.2135,36168.9558
5643,4021.3114,2792.9857,29353.4554,36167.7525
8774,3138.9969,2542.7258,30369.2019,36050.9246
4350,2861.1254,1924.9895000000001,31226.1548,36012.2697
7177,2330.9972,2003.1236,31664.9026,35999.0234
4072,2338.0102,2023.255,31600.7219,35961.9871
5027,2214.2690000000002,1949.2736,31734.728900000002,35898.2715
4480,5862.6754,2574.8824,27450.050900000002,35887.6087
4071,2310.7252,1910.2101,31633.8522,35854.7875
5976,2575.3574,1870.1503,31351.7118,35797.2195
6474,2487.7325,2283.9503999999997,30896.8845,35668.5674
6763,3447.346,2442.8091,29679.5402,35569.6953
7271,2273.0561,1988.2827,31251.4452,35512.784
5341,1442.326,2223.3605000000002,31828.7855,35494.472
3855,3180.1979,1837.9448,30462.3341,35480.4768
4467,2650.66,2091.8647,30711.0576,35453.5823
4057,2698.0462,2084.0213,30661.519800000002,35443.5873
6152,2990.5559,2632.4696,29757.529599999998,35380.5551
6275,2035.7758999999999,1773.2048,31538.9973,35347.977999999996
6664,2649.8486,1743.0178,30953.0449,35345.9113
3963,2256.0728,1781.1737,31278.7331,35315.9796
5345,2127.0226,1725.3812,31420.903899999998,35273.3077
6470,3452.5029,3008.1997,28800.3487,35261.0513
5457,2112.0524,1655.2973,31476.9195,35244.2692
6258,2287.8334,1690.9709,31210.9931,35189.797399999996
5556,2151.3492,1552.1222,31431.7,35135.1714
8372,2719.3449,2357.45,29912.6542,34989.4491
5571,3106.0402,1939.4717999999998,29938.6569,34984.1689
5041,2613.7389,2117.6134,30218.6045,34949.9568
4874,4807.1869,3170.6324,26933.4018,34911.2211
5745,3414.604,2515.0056,28925.6527,34855.2623
3970,2632.1256000000003,2378.4574000000002,29842.9755,34853.5585
7058,2876.0742,2914.1472,29043.9341,34834.1555
4267,3470.509,4127.267,27207.1629,34804.9389
6852,2961.8153,2397.8932,29424.7799,34784.4884
4442,2650.3828,2169.75,29934.1269,34754.2597
6853,3274.8878,2913.1327,28545.834,34733.8545
6448,2165.785,1974.1194,30458.3898,34598.294200000004
6272,3313.7014999999997,2448.8991,28817.3481,34579.9487
4351,3201.7078,2070.3837,29258.6215,34530.713
6956,3028.3622,2546.8997,28904.3036,34479.5655
6646,2312.0199,2354.1176,29777.4215,34443.559
5744,3432.1369,2694.4187,28151.2602,34277.8158
6076,2643.5254999999997,1993.5063,29634.987699999998,34272.0195
3758,2768.6798,2182.605,29244.6102,34195.895
5554,2503.0547,1691.2889,29967.1307,34161.4743
4746,2389.8989,1788.0494,29977.2417,34155.19
6347,2276.1983,2132.3572,29703.6774,34112.2329
3869,2393.5899,2329.2189,29385.9986,34108.8074
6259,2640.4863,2170.5983,29239.0245,34050.1091
8575,3331.1928,2792.9734,27910.752200000003,34034.9184
6753,3846.3349,3715.0908,26458.6699,34020.0956
3954,1815.2536,1390.2956000000001,30800.6937,34006.2429
6346,2284.6752,2149.3269,29570.9995,34005.0016
4970,2592.6395,1627.4268,29759.7675,33979.8338
4964,1837.7218,1963.9362,30177.0989,33978.7569
4265,2105.9953,3201.2975,28670.737699999998,33978.0305
7166,1593.8845999999999,1498.3914,30858.4077,33950.6837
7264,2863.145,2554.1927,28492.2425,33909.580200000004
7165,2118.5407,1917.4274,29823.8079,33859.776
5445,2353.648,2052.4353,29424.578,33830.6613
4551,2124.9985,1619.0677,30079.6123,33823.6785
7372,1894.6498,1903.8566,29907.1521,33705.6585
6972,2638.7446,1880.934,29135.2445,33654.9231
6761,2411.6233,2083.3601,29133.031199999998,33628.0146
6246,2219.9051,2092.7004,29312.0622,33624.6677
6569,3311.6914,2745.9436,27551.9164,33609.5514
5347,2187.2941,1701.1918,29689.5222,33578.0081
6656,2506.8653,2124.1167,28941.531600000002,33572.5136
6874,2365.4343,2013.242,29116.4932,33495.1695
4158,2369.2343,1854.8464999999999,29267.3418,33491.4226
6054,2288.7521,2064.961,29134.8036,33488.5167
6456,3565.4719,1995.5072,27823.4897,33384.4688
4056,2420.0777,1909.7004,29008.1096,33337.8877
4344,1858.7897,1610.3517,29736.7244,33205.8658
3971,2490.7961999999998,1985.9345,28706.9585,33183.6892
4058,2499.1707,1982.0609,28636.3616,33117.5932
6156,1985.6149,1843.3279,29265.8373,33094.780099999996
3958,2836.1431,2194.6952,28021.5714,33052.409700000004
9369,3324.1121,2685.2729,27041.4189,33050.8039
4258,2377.2611,1782.8981,28853.6108,33013.77
4353,2503.9365,1783.8044,28695.0309,32982.7718
6566,3181.4154,2478.7939,27319.110099999998,32979.3194
6764,2675.0063999999998,1748.6543,28480.5958,32904.2565
5354,2782.0766,1893.7557,28226.0444,32901.8767
6247,2087.3712,1969.7051999999999,28795.1154,32852.1918
4261,1939.2982,1412.6203,29500.0822,32852.0007
5751,2417.4639,1663.6442,28732.3248,32813.4329
6774,2795.5393,2272.5083,27744.8004,32812.848
6348,1900.5143,1961.4655,28949.0992,32811.079
5343,2014.7172,3046.027,27744.347,32805.0912
5353,3395.4853,1613.2021,27685.6087,32694.2961
6571,3318.097,2833.9183,26529.6823,32681.6976
8662,2104.9851,1901.8844,28670.6011,32677.4706
3959,2420.4187,1902.3114,28337.5737,32660.3038
4055,2025.9677,1488.8872000000001,29117.658199999998,32632.5131
6570,3336.376,2824.7736,26424.5721,32585.721700000002
7063,2486.6153999999997,1647.7549,28432.4097,32566.78
6663,2830.0848,1893.9392,27809.4933,32533.5173
5253,3053.931,2205.4475,27264.9457,32524.324200000003
5153,3346.4062,2105.1945,27050.9642,32502.5649
3658,2073.2131,1544.9394,28851.240700000002,32469.3932
5851,2513.344,1682.5491,28256.9763,32452.8694
6353,2501.2702,1803.2418,27999.9702,32304.4822
6245,1913.9969,1867.2811000000002,28520.547300000002,32301.8253
6856,2515.8427,2308.5362,27440.2686,32264.6475
4260,1810.6572,1347.8898000000002,29083.1162,32241.6632
4963,2679.3985000000002,1957.6492,27588.8565,32225.9042
9367,2487.5972,1983.2694,27732.410499999998,32203.2771
4942,2519.1943,2222.7152,27416.5528,32158.4623
5444,2442.2751,2051.2141,27618.1074,32111.5966
4991,5233.5494,3137.3971,23722.0593,32093.0058
8676,2364.0335,1796.2204,27908.352600000002,32068.6065
3862,1986.5808,1654.8536000000001,28348.8665,31990.3009
4443,2993.3821,2301.5474,26667.9296,31962.8591
6473,2223.431,1993.7328,27686.0667,31903.2305
8576,2381.6726,1812.6549,27708.133400000002,31902.460900000002
5067,2742.6966,2420.4106,26705.841800000002,31868.949
8573,3074.0472,2689.2311,26102.7022,31865.9805
5057,2452.1392,1930.7356,27476.449399999998,31859.3242
5346,1977.7647,1631.8046,28249.5659,31859.1352
4060,1828.5087,1533.8463,28493.504699999998,31855.8597
7157,1713.0738000000001,1405.5502999999999,28731.6496,31850.2737
5357,1774.4677,1080.7713,28956.0202,31811.2592
7869,1682.2642,1085.7798,29035.7872,31803.831199999997
7255,2882.8653,2397.1758,26485.369,31765.410099999997
8473,3341.4242,2608.6808,25812.3489,31762.4539
5666,2931.377,2517.2562,26287.9638,31736.597
4670,2313.5153,2832.5331,26524.1428,31670.1912
4062,2161.2288,1640.6777,27862.0187,31663.9252
6472,3358.8462,3381.1229,24912.3135,31652.2826
4263,2421.269,1823.4698,27406.0193,31650.7581
3558,2623.967,1896.6365,27095.0446,31615.6481
3656,2323.0687,1791.8896,27455.5613,31570.5196
6959,2463.7694,2546.9922,26559.1434,31569.905
6573,2249.2088,2025.5268,27248.4928,31523.2284
4352,2549.5452,1745.2005,27189.8901,31484.6358
5142,2468.2873,2073.7146000000002,26941.8355,31483.8374
7263,2658.7928,2306.1021,26510.7425,31475.6374
6667,2457.7237,1815.1557,27188.4168,31461.2962
5054,2445.2129,2264.4732,26733.1318,31442.817900000002
6971,2143.6879,1835.1692,27445.5598,31424.4169
4950,2397.1026,1701.4075,27310.5936,31409.1037
7060,2474.1762,2218.0239,26697.3903,31389.5904
5441,2532.062,2637.4363,26146.4507,31315.949
1251,2408.8007,2027.0804,26869.1933,31305.0744
9269,3127.9406,2545.4306,25584.1692,31257.5404
5872,1838.9042,1309.5484,28098.9066,31247.3592
6875,2125.2758,1997.0395,27060.9273,31183.2426
7371,1976.0625,1788.0698,27343.5707,31107.703
7769,1683.5831,1108.6401,28314.9195,31107.142699999997
3854,1919.2114,1486.6703,27689.1719,31095.0536
5545,2205.5107,2007.8992,26880.663500000002,31094.0734
4059,1739.8003,1506.7409,27818.9086,31065.4498
7868,1931.6701,1274.8954,27820.9963,31027.5618
5026,1918.5606,1643.0723,27391.8191,30953.452
4345,2379.0793,1975.3991,26595.857,30950.3354
6077,2510.1098,1900.8063,26515.3534,30926.269500000002
3953,1609.0572,1537.4672,27718.123,30864.6474
3863,1935.8621,1632.0208,27269.9772,30837.860099999998
6361,2857.4168,2266.1391,25678.2585,30801.8144
4063,2287.3407,1746.1688,26744.9615,30778.471
5874,2487.0286,1599.8569,26637.150700000002,30724.036200000002
5470,3082.2551,1840.6758,25705.6814,30628.6123
6747,2502.7307,2580.1554,25452.993599999998,30535.8797
5141,2155.6281,1877.1557,26469.2805,30502.0643
7969,1608.5759,1047.5233,27763.6502,30419.7494
6760,2314.4571,2216.161,25835.665699999998,30366.283799999997
7472,1621.451,1857.2687,26775.8816,30254.601300000002
6160,2241.2801,1855.1956,26133.8684,30230.3441
6957,2762.4952,2396.3323,25011.5975,30170.425
8475,3186.9524,2681.6197,24262.376800000002,30130.9489
3972,2205.5489,1819.6668,26028.831599999998,30054.0473
8476,2489.2992,1995.662,25554.9336,30039.894800000002
4965,1858.7408,2242.0648,25931.7827,30032.5883
4568,1866.2816,1582.5958,26500.641,29949.5184
4645,2355.1202,2006.2883,25584.862999999998,29946.2715
5466,3369.4863,3324.1276,23249.7474,29943.3613
4741,2205.2454000000002,1648.3102000000001,26053.0834,29906.639
8474,3329.5396,2508.0564,24048.5522,29886.1482
6349,2245.4209,2571.8334,25026.5573,29843.8116
7175,2110.0188,1713.2469,26009.0046,29832.2703
5743,3253.5422,2383.7151,24122.9001,29760.1574
6567,2499.1617,1868.7558999999999,25266.5315,29634.449099999998
6277,1861.2334,1375.0044,26309.0852,29545.323
3847,2370.1801,1802.3503,25320.4697,29493.0001
4845,2135.2016,1806.556,25520.572,29462.3296
7065,1673.7973,1435.9686,26274.7918,29384.557699999998
147,1025.7895,724.6519,27560.0151,29310.4565
6562,2477.4274,1819.7471,24989.7395,29286.914
6157,1781.5348,1609.1232,25855.3246,29245.9826
5977,2260.1833,1826.2849,25143.0896,29229.5578
6670,2736.9692,2359.6164,24111.6531,29208.2387
6261,1853.145,1632.5425,25709.5397,29195.2272
5051,1785.9662,1292.939,26062.5123,29141.4175
5174,2991.288,2397.1878,23748.5542,29137.03
5164,1875.5792999999999,1359.7545,25889.3047,29124.6385
6177,2318.7391000000002,1750.2962,24979.8614,29048.8967
6851,2063.725,1895.6356,25056.5144,29015.875
6464,3512.9038,2007.6731,23485.922599999998,29006.499499999998
6365,3919.7500999999997,3186.5703,21862.1738,28968.4942
5949,1811.0311000000002,1481.4424000000001,25644.7215,28937.195
4380,4326.554,2046.5205,22549.9852,28923.0597
5448,2901.913,1680.6604,24332.9464,28915.519800000002
4841,2146.2355000000002,1615.2071,25135.8535,28897.2961
4128,2130.6267000000003,1871.7151000000001,24865.1003,28867.4421
6453,2205.4318000000003,1734.9684,24907.9823,28848.3825
4865,2832.457,2758.3833,23249.553499999998,28840.3938
9370,2941.1326,2322.1612,23569.275,28832.5688
3659,2605.9541,1902.5518,24282.7991,28791.305
7061,2364.4587,1561.6441,24832.0596,28758.1624
7062,2373.3951,1556.3625000000002,24825.962799999998,28755.7204
3848,2709.4172,2659.6703,23381.7772,28750.8647
5446,2142.6711,1789.4322,24813.332300000002,28745.4356
5875,1988.9871,1331.9787000000001,25402.4199,28723.3857
8674,2490.4703,2093.5988,24127.891,28711.9601
7471,1717.7952,1655.1833,25294.6153,28667.5938
4471,2489.6526,2165.7474,24007.3077,28662.7077
4745,2101.5339,1627.3469,24916.8079,28645.6887
6276,1616.0667,1495.3357,25513.5505,28624.9529
6752,2387.269,2038.1752999999999,24181.2303,28606.6746
5553,1849.4571,1543.9394,25199.3076,28592.7041
6645,2217.7494,2362.3903999999998,23999.471,28579.6108
8672,2540.5454,2192.9654,23812.6698,28546.1806
7072,2301.6479,1636.3678,24586.623,28524.6387
8574,2981.4944,2582.0521,22941.0053,28504.5518
4054,1527.322,1258.8589,25683.4842,28469.6651
4343,1819.839,1461.9702,25162.4448,28444.254
6861,2143.0795,1902.6767,24377.6117,28423.3679
4448,2461.8752,1693.6122,24251.3947,28406.8821
6163,2443.8265,1581.5968,24372.2276,28397.6509
6955,2212.2293,1895.6351,24224.463200000002,28332.3276
9267,2005.1614,1589.049,24721.2349,28315.4453
5845,2321.3993,1967.2178000000001,24023.292699999998,28311.9098
6367,3517.3752999999997,2845.8423,21932.5549,28295.7725
3634,2554.0203,2400.915,23337.0707,28292.006
4646,2296.4563,1904.6822,24061.0176,28262.1561
6870,1770.7576999999999,1597.5392,24849.7053,28218.0022
4053,1455.0493000000001,1330.2019,25429.708000000002,28214.9592
7057,2490.4695,2202.0681,23518.7938,28211.331400000003
7768,2802.6578,1882.7398,23510.2686,28195.6662
4644,2106.0277,1877.0691,24211.041,28194.1378
3846,2162.547,1528.7725,24472.945200000002,28164.2647
4567,2641.8877,1368.1652,24145.8429,28155.8958
3755,1966.4523,1588.1490999999999,24541.5488,28096.1502
9467,2035.6937,1581.492,24476.6664,28093.8521
3960,1879.9707,1531.8267,24678.9024,28090.6998
6862,2446.4929,2176.0286,23389.7056,28012.2271
4479,4329.849499999999,1811.4698,21834.7131,27976.0324
7257,1565.1731,1302.172,25078.7307,27946.0758
6660,3014.6133,2673.7825,22246.9352,27935.331
4571,2357.9803,2408.1022000000003,23133.6468,27899.7293
5264,1575.6285,1881.862,24435.4831,27892.9736
4472,2388.0695,2070.648,23420.924,27879.6415
5471,2770.3546,1773.1154000000001,23325.648699999998,27869.1187
3673,1563.9773,875.5731,25428.4417,27867.9921
6548,1929.0063,1788.2936,24145.5212,27862.8211
4073,2123.7874,1600.1876,24137.8892,27861.8642
6863,2533.4754000000003,2135.3117,23131.4457,27800.2328
4342,1978.2908,1586.026,24232.6954,27797.0122
6859,1944.7459,2014.3938,23828.5865,27787.7262
3969,2137.2247,1944.2631999999999,23687.9727,27769.4606
6960,1956.0287,2001.3789,23810.2517,27767.6593
4947,2162.9191,1568.3003999999999,24003.8061,27735.0256
3633,2468.1767,2371.1987,22893.3861,27732.7615
5543,2647.3144,1887.1455,23186.0647,27720.5246
4944,2220.6099,2085.8874,23412.874,27719.3713
4951,2779.0929,1543.8483,23366.997,27689.9382
6062,1823.32,1559.1922,24271.959199999998,27654.4714
8857,1584.4421,1077.1607,24991.9441,27653.5469
6278,1714.9391,1149.5194,24782.591800000002,27647.0503
5551,1715.6016,1454.3757,24457.6001,27627.577400000002
6860,1924.8604,2010.2546,23682.9596,27618.0746
5850,2200.1331,1540.3023,23843.222,27583.6574
5651,1953.3751,1672.3644,23927.2697,27553.0092
6961,2220.3743,1591.4309,23730.621,27542.426199999998
6462,2340.784,1920.446,23231.0773,27492.3073
6668,2097.8677,1559.4683,23832.217800000002,27489.5538
4348,2259.8209,1480.1065999999998,23734.3497,27474.2772
7240,2678.3709,2975.5332,21812.996,27466.9001
5454,2095.6733,1468.108,23877.4522,27441.2335
7272,1789.15,1412.8335,24232.141600000003,27434.1251
5140,1833.4143,1777.9389,23791.963,27403.3162
5563,1788.3128,1374.0613,24229.7839,27392.158
6253,2218.4806,1550.5536,23605.4179,27374.4521
5863,1916.6215,1757.926,23641.5118,27316.0593
9468,2590.0034,2187.1864,22485.7756,27262.9654
5746,2737.6896,1619.6262,22882.9899,27240.3057
6973,1995.1668,1460.3735,23714.5835,27170.1238
8374,2717.7093,1884.9281999999998,22563.8504,27166.4879
4669,2543.461,3278.6443,21269.9778,27092.0831
6975,1792.44,1723.5981,23532.519800000002,27048.5579
5750,2159.5166,1427.6796,23448.2299,27035.4261
4166,1650.471,1309.5465,24048.3282,27008.3457
7159,2237.1624,2900.7273,21851.3741,26989.2638
4870,2538.246,1888.306,22515.7486,26942.3006
4140,2613.5339,1858.8425,22366.2407,26838.6171
7989,2097.7349,1331.4155,23399.5808,26828.731200000002
6661,2205.3449,1808.5362,22758.416,26772.2971
5961,1835.1392,1810.9621,23069.0998,26715.201100000002
8090,2073.9527000000003,1322.0034,23298.8911,26694.8472
5844,2363.5849,1922.0398,22351.7776,26637.4023
8875,2548.6376999999998,2086.1899,21975.9381,26610.7657
5050,1599.5729,1162.0433,23775.6224,26537.2386
6575,1543.0185999999999,1254.0777,23727.0779,26524.1742
3436,1800.7679,1391.9434,23301.2739,26493.9852
7155,1659.705,1510.2048,23304.9252,26474.835
4543,2104.2132,1707.7497,22637.2684,26449.2313
4153,1433.7633,1267.1615,23660.4609,26361.3857
3536,1967.9796,1408.6091000000001,22980.3968,26356.9855
4159,1444.9378,1317.0951,23559.173,26321.2059
3764,1672.3028,1491.7352,23152.6898,26316.7278
4341,1869.703,1736.8807,22685.5245,26292.1082
6970,1442.3097,1357.4573,23464.8668,26264.6338
5042,2084.6241,1515.9767,22661.197,26261.7978
3773,1471.344,833.908,23937.7606,26243.0126
5355,2264.3424,1565.2773,22381.4145,26211.034200000002
3868,2141.9262,1777.549,22277.2627,26196.7379
8054,1663.5909000000001,1317.7558000000001,23198.2107,26179.557399999998
4346,2145.7184,1773.5706,22254.8193,26174.1083
4141,1721.6491,1682.4740000000002,22766.9785,26171.101599999998
4165,1541.3451,1888.6734999999999,22736.9994,26167.018
7158,1655.7787,1718.0966,22789.3763,26163.2516
6450,2005.4567,1833.2074,22305.6944,26144.358500000002
6376,1495.3652,1299.4625,23338.8611,26133.6888
7156,1648.1657,1412.134,23054.5458,26114.8455
4946,1870.3103,1659.2205,22578.2211,26107.7519
6178,1828.1894,1304.6772,22971.3254,26104.192
7071,2031.4496,1605.7531999999999,22453.4961,26090.6989
3772,1679.6589999999999,1212.2692,23182.367299999998,26074.2955
4247,1735.9865,1304.2121,23012.8009,26052.999499999998
7075,1752.307,1594.3267,22704.7995,26051.4332
4643,1888.7678,1621.4496,22532.9248,26043.1422
9059,1541.3564,1184.8516,23307.262600000002,26033.4706
7767,2682.9109,1838.0185,21505.0374,26025.9668
5240,1224.4385,1310.637,23487.4889,26022.5644
3437,1543.6045,1160.5139,23303.5019,26007.6203
8269,1903.1763,1849.0535,22241.1092,25993.339
6775,2779.6692,2051.1053,21082.3418,25913.116299999998
9977,1308.1992,855.683,23725.5456,25889.4278
5456,1959.6172000000001,1361.9563,22540.7228,25862.296299999998
6954,1936.7749999999999,1659.0993999999998,22237.0796,25832.953999999998
4869,2086.2416,1772.8533,21967.263199999998,25826.358099999998
6145,1375.3233,1332.9478,23115.7927,25824.0638
6263,2235.6453,1555.1301,22020.9608,25811.7362
5472,2297.0788000000002,2051.0738,21454.9147,25803.0673
6045,1372.3147000000001,1332.9959999999999,23081.237399999998,25786.5481
4067,1764.9528,1386.7372,22609.4009,25761.0909
6556,2534.5694,1695.411,21522.0277,25752.0081
6969,1356.2146,1281.7575,23105.7595,25743.7316
7443,2362.2774,2633.6816,20732.2683,25728.2273
8834,1878.9244,1330.6256,22502.6671,25712.2171
4642,1900.1982,1560.8129000000001,22217.5619,25678.573
6475,1560.7307,1288.6626,22802.638000000003,25652.031300000002
5043,2025.0258,1580.5524,22036.6172,25642.1954
7990,2011.3308,1281.6915000000001,22330.285,25623.3073
5764,2656.9501,2620.4019,20329.5046,25606.8566
3748,2491.6379,2446.3794000000003,20623.7875,25561.8048
4844,1884.7159,1869.9419,21731.0268,25485.6846
6770,2071.5951,1792.029,21597.8609,25461.485
4253,1498.5453,1106.9828,22850.9997,25456.5278
9978,1287.1176,842.1459,23317.408300000003,25446.6718
3872,1936.8213,1352.6514,22154.7922,25444.2649
1250,2101.3148,1802.3137,21540.3356,25443.9641
9159,1522.2779,1175.213,22742.9647,25440.4556
5447,2976.7516,1662.2929000000001,20717.2576,25356.3021
6363,2241.23,1734.6582,21317.4601,25293.3483
5463,1293.0846999999999,955.1151,22993.599299999998,25241.7991
3432,1585.198,1300.3217,22344.2698,25229.7895
7279,1836.8207,1486.9682,21859.2743,25183.0632
6144,1343.0136,1298.9473,22538.740299999998,25180.7012
7460,1944.3631,1928.8587,21306.8966,25180.1184
5645,1945.6051,1723.3153,21503.5887,25172.5091
7668,1684.2406,939.2721,22548.0631,25171.5758
4167,1692.9725,1372.8337999999999,22078.852,25144.6583
6153,2142.7911,1742.7835,21244.6977,25130.2723
4871,3038.4448,1210.0209,20866.1345,25114.6002
7180,1449.3999000000001,1204.7029,22445.5087,25099.6115
4270,1438.6554,1070.8755,22547.728600000002,25057.2595
5552,1631.1083,1425.1722,21973.3893,25029.6698
6962,2177.344,1610.7712000000001,21219.1694,25007.2846
4061,1679.3264,1249.4618,22055.7009,24984.4891
4542,2001.1622,1720.1023,21235.9689,24957.2334
4843,1910.9444,1763.6406,21262.1439,24936.728900000002
4147,1667.8045,1220.5831,22022.1506,24910.5382
3533,2030.4495,1828.1541,21051.2936,24909.8972
6545,1850.9581,1969.0244,21081.857200000002,24901.8397
7067,1470.3206,1323.1594,22081.25,24874.73
7568,1504.8217,776.1968,22585.7551,24866.7736
6854,2116.5997,1852.0569,20855.0058,24823.6624
6963,2093.4686,1569.7471,21149.4345,24812.6502
3537,1600.2147,1236.8592,21943.7313,24780.8052
6060,1866.7072,1505.4704,21376.3268,24748.5044
7491,3750.4889,1376.9932999999999,19577.7952,24705.2774
7490,3750.4889,1376.9932999999999,19577.7952,24705.2774
5665,3055.8863,2366.6569,19253.227,24675.770200000003
7870,1363.0516,945.9307,22354.6472,24663.6295
6855,1832.083,1644.3396,21168.479199999998,24644.9018
8835,2032.2486000000001,1056.8672,21509.794,24598.9098
3635,2301.0383,1580.336,20716.9242,24598.2985
5242,1607.1343,3048.6514,19907.9722,24563.7579
5945,1406.9664,1261.3007,21861.885000000002,24530.1521
8756,1209.1996,1065.6882,22249.5514,24524.4392
6578,1435.1073999999999,976.4691,22095.625500000002,24507.202
5873,1908.1957,1322.3402,21232.5413,24463.0772
5548,1739.0822,1304.7786,21371.5007,24415.3615
4347,1949.3501999999999,1381.9927,21076.2536,24407.5965
6572,2367.2789000000002,2155.0962,19877.0013,24399.3764
4744,1799.3051,1677.9154,20898.5341,24375.7546
6449,1694.657,1739.0952,20938.3067,24372.0589
4259,1561.5797,1288.3594,21518.3292,24368.2683
8373,2656.8992,1872.4659,19818.7883,24348.1534
3864,1531.2897,1347.2314000000001,21463.088499999998,24341.6096
7355,1697.4081,1750.4115,20888.6382,24336.4578
8275,1846.2524,1291.0922,21186.5551,24323.8997
4170,1809.0052,1333.9422,21172.1261,24315.0735
6155,1800.103,1628.6134,20881.7811,24310.4975
8571,1759.5122999999999,1475.858,21066.6984,24302.0687
3655,1805.7257,1526.8085,20925.78,24258.3142
8375,1852.5329,1273.4243000000001,21104.6409,24230.5981
4877,1682.0848,1163.9447,21379.1966,24225.2261
4171,1609.2591,1174.1539,21440.5565,24223.9695
3559,3777.9692,1189.657,19245.843,24213.4692
7560,1606.8423,1281.3262,21314.2442,24202.4127
3947,1849.0154,1254.1744,21092.4,24195.589799999998
4250,2014.5622,1679.2501,20481.4477,24175.26
7567,1828.1529,1028.6549,21267.0595,24123.8673
4743,1813.5673000000002,1660.5562,20630.0995,24104.223
9976,1238.2051999999999,852.77,22008.1216,24099.0968
5375,1918.4656,1493.4831,20687.0603,24099.009000000002
8276,1981.4302,1413.6619,20694.0914,24089.1835
4371,1613.6656,1292.8135,21164.173199999997,24070.652299999998
4172,1406.1206,1210.4391,21439.9973,24056.557
5946,1439.1621,1287.1258,21323.8517,24050.1396
4939,1949.4292,1654.8272,20436.4287,24040.6851
7454,1339.4195,1352.9206,21335.9585,24028.2986
8154,1524.6396,1215.5674,21225.2222,23965.4292
4945,1775.2274,1497.9635,20691.7107,23964.9016
5455,2146.6387,1455.5943,20283.4158,23885.6488
7561,1600.3072,1336.6939,20819.0147,23756.0158
5045,1868.9200999999998,1449.8105,20428.9938,23747.7244
6746,2065.0555,1998.1334,19664.3201,23727.509000000002
6279,1471.5095000000001,1004.665,21233.7966,23709.971100000002
7590,3490.5553,1312.8029000000001,18882.049,23685.4072
9484,1495.8004,1202.1623,20982.5653,23680.528
7467,1929.9608,1150.5962,20596.4199,23676.9769
7591,2961.8999,1369.4786,19303.1349,23634.5134
9877,1200.0728,795.064,21541.6876,23536.824399999998
8274,1781.7741,1281.1382,20455.3782,23518.2905
4863,2074.116,2395.4221,19039.8566,23509.3947
7654,1237.6938,1375.4242,20889.3639,23502.4819
3859,2095.3171,1847.1825,19535.9316,23478.4312
5089,3236.1579,2641.2804,17597.5146,23474.9529
9251,1315.955,994.1364,21148.7182,23458.8096
8089,1622.2145,1208.1444000000001,20628.0224,23458.3813
8562,1800.8995,1615.2928,20039.084,23455.2763
6146,1354.6393,1325.2789,20745.9657,23425.8839
4868,2220.7016,2352.4638,18840.7509,23413.9163
6377,1493.2037,1093.3133,20801.8351,23388.3521
8053,1599.4082,1283.4387,20500.3876,23383.2345
9150,1304.1992,1025.0172,21042.0297,23371.2461
8734,1841.8445000000002,1198.4464,20324.4069,23364.6978
5266,3190.9542,3243.7515,16919.8666,23354.5723
7466,1936.7356,1137.645,20279.6306,23354.0112
8376,1890.4747,1430.1579,20031.9604,23352.593
8959,1430.9856,1135.1924,20743.8649,23310.0429
3534,2034.8818,1864.1187,19408.819199999998,23307.8197
4251,1684.1177,1339.1292,20222.9399,23246.1868
7770,1363.3543,1024.988,20852.4682,23240.8105
4777,1545.3472,1116.9258,20574.888899999998,23237.1619
3871,1941.951,1581.2193,19620.5183,23143.6886
7543,2336.2522,2461.09,18341.2196,23138.5618
3968,2068.9468,1627.3911,19441.2765,23137.6144
4240,2283.7518,2181.5434999999998,18649.8167,23115.112
4163,2019.1559,1533.7614,19556.3598,23109.2771
4890,3967.0693,1973.5503,17148.2199,23088.839500000002
5550,1975.4984,1346.1447,19757.6216,23079.2647
4262,2198.6959,1599.1573,19251.9156,23049.7688
6754,2183.8033,1928.8718999999999,18933.7521,23046.4273
9250,1293.3825,1003.9834,20746.404,23043.7699
4148,1554.6204,1136.0839999999998,20342.040399999998,23032.7448
7461,1751.6462,1733.1812,19536.7619,23021.5893
6968,1387.1741,1311.0119,20296.8995,22995.0855
7354,1202.5446,1331.7078999999999,20451.216,22985.4685
7554,1445.7378,1332.8327,20203.7809,22982.3514
48,802.1466,567.0043000000001,21603.9378,22973.0887
3736,2054.8017,1219.0123,19633.0935,22906.9075
3636,2053.7972,1218.6599999999999,19631.8769,22904.3341
7174,1624.6063,1108.6004,20169.8861,22903.0928
8190,1694.904,1200.9491,20006.2319,22902.085
2245,1237.0912,1211.3371,20447.096,22895.5243
3535,2030.8336,1636.8337,19224.4503,22892.117599999998
8957,1375.9324,1002.4603999999999,20480.9785,22859.3713
8277,1869.1983,1432.8626,19555.5635,22857.6244
6864,1838.5506,1370.4627,19641.4839,22850.497199999998
3735,2040.1033,1206.6849,19531.9679,22778.7561
9270,2348.7415,1897.3671,18514.833300000002,22760.9419
8677,1802.0910999999999,1362.3877,19585.2625,22749.7413
4241,1557.3569,1503.9041,19658.8055,22720.0665
6366,3872.6395,3202.2944,15644.5536,22719.4875
6463,2265.4495,1576.5059,18835.1619,22677.117299999998
7952,1609.3397,1305.6373,19743.6188,22658.5958
4228,1573.9584,1394.8455000000001,19688.4506,22657.2545
7055,1841.9853,1549.7185,19245.101599999998,22636.8054
5065,1785.4626,1603.6565,19243.5993,22632.7184
9151,1279.05,991.9477,20328.3841,22599.3818
7379,1595.741,1336.2923,19660.3055,22592.3388
8273,2271.4051,1657.3344,18617.5113,22546.2508
4867,2496.1916,2349.6172,17686.6919,22532.5007
4248,1523.2168000000001,1026.7068,19981.5596,22531.4832
6666,1870.9021,1436.1405,19212.3813,22519.4239
3949,2020.7394,1877.4825,18611.2547,22509.4766
6048,1274.5941,1300.9126,19933.2566,22508.763300000002
7647,1924.483,2581.1978,17984.931,22490.6118
4252,1426.0657,1082.871,19976.4747,22485.4114
4765,2611.5681,1997.4868999999999,17860.4944,22469.5494
4742,1829.7175,1482.8386,19141.666400000002,22454.2225
7566,1685.5910999999999,1111.6751,19593.9798,22391.246
7489,3679.5489,1310.5337,17400.5965,22390.6791
4664,1959.4783,2021.1017,18387.339200000002,22367.9192
7390,3443.9561,1262.5854,17618.4724,22325.0139
6953,2051.3867,1757.0318,18457.6585,22266.077
6563,2261.9053,1499.7547,18478.8908,22240.5508
6751,1483.4405,1384.5736,19319.3437,22187.3578
5948,1279.2042999999999,1386.4332,19499.9722,22165.6097
8270,1416.7540999999999,1311.2328,19434.135,22162.1219
4249,1671.021,1183.5831,19277.3824,22131.9865
7644,2396.8711,2453.6050999999998,17264.852,22115.3282
7178,1621.54,1461.4043,18941.6812,22024.625500000002
4162,1858.4489,1334.8107,18814.0156,22007.2752
7254,971.8339,1211.0249,19813.127,21995.9858
6745,2212.3459,2165.3747,17610.9652,21988.6858
6078,1691.4632,1297.6432,18988.1624,21977.268799999998
6162,1633.6459,1358.4386,18974.7757,21966.8602
5443,1869.5752,1430.6614,18656.6212,21956.857799999998
5274,2016.2516,1766.6615000000002,18144.8892,21927.8023
3759,2062.0393,1868.2640000000001,17977.530899999998,21907.834199999998
7085,1540.5815,1713.3482,18648.5692,21902.4989
4827,1678.6267,1619.4979999999998,18575.2277,21873.3524
4360,1298.1788,1050.7345,19511.462,21860.3753
4326,1759.7278000000001,1377.5988,18710.1222,21847.4488
4271,1378.5747000000001,1055.2072,19383.6566,21817.4385
4778,1523.459,1177.6488,19096.3682,21797.476
4641,1847.4611,1434.3456,18512.9402,21794.7469
3674,1135.9325,688.4544,19931.7704,21756.1573
4325,1748.1722,1369.592,18604.0968,21721.861
3771,1665.4488000000001,1552.6648,18437.5291,21655.6427
4049,1745.7512000000002,1476.5724,18343.8243,21566.1479
6257,1363.0272,1100.4364,19081.335,21544.7986
3853,1459.9102,1406.9919,18674.0353,21540.9374
7073,1638.7017,1155.9519,18739.2304,21533.884000000002
4149,1639.3980999999999,1298.0176,18573.9598,21511.3755
3754,1570.7767000000001,1287.7595000000001,18610.7575,21469.293700000002
2145,1157.2107,1129.4325000000001,19158.8489,21445.4921
4671,2087.666,2920.9885,16429.962,21438.6165
4048,1487.3142,1075.3132,18855.5781,21418.2055
9583,1413.4138,1131.5235,18872.6814,21417.6187
9878,1076.1015,712.5042,19628.622199999998,21417.227899999998
7442,1574.5215,1747.2355,18094.5061,21416.2631
7569,1369.661,837.6216000000001,19168.278,21375.5606
8377,1669.7301,1423.5861,18252.81,21346.1262
7856,986.9791,1349.7152999999998,19004.0439,21340.7383
8974,1820.6057,1634.5603,17881.105,21336.271
6876,1396.4867,1338.7624,18589.31,21324.5591
9483,1367.4133,1097.0844,18851.71,21316.2077
3532,1446.8496,1193.5468,18646.063000000002,21286.4594
3948,1813.582,1604.491,17865.2513,21283.3243
7444,2310.4378,2559.9522,16400.9017,21271.291699999998
7553,1715.9052000000001,1314.728,18204.0202,21234.6534
8577,1674.0797,1237.8562,18317.1926,21229.1285
6496,1268.4148,983.9716,18973.3691,21225.7555
8189,1433.5987,1134.9254,18630.1351,21198.6592
5565,2649.5834,2153.3442,16395.454,21198.3816
7343,1614.1684,1742.2193,17840.0037,21196.3914
6396,1281.3559,982.7078,18920.5601,21184.6238
7162,1893.7212,1364.429,17918.068,21176.2182
1151,1483.4371,1392.7865,18278.3638,21154.5874
4840,1686.074,1382.054,18044.4983,21112.6263
4239,2313.1597,2309.7922,16486.901700000002,21109.8536
4842,1784.8298,1454.7148,17841.7578,21081.3024
3849,1874.0466999999999,1775.7037,17395.1464,21044.8968
3118,1321.477,1076.0586,18628.3137,21025.849299999998
6869,1306.5363,1113.018,18572.166,20991.7203
5366,1989.7687,2057.597,16912.3801,20959.7458
8091,1611.0227,1053.9994,18293.6819,20958.704
6397,1270.7328,964.0789,18715.3793,20950.191
7667,1538.5923,1075.0895,18318.0814,20931.7632
7755,954.3339,1323.4839,18642.8386,20920.6564
6357,1418.7928,991.4165,18509.3893,20919.5986
8772,1685.8259,1328.7937,17902.9783,20917.5979
6552,1748.4864,1499.5743,17663.9531,20912.0138
3860,1542.799,1370.0442,17978.2317,20891.0749
6061,1507.5684999999999,1413.2828,17851.1698,20772.021099999998
7669,1306.6953,905.7136,18536.3601,20748.769
8673,2135.9292,1763.434,16842.8067,20742.1699
9060,1301.8033,1017.0998999999999,18411.0983,20730.0015
4066,1394.3841,1014.7741,18312.006,20721.1642
5864,1738.2022,1803.4147,17174.3752,20715.9921
5376,1487.5009,1178.4584,18032.755400000002,20698.7147
4227,1632.6024,1338.8587,17721.6322,20693.0933
8191,1573.9333,1027.8388,18087.4542,20689.2263
7160,1277.0943,1444.0492,17904.8383,20625.9818
7167,1084.745,912.1274999999999,18610.0989,20606.9714
7544,2353.271,2463.494,15779.5159,20596.280899999998
3747,1835.3372,1410.0874999999999,17315.3056,20560.7303
7069,1164.1381,1099.0471,18285.3515,20548.5367
3751,1561.2981,1625.7083,17318.6254,20505.6318
7468,1220.4612,712.8495,18565.8037,20499.1144
3763,1254.7695,1134.6701,18105.171299999998,20494.6109
6967,1476.963,1367.9070000000002,17626.7445,20471.6145
8975,1641.071,1514.0693,17303.4888,20458.6291
3966,1446.7345,1236.2072,17772.3323,20455.274
4977,1417.7595,953.3619,18040.254699999998,20411.376099999998
3967,1922.3036,1490.385,16988.7912,20401.4798
9074,1647.1194,1435.0052,17277.6827,20359.8073
1655,1661.2535,1634.4252999999999,17059.1239,20354.8027
3850,1624.2642,1604.7247,17120.4974,20349.4863
1755,1653.2945,1631.2808,17054.0282,20338.6035
9469,2100.3496,1784.6244,16408.8664,20293.8404
8671,1235.9115,951.9415,18105.1474,20293.0004
5772,1548.0556,1010.3960999999999,17727.8288,20286.2805
1756,1633.7245,1622.2966000000001,17028.7764,20284.7975
7179,1387.4566,1227.4726,17669.6553,20284.5845
3760,1634.4073,1508.7421,17126.677,20269.826399999998
3749,1707.8242,1688.1981,16864.767499999998,20260.7898
4767,2150.6022,2074.704,16021.6221,20246.9283
7173,1716.536,1058.3253,17471.9634,20246.8247
3750,1625.6115,1639.5461,16943.5463,20208.7039
5650,1330.7265,992.1043,17834.0259,20156.8567
5044,1614.3196,1217.1869,17318.0766,20149.5831
3973,1481.7541,1200.8707,17461.6028,20144.2276
8661,2032.137,1604.0258,16494.3378,20130.5006
4372,1585.5112,1337.4382,17190.8322,20113.781600000002
8378,1601.4831000000001,1358.1881,17139.8383,20099.5095
5564,2374.0509,1783.674,15920.6823,20078.4072
7756,1049.619,1136.0497,17864.5899,20050.2586
3650,1644.9602,1668.7223000000001,16720.0889,20033.7714
5572,2074.0045,1481.2345,16477.0595,20032.2985
4245,1706.7139,1330.1535,16990.742299999998,20027.6097
8771,1271.9053,1046.4726,17693.1585,20011.5364
9158,1308.5502000000001,1035.2705,17663.7522,20007.5729
8477,1615.8049,1312.5537,17079.1849,20007.5435
8773,2070.1965,1692.5195,16239.4788,20002.1948
1856,1582.8606,1588.283,16804.0171,19975.1607
7953,1358.1975,1263.2929,17347.4469,19968.9373
7465,1522.8518,1161.1842,17284.8653,19968.9013
6465,4000.6631,1846.3783,14113.9416,19960.983
4565,1605.7778,1061.1311,17263.0213,19929.9302
7652,1154.7328,1249.8315,17496.341,19900.9053
7366,1489.3283000000001,1040.9498,17360.8906,19891.1687
7455,904.4045,1186.9513,17791.3668,19882.7226
3218,1237.0083,996.353,17646.8659,19880.2272
7161,1745.9386,1303.6401,16798.966,19848.5447
6979,1053.8846,935.0675,17846.0205,19834.9726
7079,1053.8846,935.0675,17846.0205,19834.9726
7666,1088.0917,1016.6034999999999,17723.5682,19828.2634
4226,1609.0624,1272.0418,16939.7251,19820.8293
3961,1411.6009000000001,1136.7613999999999,17252.6041,19800.966399999998
7284,1568.8345,1547.5167999999999,16682.3856,19798.7369
4340,2021.6293,2034.6344000000001,15733.609199999999,19789.8729
3733,1406.2889,1359.9566,17022.1239,19788.3694
4770,2220.4714,2802.0207,14737.787400000001,19760.2795
5877,1489.5636,1258.3623,16977.8887,19725.8146
9075,1505.7653,1304.6499000000001,16900.963200000002,19711.3784
7559,1237.1383,952.3233,17486.7565,19676.2181
7492,3110.8861,1241.3678,15308.6663,19660.9202
6980,1039.353,913.6228,17707.486,19660.4618
3453,1304.7141,1153.2794000000001,17189.9366,19647.930099999998
5672,1863.8669,1172.4756,16598.3343,19634.6768
9569,2029.1813,1714.4125999999999,15879.529,19623.122900000002
6362,1726.9075,1790.2313,16085.7565,19602.8953
6669,1757.8328999999999,1414.8982,16412.7466,19585.4777
7280,1479.6752,1208.3058,16894.2831,19582.2641
9477,986.8491,993.7946,17586.5101,19567.1538
9058,1280.4957,1012.0309,17263.0045,19555.5311
4768,2013.1067,2294.4086,15239.619999999999,19547.135299999998
8055,1262.3492999999999,1044.7758999999999,17197.7146,19504.839799999998
4441,1565.5829,1535.7166,16383.9944,19485.2939
8873,2050.7171,1692.9871,15737.5121,19481.2163
4164,1685.4449,1325.0208,16462.6555,19473.1212
3965,1162.7407,1050.2574,17252.5849,19465.583000000002
6551,1455.6806,1324.6167,16662.9488,19443.2461
3870,1699.6923,1584.3872000000001,16110.8458,19394.9253
8278,1497.0752,1278.307,16619.0053,19394.3875
3852,1280.0061,1296.0031,16790.3259,19366.3351
8171,1351.9065,1272.9454,16735.5798,19360.4317
7646,1511.9779,1865.9075,15962.3175,19340.2029
5373,1958.2886999999998,1997.1091,15371.9307,19327.3285
6550,1267.6574,1164.9954,16894.0196,19326.6724
1656,1568.9436,1548.6399000000001,16208.3065,19325.89
7855,871.6801,1299.8996,17144.7642,19316.3439
3433,1454.1134,1178.2999,16673.2404,19305.6537
6877,1052.2667999999999,850.6328,17398.9329,19301.8325
6795,1068.7496,756.1427,17476.054,19300.9463
6895,1068.7496,756.1427,17476.054,19300.9463
4152,1323.434,1040.5743,16920.0281,19284.0364
7080,1007.6077,866.7767,17404.831400000003,19279.2158
7655,1147.2033000000001,1015.1801,17069.9052,19232.2886
8852,1084.8268,804.1555999999999,17329.6733,19218.6557
3649,1701.5844,1472.8148,16043.0772,19217.4764
3851,1365.3819,1378.8774,16452.2978,19196.557099999998
3845,1487.9771,1069.0478,16631.8659,19188.8908
6966,1403.0546,1300.8262,16467.0305,19170.9113
7555,1091.9157,1026.6925999999999,17043.3273,19161.9356
7656,1155.4737,996.1157,17002.2086,19153.798
9152,1092.1974,858.8277,17194.422,19145.4471
9551,1158.3315,753.1599,17223.5634,19135.054799999998
4478,2779.9527,1202.5082,15150.8812,19133.3421
4150,1770.7562,1583.2957,15777.4257,19131.477600000002
7653,1140.723,1217.0586,16750.7514,19108.533
8858,1218.6902,956.7616,16921.4516,19096.9034
8085,1453.4047,1252.4934,16381.1783,19087.076399999998
4866,2316.8032,2032.0312999999999,14735.4691,19084.3036
8958,1200.3311,946.2649,16926.2753,19072.8713
8470,1213.9637,1064.3477,16793.0463,19071.3577
5074,1540.8687,1301.8477,16204.2062,19046.922599999998
3774,982.0238,620.7557,17433.410499999998,19036.19
6878,1099.949,902.4465,17027.8667,19030.2622
6476,1150.7814,889.7570999999999,16983.9722,19024.5107
6355,2189.5054999999998,1499.2475,15331.6617,19020.4147
7086,1373.5397,1542.7527,16102.9938,19019.2862
7068,1144.5634,1009.2387,16865.3945,19019.1966
5978,1421.1321,1276.7758999999999,16313.502400000001,19011.4104
7340,1624.4381,1797.2071999999998,15575.6038,18997.2491
7339,1445.2504999999999,1543.0437,15988.790500000001,18977.0847
5475,1465.6686,1481.1258,16027.5768,18974.3712
9466,2022.707,1258.5546,15690.100699999999,18971.3623
9552,1118.5931,705.1354,17140.2431,18963.9716
7754,868.568,1292.6214,16794.2732,18955.4626
1855,1507.3104,1488.6372000000001,15952.1863,18948.1339
7657,1168.5408,995.2375,16776.8764,18940.6547
8176,1468.2604000000001,1082.6458,16380.8327,18931.7389
4229,1362.1433,1230.1847,16336.2927,18928.6207
4279,2621.6492,1376.7751,14896.9236,18895.3479
9451,1102.3371,683.212,17090.9827,18876.5318
9651,1099.0114,682.27,17090.216399999998,18871.497799999997
9652,1096.1605,681.8119,17093.4269,18871.3993
9352,1101.2682,682.3766,17082.3461,18865.9909
9452,1099.0911,682.064,17084.7659,18865.921
9351,1100.0763,682.3204,17081.5308,18863.927499999998
5549,1623.7691,1156.7995,16074.207900000001,18854.7765
3946,1538.0189,984.7727,16270.7769,18793.5685
7274,1384.3426,971.7367,16430.4485,18786.5278
7968,1076.2165,825.6996,16879.12,18781.0361
6262,1551.6906999999999,1245.6793,15981.5666,18778.9366
9174,1630.2051000000001,1471.9436,15671.6451,18773.7938
8952,1105.6168,814.2544,16848.414800000002,18768.286
3651,1491.7998,1590.6759,15674.2037,18756.6794
6894,1043.9525,741.5683,16960.5223,18746.0431
6549,1506.8063,1584.5863,15644.8585,18736.2511
6868,1409.4134999999999,1230.4603,16080.7196,18720.5934
9167,1446.1816,1084.546,16183.4086,18714.1362
8960,1202.8425,961.4104,16543.0189,18707.2718
6395,1156.4278,894.3744,16651.8635,18702.6657
6161,1372.841,1220.3717,16106.4791,18699.6918
3353,1216.3175999999999,1055.5309,16412.6343,18684.4828
7344,1523.9138,1603.5706,15530.8618,18658.3462
3336,1506.1284,1171.3231,15964.432,18641.8835
247,732.8989,525.7133,17376.4438,18635.056
4027,1682.4549,1321.4198,15616.1476,18620.0223
7662,1343.3118,1110.3445,16163.3277,18616.984
7265,1389.2473,1347.5891,15849.8384,18586.6748
7391,2940.9542,1078.7721,14563.447400000001,18583.1737
1684,710.4115,675.0235,17144.060100000002,18529.4951
7651,987.1345,1138.285,16392.4688,18517.8883
7278,1430.2887,1233.1302,15848.9845,18512.4034
6974,1194.8451,1102.3229000000001,16179.5623,18476.7303
6497,1052.9313,818.4679,16596.6172,18468.0164
8855,1104.7783,1041.3425,16304.9398,18451.0606
6880,974.8924,869.6972999999999,16593.2057,18437.7954
7661,1343.4603,1100.7935,15967.0986,18411.3524
3775,1044.475,651.5842,16704.7621,18400.8213
6046,1161.9682,1114.2592,16120.7807,18397.0081
7766,1099.3755,987.594,16305.3828,18392.3523
7241,1576.4314,1722.5583,15090.8491,18389.8388
6755,1712.5582,1446.545,15219.2117,18378.3149
3964,1178.6884,995.7288,16195.890000000001,18370.3072
6495,1098.38,848.7675,16418.9542,18366.1017
9653,1080.8145,672.6256,16610.1372,18363.5773
7889,1507.2136,1043.282,15811.2858,18361.7814
7991,1381.3344,964.8988,16009.0204,18355.2536
8757,1112.1232,815.3704,16423.282900000002,18350.7765
4541,1519.6838,1505.8551,15321.3828,18346.9217
4127,1733.8083,1314.6411,15292.2339,18340.6833
8084,1094.3691,1035.6992,16201.9341,18332.0024
6579,1145.5806,821.4205,16362.6684,18329.6695
7364,1370.6629,1479.9791,15454.2415,18304.8835
4236,2162.5341,818.9093,15317.152,18298.5954
3672,1231.1621,934.5045,16070.291500000001,18235.9581
6444,1426.9779,1462.5714,15343.7246,18233.2739
7378,1339.8663000000001,1112.4532,15733.6941,18186.0136
4679,1231.1231,1222.7621,15731.3525,18185.2377
7986,1909.0745,1182.1555,15088.5151,18179.7451
9057,1265.96,1010.6046,15899.096,18175.6606
1757,1473.672,1453.8337000000001,15216.2619,18143.7676
6653,1672.2723,1278.5953,15191.4974,18142.365
7565,1224.1228,890.5275,16015.3933,18130.0436
5277,742.511,549.3752,16828.772,18120.658199999998
4989,2126.5008,1609.8478,14377.873899999999,18114.2225
3734,1362.1117,1095.5225,15656.0271,18113.6613
4329,1330.6315,1243.8825,15538.1942,18112.7082
5846,1310.0445,1099.8668,15694.5085,18104.4198
9476,966.8018,856.7058,16275.705100000001,18099.2127
4246,1612.0492,1310.4893,15174.9497,18097.4882
5090,2179.4663,1717.8717,14189.2793,18086.6173
7469,1255.8809,829.4236000000001,15975.544600000001,18060.8491
9560,1500.1177,992.1248,15546.0183,18038.2608
9561,1500.1177,992.1248,15546.0183,18038.2608
9460,1500.1177,992.1248,15546.0183,18038.2608
9562,1500.1177,992.1248,15546.0183,18038.2608
6553,1668.0417,1266.0476,15103.7276,18037.8169
8478,1511.3259,1227.4325,15295.1658,18033.9242
5275,1490.2837,1099.3362,15443.7814,18033.4013
6867,1337.4286,1229.3752,15466.5143,18033.3181
8976,1352.4404,1137.8602,15541.8883,18032.1889
9661,1497.2863,990.3154000000001,15538.341699999999,18025.9434
9461,1502.2857999999999,991.3982,15522.8801,18016.5641
7373,1131.2699,1024.6196,15843.4596,17999.3491
7365,1283.285,1274.0882,15430.6689,17988.0421
9568,1795.8046,1467.5399,14724.018900000001,17987.363400000002
9252,1036.1926,738.1109,16212.1894,17986.4929
7643,1816.9575,1813.897,14355.0275,17985.882
9584,1247.0717,981.5953,15743.3157,17971.9827
6879,939.2552000000001,836.4696,16194.205600000001,17969.9304
6652,1477.9228,1171.9596999999999,15283.9812,17933.863699999998
8670,1107.3241,874.5004,15947.9971,17929.8216
7571,1330.0017,888.549,15688.4884,17907.039099999998
3648,1689.6254999999999,1255.0558,14950.5692,17895.2505
3654,1411.0831,1210.9168,15249.428,17871.4279
9662,1474.5807,975.0848,15418.745,17868.410499999998
8052,1440.9718,1187.7717,15239.232399999999,17867.9759
3435,1442.4814,1165.8612,15247.1561,17855.4987
7988,1497.43,1041.9746,15313.4936,17852.8982
4540,1555.7108,1449.5549,14836.1126,17841.3783
3337,1170.7835,878.4141,15784.7521,17833.9497
7358,1680.0703,1850.1341,14294.461299999999,17824.665699999998
7479,1248.8227,1131.6634999999999,15417.3373,17797.8235
8856,1116.4754,821.1027,15852.0614,17789.6395
4769,1877.3678,2059.0769,13834.1451,17770.5898
6794,1000.1969,715.8512000000001,16050.760900000001,17766.809
7542,1230.8413,1378.8671,15151.9053,17761.613699999998
7570,1226.5891,934.6386,15578.7097,17739.9374
4064,1356.366,1027.8973,15338.7925,17723.055800000002
7470,1197.2366,892.8914000000001,15620.2386,17710.3666
5947,1074.8495,878.6774,15752.2588,17705.7857
8851,1004.1725,759.2342,15929.2715,17692.6782
3434,1435.4941000000001,1161.7061,15075.7421,17672.9423
3334,1435.4941000000001,1161.7061,15075.7421,17672.9423
9175,1336.5171,1120.1374,15207.6591,17664.3136
8186,1458.459,1223.1904,14980.4196,17662.069
1584,674.6846,646.3901,16327.1914,17648.2661
7074,1121.1274,1018.3725999999999,15499.4941,17638.9941
3737,1545.7236,1029.4027,15033.7358,17608.8621
4244,1407.7495999999999,957.3322000000001,15232.2327,17597.3145
8291,1308.84,982.9904,15284.0472,17575.8776
7306,8177.7645,603.8466,8771.7938,17553.4049
3553,1233.549,1163.8861,15145.4926,17542.9277
5038,1089.8969,957.6179,15486.5486,17534.0634
9271,2052.1908,1802.7987,13608.0956,17463.0851
3873,982.9783,625.1039999999999,15836.9261,17445.0084
8656,1020.1546999999999,889.5228,15523.906,17433.5835
7670,1186.4338,1031.0226,15214.1005,17431.5569
7239,1208.4911,1217.1675,15005.4596,17431.1182
6768,1349.3826,1102.6885,14970.965,17423.0361
7645,1765.0842,1878.8458,13775.1124,17419.0424
5878,1286.9172,1131.5988,14979.3349,17397.8509
1857,1370.8811,1382.4224,14619.4878,17372.7913
4440,1463.2644,1465.5457000000001,14437.2091,17366.0192
8751,1092.6559,747.3706,15516.4349,17356.4614
9577,887.6841000000001,858.3614,15607.081400000001,17353.1269
9360,1376.0496,926.0272,15049.4826,17351.5594
9985,854.6435,632.8428,15861.7619,17349.248199999998
7592,1527.2011,1298.3247,14495.1721,17320.6979
3253,1124.2871,901.3403,15287.973600000001,17313.601
7370,1128.1109,879.8553,15302.2366,17310.2028
4029,1417.3785,1238.6019,14650.0305,17306.0109
3861,1293.4233,1084.3883,14922.488299999999,17300.299899999998
4726,1489.5078,1469.546,14329.5004,17288.554200000002
9170,1783.864,1473.2158,14023.73,17280.8098
7852,977.3406,1113.7109,15184.207699999999,17275.2592
4878,1284.7866,905.2931,15071.2194,17261.2991
5378,638.5829,462.0381,16150.2523,17250.8733
9361,1410.7075,937.9687,14885.1766,17233.8528
1247,1262.5446,1134.855,14833.444,17230.8436
6576,935.091,709.7538,15565.3513,17210.1961
4144,1393.2603,939.5039,14872.5043,17205.268500000002
1654,1429.4392,1306.361,14457.0581,17192.8583
4173,1074.5257,912.9227999999999,15159.9731,17147.421599999998
6354,1560.2764,1388.2379,14190.6637,17139.178
6356,1681.922,952.7423,14501.3128,17135.9771
8752,1052.6390999999999,739.3674,15330.9407,17122.9472
3554,1388.2143,1207.7966,14515.8142,17111.8251
8088,1300.4026000000001,1005.8081000000001,14801.5556,17107.7663
9171,1733.3126,1530.0477,13832.9094,17096.2697
5374,1642.2148,1675.7385,13773.285100000001,17091.238400000002
7970,1052.6553,783.6976,15235.702800000001,17072.0557
3333,1279.8545000000001,1008.3816,14779.8498,17068.085900000002
7275,1246.2832,993.7088,14796.7789,17036.7709
8173,983.2133,1175.7874,14867.126600000001,17026.1273
4361,1078.1798000000001,859.0033,15086.281799999999,17023.4649
3752,1222.3171,1212.2835,14587.932,17022.5326
6378,1128.4649,818.5245,15072.3482,17019.3376
7342,1254.742,1338.2932,14414.3573,17007.3925
9366,1608.2092,1244.9155,14149.8559,17002.9806
4779,1141.0677,964.0827,14897.1091,17002.2595
3950,1442.8522,1361.6728,14194.6927,16999.2177
4339,1939.79,1894.7341000000001,13156.948699999999,16991.4728
9462,1515.8646,930.7937,14496.1635,16942.8218
9553,1026.6977,638.5309,15263.5406,16928.7692
6769,1284.3523,1009.9115,14634.0205,16928.2843
8172,1249.1156,1194.6817,14469.6608,16913.4581
3874,954.8831,611.1952,15341.9117,16907.99
9194,862.3591,658.8444,15385.3148,16906.5183
7665,933.0785,898.119,15073.3042,16904.5017
6952,1561.8109,1327.5,13988.0253,16877.3362
8919,706.927,463.64750000000004,15685.6416,16856.2161
6467,2054.8775,1621.455,13178.0562,16854.3887
3875,1579.2777,803.8102,14469.9691,16853.057
8073,918.5305,1164.185,14770.0778,16852.7933
9195,858.1279999999999,655.0792,15335.2101,16848.4173
8719,707.8724,462.24850000000004,15674.4823,16844.6032
8720,707.8724,462.24850000000004,15674.4823,16844.6032
8621,707.8724,462.24850000000004,15674.4823,16844.6032
8819,707.8724,462.24850000000004,15674.4823,16844.6032
8721,707.4113,462.0787,15669.878,16839.368
7046,1170.128,1026.4124,14626.455,16822.9954
3753,1201.4754,1169.0278,14451.4944,16821.9976
8390,1348.2744,1103.1793,14367.4457,16818.899400000002
9073,1410.5148,1371.1054,14036.014,16817.6342
9173,1539.109,1470.4453,13802.900300000001,16812.4546
3653,1199.5509,1164.4619,14440.652,16804.6648
4766,2312.1,1577.4986999999999,12914.6822,16804.2809
9295,867.086,652.3435000000001,15277.5048,16796.9343
7258,1055.177,1427.9664,14308.5631,16791.7065
4930,896.9426,852.7585,15039.4125,16789.1136
9172,1515.2494000000002,1465.7197,13776.8868,16757.8559
8490,1340.1271,1088.6956,14326.6608,16755.4835
7562,1093.8988,928.9236999999999,14727.3275,16750.15
8290,1333.6187,1119.9042,14295.8533,16749.3762
8391,1334.7245,1085.8883,14325.9197,16746.5325
3867,1690.2152,1330.5359,13715.6468,16736.3979
7762,1229.0245,1031.1988,14466.646200000001,16726.8695
8153,1233.3546000000001,1048.1538,14440.8426,16722.351
9377,887.1036,871.3052,14962.7488,16721.1576
8561,1887.0268,1459.0248,13357.805,16703.8566
8491,1321.9325,1074.2488,14291.181499999999,16687.3628
6945,1184.8784,1022.0391,14466.6955,16673.613
4966,1903.7404,2609.7187,12158.7096,16672.168700000002
3647,1557.7505999999998,1145.4306,13967.567,16670.748199999998
4151,1299.9653,1078.5621,14292.002,16670.5294
7266,1036.8586,1005.4617,14604.9647,16647.285
4727,1474.2563,1460.1907,13695.2144,16629.6614
3652,1190.2532,1156.0338,14281.4913,16627.7783
4028,1753.29,1292.4042,13577.410899999999,16623.1051
8289,1317.0703,1107.9556,14195.6722,16620.6981
7045,1150.1413,1013.3801,14457.0885,16620.6099
7541,1079.9491,1231.387,14302.4931,16613.8292
7867,1253.0708,982.2733,14361.017100000001,16596.3612
347,675.5996,487.2127,15420.941200000001,16583.7535
7540,1061.3581,1262.8044,14256.3241,16580.4866
3952,1073.4462,1044.3874,14461.712300000001,16579.5459
6586,1000.3431,756.2857,14803.2778,16559.906600000002
3335,1391.3855,1109.996,14057.402,16558.7835
6845,1437.1214,1183.7634,13914.2124,16535.0972
9149,998.5765,811.0771,14717.829800000001,16527.4834
8175,1463.1562,1129.2731,13902.9089,16495.3382
3865,1034.8796,911.1954,14534.715400000001,16480.7904
8389,1363.9128,1141.7203,13970.2302,16475.8633
7361,1281.3332,1326.7365,13863.4197,16471.4894
6577,931.9833,678.6372,14841.7237,16452.3442
9371,1910.8057,1586.5749,12934.1016,16431.482200000002
4990,1999.671,1248.3656,13177.3155,16425.3521
9887,998.0677,722.6493,14697.0213,16417.7383
6147,895.8565,960.3469,14544.288199999999,16400.4916
8188,1330.4778,1107.7924,13958.378,16396.6482
8872,1315.6848,1123.5185999999999,13953.3467,16392.5501
7360,1091.1654,1337.3805,13957.3112,16385.8571
8859,1163.2781,1029.6213,14185.157299999999,16378.0567
8973,1461.0053,1418.6649,13497.9453,16377.6155
9650,968.3218,623.2633,14785.1538,16376.7389
8820,680.3913,447.1223,15214.8979,16342.4115
7663,1036.8764,906.2563,14385.6023,16328.735
3454,1284.3606,1053.632,13983.545,16321.5376
7854,767.7746,1205.6531,14329.3311,16302.7588
9660,1246.729,841.6158,14212.4339,16300.7787
7886,2085.9012000000002,837.6083,13375.4017,16298.9112
7367,1109.7312,758.6449,14429.7861,16298.1622
6585,999.5006,751.7081000000001,14546.5987,16297.8074
6686,999.1468,751.3762,14528.203,16278.726
6256,1215.8339,1001.5998,14061.181499999999,16278.6152
8920,690.7382,469.3659,15117.4734,16277.5775
6951,1440.4286,1200.2474,13626.0358,16266.7118
5030,876.9970999999999,834.1034,14552.6968,16263.7973
1147,1231.071,1125.6458,13897.9554,16254.6722
8072,1202.351,1196.6776,13812.3906,16211.4192
4929,1002.6825,965.8139,14240.7749,16209.2713
3637,1272.6662000000001,946.0450999999999,13982.7086,16201.4199
8185,1220.423,1031.6974,13927.334599999998,16179.454999999998
4872,970.836,907.7915,14278.7384,16157.365899999999
6866,1274.2461,1159.5353,13716.6623,16150.4437
4378,2501.3419,1117.1438,12531.4075,16149.8932
3660,3302.0136,943.0119,11891.2485,16136.274
4738,1483.3128,1506.9246,13139.1967,16129.4341
8935,1371.9449,849.291,13881.7083,16102.9442
9986,750.7976,552.9539,14790.5103,16094.2618
5763,1095.9447,1240.765,13747.7706,16084.4803
7277,1239.9607,1019.3244,13814.2025,16073.4876
6044,908.5582,849.4333,14310.6413,16068.6328
3928,1363.9492,1118.2812,13586.3228,16068.5532
7389,2266.4497,887.1556,12902.453,16056.0583
9168,1233.1152,1019.0464,13801.3681,16053.529700000001
3538,941.9732,700.4671999999999,14397.3472,16039.7876
4572,1866.2944,2399.3341,11772.645199999999,16038.2737
9157,1142.8479,870.5659,14015.5226,16028.9364
7641,1082.0907,1191.4825,13755.294600000001,16028.8678
4678,1054.163,977.5412,13995.1703,16026.8745
7270,1073.8927,914.3541,14036.8082,16025.055
7954,1066.7978,1118.0325,13836.657,16021.4873
7887,1999.3577,777.0502,13243.0571,16019.465
8758,1223.6082,972.23,13811.8088,16007.647
5175,1528.5608,1280.4331,13181.2996,15990.2935
3657,971.3398,697.408,14321.3995,15990.1473
7384,1322.6281,1113.7996,13548.9752,15985.402900000001
8619,641.6522,419.1342,14915.9221,15976.708499999999
6244,1142.1574,1069.2692,13759.5496,15970.9762
8489,1374.5623,1107.9538,13482.123099999999,15964.6392
7556,815.4125,896.9363999999999,14248.438400000001,15960.7873
6047,927.7957,963.8474,14069.1419,15960.785
8663,1111.3747,976.6521,13831.9722,15919.999
4928,1442.0764,1428.424,13036.315,15906.8154
1051,1011.7601,1059.6428,13830.5758,15901.9787
7081,794.6494,629.2423,14475.4617,15899.3534
7070,1097.1641,1151.2048,13645.694,15894.0629
8620,666.8317,435.525,14766.2281,15868.5848
5437,1688.7527,1824.6624,12343.7366,15857.1517
5541,1502.3622,1373.6865,12979.651,15855.699700000001
7369,988.2464,763.4277999999999,14090.0661,15841.740300000001
7273,1323.349,935.5817,13569.2296,15828.1603
4828,1330.7173,1318.5631,13177.9209,15827.2013
9550,964.4947,631.8604,14224.5229,15820.878
5139,1120.1036,1290.7897,13404.9808,15815.8741
4142,1157.9448,956.3883000000001,13691.0599,15805.393
8886,1070.0957,770.6234000000001,13919.3163,15760.0354
7377,1185.7375,950.0267,13620.2062,15755.9704
9450,948.1498,613.1058,14188.4081,15749.663700000001
8560,1380.9285,1188.0957,13173.2021,15742.2263
7261,1194.3071,1256.4044,13276.888799999999,15727.6003
8885,1060.3142,763.1756,13902.4336,15725.9234
4030,1269.1434,1151.0182,13294.2294,15714.391
4145,1413.7441,1055.847,13238.211,15707.802099999999
4139,1587.4943,1273.6159,12841.489,15702.5992
5091,2035.0314,1610.1819,12052.8442,15698.057499999999
7765,848.1265,871.7209,13976.0759,15695.9233
9052,955.1897,733.2626,14006.6082,15695.0605
7359,1066.5301,1356.0682,13266.5143,15689.1126
3836,1347.5814,963.202,13353.9886,15664.772
7545,2123.2271,2263.1751,11272.5939,15658.9961
9885,1121.4948,845.7134,13684.659599999999,15651.8678
4047,1240.384,835.6777000000001,13574.7632,15650.8249
8759,1410.6642,1198.5067,13038.4838,15647.6547
7973,823.6926,1017.2674,13800.3773,15641.337300000001
8761,1204.7605,1019.5955,13414.7964,15639.152399999999
3549,1450.9901,1067.43,13111.419600000001,15629.8397
1150,1411.5944,1290.1544,12918.6166,15620.3654
3927,1237.5674,1026.9624999999999,13341.6829,15606.2128
9396,948.998,698.1373,13945.0674,15592.2027
8071,1183.6354,1139.7847,13268.6422,15592.0623
7985,2016.0853,1153.0782,12421.121200000001,15590.2847
7757,984.5079000000001,943.3811,13656.4436,15584.3326
4129,1342.8364000000001,1255.6906,12971.3325,15569.8595
6154,1237.5025,1218.5728,13111.998,15568.0733
7356,971.4754,1055.8849,13533.6211,15560.9814
9294,815.5198,613.8241,14128.5179,15557.8618
8578,1255.2060000000001,860.7593,13427.5234,15543.4887
3385,1113.6178,674.854,13745.0662,15533.538
3285,1113.4985000000001,674.8115,13745.031500000001,15533.3415
6964,1204.3500999999999,1042.7526,13286.1962,15533.2989
8174,948.1221,1098.4765,13486.2927,15532.8913
8288,1342.6480999999999,1138.0991,13050.472600000001,15531.2198
7181,850.2385,804.8398,13863.622,15518.7003
9395,827.1134,615.7923999999999,14056.0417,15498.9475
8792,1011.9847,711.7822,13760.742,15484.5089
9984,753.6165,533.557,14189.9091,15477.0826
8559,1437.2281,1237.8223,12781.013500000001,15456.063900000001
3876,1545.8866,728.0691,13179.9072,15453.8629
951,984.1681,1023.3253,13444.923,15452.4164
3768,1309.0526,1207.604,12918.59,15435.2466
6695,895.5486,657.0494,13881.1411,15433.7391
8660,1605.7157,1322.8521,12504.8275,15433.3953
5664,2176.8768,2107.8923999999997,11143.432200000001,15428.2014
7965,918.4273,706.8636,13784.8705,15410.1614
4050,1458.6213,1387.8894,12558.8984,15405.4091
4873,855.9915,939.3368,13591.6211,15386.9494
3929,1299.5629,1126.3401,12960.2146,15386.1176
1754,1294.9428,1133.6811,12940.5974,15369.221300000001
3761,1062.0103,936.0475,13368.3552,15366.413
8011,1088.9612,955.4947999999999,13309.2331,15353.6891
9072,1347.2222,1347.7901,12655.5759,15350.5882
3332,929.0398,694.3804,13721.4691,15344.8893
8086,1385.9914999999999,1119.8772,12817.4911,15323.3598
1052,977.3041000000001,1013.1525,13326.049299999999,15316.5059
7552,1079.2428,1048.8803,13187.9548,15316.0779
7459,968.542,880.1157,13420.3888,15269.0465
9350,906.866,592.2143,13767.7004,15266.7807
8392,1140.2921999999999,943.7286,13163.954099999999,15247.9749
3765,1032.5176,879.7988,13326.9601,15239.2765
4639,1769.9207000000001,1161.9467,12275.954600000001,15207.822
8821,639.3341,424.5679,14140.874600000001,15204.776600000001
4136,877.274,727.1501,13568.9136,15173.3377
7593,1401.8705,1211.6314,12557.579099999999,15171.081
9397,957.1297,692.4930999999999,13479.5809,15129.2037
3219,983.749,783.5808999999999,13354.0955,15121.4254
4143,1169.6411,907.3824,13038.69,15115.7135
3234,1320.2454,1037.2963,12746.4591,15104.0008
4640,1770.5565,1138.2502,12192.4133,15101.22
4238,1366.5474,1223.4276,12506.928399999999,15096.9034
9258,994.4562000000001,805.5924,13295.8005,15095.8491
7671,1188.068,1081.5677,12825.3437,15094.9794
3555,1118.0681,984.7614,12989.6581,15092.4876
7580,1126.4375,982.8726,12978.9081,15088.2182
4978,1125.7618,777.1014,13183.1652,15086.0284
7691,1093.3949,890.7464,13094.820399999999,15078.9617
5379,675.3664,535.7879,13867.103200000001,15078.2575
7260,958.8618,1257.4212,12855.0657,15071.3487
9475,854.6785,681.4681,13532.9706,15069.1172
4638,1454.5809,1360.2288,12250.2462,15065.0559
7853,775.1052999999999,1168.6693,13120.5425,15064.3171
9987,686.766,513.8557,13862.5235,15063.145199999999
4740,1411.0561,1123.3372,12493.4427,15027.836
7763,1030.0906,951.632,13039.1082,15020.8308
7172,1408.0538,986.8865000000001,12605.7646,15000.7049
6846,1413.6069,1273.2218,12311.046,14997.8747
8818,645.2927,419.10339999999997,13918.6726,14983.0687
1555,1173.1663,1177.9445,12631.3563,14982.4671
8636,1477.6565,824.6271,12663.8897,14966.1733
6765,1422.1786,979.8569,12562.821100000001,14964.8566
7589,2855.9054,1005.6376,11074.5408,14936.0838
9886,1167.6731,827.2968999999999,12940.0862,14935.056199999999
8180,1097.8111000000001,887.7766,12936.672700000001,14922.260400000001
6255,1390.4282,1275.4312,12252.5125,14918.3719
7955,911.7107,1068.3372,12937.0139,14917.0618
8659,1498.7269,1261.4735,12145.6563,14905.8567
7154,644.6474000000001,938.0823,13318.1375,14900.8672
9497,924.3556,674.569,13291.1176,14890.0422
6254,1267.7981,1195.0282,12418.4093,14881.2356
8739,1108.1712,555.7916,13213.978200000001,14877.941
8080,1170.2176,936.4774,12765.010199999999,14871.7052
5775,1167.7493,709.3655,12990.5913,14867.7061
8287,1369.2998,1126.7472,12350.1925,14846.2395
3827,1196.0799,1014.1311000000001,12627.8132,14838.0242
7044,974.8607999999999,883.464,12950.6854,14809.0102
3386,1068.7486,649.1422,13091.0561,14808.946899999999
9979,778.4945,556.7018,13465.8366,14801.0329
7464,833.4567,786.4234,13176.3612,14796.2413
5364,1067.5997,1308.466,12403.9611,14780.0268
4041,1217.1587,1217.4002,12332.0986,14766.657500000001
3762,911.7709,792.0055,13059.4077,14763.1841
5167,1585.6618,2091.221,11047.9087,14724.7915
4146,1242.8322,940.971,12534.8669,14718.6701
6454,1433.9857,1193.3363,12086.5477,14713.8697
6344,1296.9485,1323.3755999999998,12091.795900000001,14712.12
7890,1087.0048,818.4927,12806.4962,14711.9937
7441,1159.624,1279.1937,12265.4576,14704.275300000001
5380,675.3917,548.5507,13473.1483,14697.0907
3352,1021.1514,956.9026,12704.2205,14682.2745
4280,1145.2418,957.8779,12578.7503,14681.869999999999
5031,901.9939,829.1779,12949.6587,14680.8305
7374,991.7121,807.3317000000001,12875.623,14674.6668
5381,672.6064,546.9649,13454.1288,14673.700100000002
8953,931.9036,735.4232000000001,13002.4221,14669.748899999999
8519,571.7187,377.2385,13713.5226,14662.479800000001
7966,878.7242,713.1255,13067.1851,14659.0348
6865,1198.9676,1026.1073,12431.373,14656.4479
3236,1268.8242,982.4626999999999,12404.2615,14655.548400000001
9080,832.2428,761.1278,13061.5981,14654.9687
4830,808.6993,764.2874,13065.7985,14638.7852
6981,769.7844,652.7538,13213.3484,14635.8866
7385,891.0547,767.5522,12970.1987,14628.8056
4829,842.3256,817.4562,12967.7361,14627.517899999999
7040,929.7511,799.5796,12885.4239,14614.7546
8635,1450.016,895.2165,12264.2221,14609.454600000001
3354,1063.0928,848.7207999999999,12696.7662,14608.5798
7453,848.7104,981.8765,12776.1656,14606.7525
7557,824.4209,839.6674,12938.4553,14602.5436
9081,824.1066,761.4385,13003.2389,14588.784
8459,1204.7959,1070.4247,12310.5484,14585.769
9181,809.4533,751.5328000000001,13016.429900000001,14577.416000000001
3548,1306.4771,1000.0291,12269.2484,14575.7546
1152,937.7844,969.1003,12648.1185,14555.003200000001
8638,1392.5045,647.1805,12506.736499999999,14546.4215
8460,1098.8887,996.9263,12440.0728,14535.8878
7865,735.7105,746.9361,13049.7473,14532.393900000001
5480,676.7136,549.5091,13301.4462,14527.6689
3671,1276.0448999999999,1220.321,12026.1808,14522.546699999999
4277,2401.0171,1083.0103000000001,11036.0852,14520.1126
3235,1310.5312,1015.2072000000001,12190.6557,14516.3941
6965,1112.9617,1020.2409,12379.688400000001,14512.891
952,927.4123000000001,947.6897,12632.8857,14507.9877
8836,1437.7702,706.7075,12361.5815,14506.0592
7242,941.0428,998.5211,12559.8101,14499.374
5737,1903.3887,1115.5479,11471.6154,14490.552
7256,1518.3766,1256.9515000000001,11695.3772,14470.7053
9752,856.3497,607.4398,13004.6294,14468.4189
4130,1225.0763,1186.481,12045.233,14456.7903
9598,827.0647,507.41610000000003,13106.7699,14441.2507
9698,826.4004,507.2769,13103.512,14437.1893
9180,771.7855999999999,721.3113,12934.4442,14427.5411
7243,931.5524,974.8955,12516.2492,14422.697100000001
4979,1056.1134,719.1873,12643.1806,14418.4813
7440,1175.7502,1279.4716,11943.1714,14398.3932
8735,1460.973,882.0789,12054.0821,14397.134
4739,1369.9138,1170.2611,11854.009100000001,14394.184
7406,6176.7933,529.3416,7671.2378,14377.3727
9082,814.9966000000001,754.1172,12806.9436,14376.0574
8177,1079.4443,828.094,12468.4143,14375.9526
4879,1049.1767,718.855,12604.1417,14372.1734
7140,921.3151,835.439,12612.8981,14369.6522
7692,1326.6657,1131.987,11903.9689,14362.6216
6896,808.4897,580.1922,12973.8699,14362.5518
5166,1822.4875,1930.607,10601.574,14354.6685
3664,886.7984,724.1850000000001,12741.1301,14352.1135
7888,1287.6998,885.0501,12176.5291,14349.279
7563,768.7612,698.8678,12872.0435,14339.6725
7143,924.4427999999999,932.7234,12474.6998,14331.866
9066,1125.3047,768.4548,12436.9109,14330.6704
8892,949.6387,679.6838,12701.0455,14330.368
7564,765.386,696.0203,12851.5896,14312.9959
4328,1052.9017,1057.7377999999999,12200.9774,14311.616899999999
3438,840.7488,599.3666999999999,12865.949499999999,14306.065
7145,941.311,822.3901999999999,12542.0198,14305.721
7463,775.5659,708.604,12808.5337,14292.703599999999
6944,1065.8179,962.6996,12257.8772,14286.3947
8918,630.4634,410.707,13230.8788,14272.0492
4242,1145.7522999999999,900.878,12222.7493,14269.3796
47,515.6616,370.3112,13371.896,14257.8688
4667,1461.534,1594.9556,11195.8465,14252.3361
4728,1048.2515,1039.8601,12159.9552,14248.066799999999
4771,1275.7467,1842.0407,11127.6716,14245.459
851,896.8203,911.8736,12434.5029,14243.1968
7259,944.0337,1424.7602,11861.6298,14230.4237
4763,1711.3418,2142.7392,10374.0997,14228.180699999999
3675,697.473,462.2712,13054.9704,14214.7146
9585,1011.8226999999999,795.4992,12402.195,14209.5169
4278,2339.244,1065.7615,10797.1773,14202.1828
9160,996.9969,798.8108,12403.0509,14198.8586
8051,1259.6428,1013.8364,11918.8828,14192.362000000001
9019,645.5278,460.5106,13084.1081,14190.1465
9876,786.1206999999999,732.1946,12645.1091,14163.4244
7462,1021.5755,1006.3429,12129.9658,14157.8842
8770,1016.4445000000001,938.7548,12195.759,14150.9583
9376,938.1531,812.132,12389.1923,14139.4774
7478,1011.8770000000001,949.3314,12160.9139,14122.1223
9567,1654.0728,833.5122,11631.7555,14119.3405
9485,776.0432,644.2537,12698.7731,14119.07
7891,1009.227,775.9515,12332.9009,14118.0794
8951,846.5472,693.7221,12574.1988,14114.4681
8740,1059.9595,534.7357000000001,12510.2458,14104.941
7791,1002.3429,773.1232,12327.1652,14102.631300000001
7792,990.3525000000001,796.6658,12293.0847,14080.103
3563,958.3675000000001,653.9273,12457.7428,14070.0376
7341,1159.1798000000001,1235.288,11662.4849,14056.9527
7144,903.8201,814.2762,12337.1145,14055.2108
6651,981.9513000000001,857.4466,12215.1011,14054.499
4889,1596.8435,901.0656,11538.9846,14036.8937
7761,1063.1507,899.4027,12070.3329,14032.8863
3254,1271.5164,920.3477,11836.489,14028.3531
9770,1016.646,777.0871,12230.3149,14024.047999999999
5847,938.0790000000001,776.7491,12302.0636,14016.8917
7244,903.5856,824.7257999999999,12283.3697,14011.6811
9076,994.4401,943.9612,12058.2439,13996.6452
3776,1049.6226,686.3569,12258.4133,13994.3928
9182,806.1560000000001,741.0083,12447.0707,13994.235
4243,1109.2807,852.8224,12027.5685,13989.6716
9169,1390.637,1157.6469,11433.2644,13981.5483
7790,1020.2648,777.3987,12180.9005,13978.564
8012,986.6601,873.1487,12099.3051,13959.1139
7084,942.746,995.5098999999999,12020.2323,13958.4882
7892,937.1538,743.7773,12277.5298,13958.4609
5663,1044.8353,1372.1444,11536.2933,13953.273
3564,927.0115999999999,660.1021,12356.5101,13943.6238
7664,739.2497,700.4078,12497.3718,13937.0293
4230,1163.7203,1134.6639,11633.8681,13932.2523
3117,780.2553,632.5863,12515.677099999999,13928.5187
8181,1019.2488999999999,849.7748,12045.7595,13914.7832
4637,1142.1608,1009.6166000000001,11759.567500000001,13911.3449
9771,969.4802,750.7420000000001,12186.4868,13906.709
5779,732.3632,611.6948,12562.2228,13906.2808
9470,1723.9835,1504.5209,10674.9968,13903.5012
1346,752.7007,656.9462,12491.9845,13901.6314
7363,1109.3988,1145.3118,11642.8775,13897.5881
7480,1109.0348,969.1604,11815.5392,13893.734400000001
9398,933.5262,624.4927,12332.3171,13890.336
7746,962.0023,1068.0439,11851.6937,13881.7399
9070,1270.5635,1219.8672000000001,11385.1955,13875.6262
8065,929.6195,612.9465,12332.9743,13875.5403
3930,1166.3749,1039.3051,11665.017,13870.697
9296,805.0913,579.6705,12485.272500000001,13870.0343
7041,1155.6663,1150.6791,11562.4558,13868.8012
4629,860.5985000000001,816.3129,12190.6081,13867.5195
8977,1161.1049,920.1162,11776.5647,13857.7858
7039,794.5807,673.3904,12378.859199999999,13846.8303
5476,1114.0184,1090.1536,11639.270700000001,13843.4427
5464,1044.1803,1048.0493000000001,11743.6286,13835.8582
8639,1060.278,560.2896000000001,12209.4233,13829.9909
8738,1240.248,593.0353,11995.1639,13828.4472
7551,731.095,959.4544999999999,12128.6987,13819.2482
6654,1412.6863,1143.9271,11249.7313,13806.3447
3663,884.2025,719.7871,12188.7964,13792.786
3665,891.2096,726.2716,12173.3007,13790.7819
9699,798.025,489.0445,12503.2236,13790.293099999999
6885,1353.1361,1407.8654,11006.6321,13767.6336
6687,876.9025,644.5894,12245.0148,13766.5067
8755,950.1331,810.5706,11992.753,13753.456699999999
7142,909.4846,975.8786,11861.7179,13747.0811
4272,823.1587000000001,732.6516,12189.2961,13745.106399999999
7138,759.1183000000001,648.9558,12333.0834,13741.1575
4737,1087.3912,1005.0981,11638.7914,13731.2807
7139,725.3045,612.5966,12384.4138,13722.314900000001
8718,595.2246,387.3068,12739.5664,13722.0978
2348,1087.2315,1412.8222,11221.092999999999,13721.1467
7992,900.2444,678.1424,12139.0044,13717.3912
7368,855.5568000000001,614.4762,12226.6342,13696.6672
7262,1147.926,1188.2695999999999,11359.338,13695.533599999999
7764,709.1444,722.7459,12255.847099999999,13687.7374
9559,995.9589,755.1491,11933.754500000001,13684.8625
7987,1288.2405,904.5488,11492.0386,13684.8279
9778,665.6459,440.8262,12570.2837,13676.7558
3638,1063.6602,867.3109999999999,11744.2809,13675.2521
7857,1004.6365,1073.2665,11592.555499999999,13670.458499999999
8187,1332.1368,1041.373,11294.2626,13667.7724
3769,1340.7142,1364.805,10959.4072,13664.9264
7268,879.4104,675.1083,12102.7751,13657.2938
3866,1148.8746,1002.0398,11502.8884,13653.8028
3136,1004.8498000000001,737.4693,11908.1273,13650.4464
3452,1029.0889,991.5371,11629.36,13649.986
4043,1049.5932,877.2945,11722.5125,13649.4002
5234,1266.6094,1122.5831,11258.2093,13647.4018
7362,1139.1716000000001,1179.6549,11312.9466,13631.7731
9453,897.9606,559.9845,12164.7712,13622.7163
5747,1139.2439,796.1267,11681.1148,13616.4854
8070,809.1083,770.2973000000001,12033.9806,13613.3862
8388,1257.6929,1105.849,11247.2599,13610.8018
7267,847.1449,681.7379,12081.1669,13610.0497
7866,814.9655,715.8574,12078.3968,13609.2197
4536,1446.4984,870.9630999999999,11286.732100000001,13604.1936
5066,1612.037,1822.2454,10156.2414,13590.5238
4174,1462.9044,791.6459,11332.6325,13587.1828
6650,707.2385,638.2289,12237.6749,13583.1423
2246,824.9327000000001,946.9906,11801.1083,13573.0316
3837,1288.0313999999998,1092.5701,11186.7231,13567.3246
3828,1204.2955,1008.346,11352.5545,13565.196
4052,842.6993,754.1627,11967.944,13564.806
9777,664.1296,463.3173,12429.4877,13556.9346
3626,1162.4929,1241.6053,11150.4552,13554.5534
3036,1059.5974,737.9941,11756.8161,13554.4076
3119,815.8222000000001,684.3561,12052.1881,13552.3664
9272,1550.3318,1442.5413999999998,10550.6376,13543.5108
3625,1114.8842,1161.2597,11258.3535,13534.4974
8192,923.8213999999999,638.5073,11962.8632,13525.1919
8066,902.2893,775.9881,11845.7266,13524.004
9884,897.6685,691.1023,11932.474400000001,13521.245200000001
3727,1153.5493999999999,1048.2473,11319.0726,13520.8693
8652,784.6371,703.2411,12026.8613,13514.7395
6379,931.0224999999999,707.297,11875.903,13514.2225
8193,913.7317,635.0042,11964.1125,13512.8484
7753,701.9847,1078.9374,11720.371,13501.2931
8092,910.7782,633.2505,11956.098,13500.1267
8658,1213.4818,984.9584,11299.4379,13497.8781
3668,1203.7042999999999,1123.4223,11158.7872,13485.9138
8179,999.976,851.1272,11628.0155,13479.118699999999
8791,890.5135,635.164,11949.4087,13475.0862
8558,1187.7114,987.4263,11299.5449,13474.6826
9071,1148.7373,1183.5688,11128.2002,13460.5063
8972,1160.3315,1176.9377,11121.9154,13459.1846
7640,1070.0154,1099.7679,11288.293,13458.0763
6485,909.918,703.8556,11834.0147,13447.7883
8076,1120.0441,861.9836,11458.941,13440.9687
4564,1565.9141,1036.0602000000001,10835.9603,13437.9346
4377,2043.5079,988.8444,10399.6642,13432.0165
7972,861.5438,916.9247,11647.0877,13425.556199999999
6679,707.9387,555.8054,12140.3579,13404.102
4736,1023.9284,914.7782,11465.3793,13404.0859
8093,857.8974999999999,611.938,11928.6697,13398.5052
9280,656.1496000000001,617.9235,12109.8588,13383.9319
9496,825.5686,633.7306,11923.6841,13382.9833
4436,3024.0644,680.3848,9673.1124,13377.5616
7642,990.8308999999999,991.3430999999999,11394.025,13376.199
4636,1062.5136,911.7383,11399.074,13373.3259
8776,1381.7115,1111.3597,10872.7792,13365.8504
2247,1039.048,1340.5305,10983.8762,13363.4547
5774,1181.496,749.3061,11419.7562,13350.5583
9281,663.4841,620.7632,12043.0911,13327.3384
7326,2003.3651,921.4788,10397.3167,13322.1606
3767,1213.4949,1126.4778,10975.2684,13315.2411
9095,866.9599,608.3203,11837.4632,13312.7434
8170,716.3105,678.2847,11912.925,13307.5202
9275,1169.6329,1022.931,11102.8769,13295.4408
8853,884.5814,729.3333,11679.1374,13293.0521
7227,1868.3798,895.5894,10526.2832,13290.2524
7690,903.9093,710.8225,11621.3846,13236.116399999999
9690,435.4633,424.9574,12367.8614,13228.2821
5235,1304.6686,1259.5815,10646.4173,13210.6674
2338,614.9344,533.4019999999999,12057.9821,13206.3185
3632,1208.7504000000001,1220.6103,10772.4939,13201.8546
8292,847.5256,612.0169,11741.961299999999,13201.5038
4833,1168.0618,1224.7843,10801.7451,13194.5912
5843,1079.6135,882.0976,11225.9274,13187.638500000001
8279,986.4875,730.9391,11463.1128,13180.5394
8971,1132.9648,1154.0903,10886.0511,13173.1062
7283,781.5187,755.0121,11626.5259,13163.0567
9785,1126.7554,806.7153000000001,11229.259399999999,13162.7301
7141,1045.2186,1086.7763,11030.528699999999,13162.5236
4836,825.8268,769.7180000000001,11563.770400000001,13159.315200000001
3726,1092.0604,1100.7733,10947.2838,13140.1175
3551,1088.454,1156.6778,10894.3324,13139.4642
8590,1067.9722,891.6167,11178.2698,13137.8587
7357,836.8816,750.167,11550.2847,13137.3333
4733,1162.7558999999999,1207.0641,10757.0837,13126.903699999999
8281,972.1911,760.0371,11389.2168,13121.445
9459,956.9445,738.4241,11415.8043,13111.1729
4237,1818.4687000000001,789.6437999999999,10490.1065,13098.219000000001
6796,732.735,515.182,11830.1175,13078.0345
8871,1032.4083,967.7917,11070.7562,13070.9562
4835,1094.2837,1084.0895,10879.8836,13058.2568
2632,1059.4737,645.1685,11353.5415,13058.1837
2631,1060.4035,636.9352,11341.7606,13039.0993
7168,870.7922,688.6223,11478.1375,13037.552
8891,873.8856,633.6798,11529.8946,13037.46
9297,852.6938,592.4076,11591.9167,13037.0181
2248,1020.5838,1323.9480999999998,10690.7366,13035.2685
7054,926.2116,1090.3803,11010.5713,13027.1632
1347,785.2664,678.6969,11561.4062,13025.3695
9273,1344.2764,1262.6445,10416.6145,13023.5354
4138,916.8657000000001,850.7775,11254.3681,13022.0113
8369,775.7198,697.0246,11545.4789,13018.2233
2339,612.227,531.6251,11873.797,13017.6491
3217,740.709,633.1308,11637.0579,13010.8977
246,553.7054,401.8322,12054.228,13009.765599999999
5165,1381.0998,1382.4652,10237.5339,13001.098899999999
6787,839.3313,700.1794,11459.729299999999,12999.24
4834,1147.9357,1176.5091,10673.8868,12998.3316
8280,969.114,694.9936,11326.142899999999,12990.2505
9381,655.9929,606.161,11710.958200000001,12973.1121
2732,1026.4723,657.2096,11287.6827,12971.364599999999
8379,968.8263,692.9906,11305.0832,12966.900099999999
4666,1552.5223,1185.9225,10226.9714,12965.4162
8380,968.4317,692.5729,11288.9191,12949.9237
4837,681.832,664.4465,11600.4645,12946.743
6648,1401.1394,1596.2576,9937.6732,12935.0702
9257,962.9599999999999,725.0041,11242.2127,12930.1768
8657,1060.5356,840.9484,11028.6584,12930.1424
1053,791.5387,808.5373,11326.872,12926.948
5280,609.0008,484.4916,11833.1175,12926.6099
9669,1222.9093,954.644,10738.2431,12915.7964
4735,1007.1378,951.6861,10954.8208,12913.6447
4425,1137.7674,972.0112,10780.5768,12890.3554
4839,1305.5392,1111.4884,10442.913700000001,12859.9413
7579,934.8882,889.4522000000001,11024.269,12848.6094
7043,864.7843,883.8577,11097.1795,12845.8215
9576,738.8202,645.3665,11457.4393,12841.626
8552,714.4843,691.5932,11434.7973,12840.8748
9266,1369.0983,1043.5309,10425.8534,12838.4826
8387,1133.0937,958.8738,10742.0024,12833.9699
4137,890.2296,818.2472,11125.152,12833.6288
7325,1280.1217,901.0006999999999,10645.6853,12826.8077
9751,815.7078,645.5048,11363.3897,12824.6023
6486,884.5707,693.6357,11244.492,12822.6984
7327,2001.0707,918.595,9900.7928,12820.4585
4040,1290.3307,1165.0935,10356.4044,12811.8286
4276,2075.3319,906.8344,9825.364,12807.5303
4934,1138.2901,1109.0732,10551.4356,12798.7989
5131,1034.4976,910.6818,10846.839899999999,12792.0193
6946,959.3474,872.4501,10956.5167,12788.3142
9879,694.1408,464.0072,11603.8395,12761.9875
2733,971.8277,650.7183,11132.9776,12755.5236
7425,1233.9645,860.9441,10655.154,12750.0626
9498,819.1989,533.5001,11388.6127,12741.3117
3135,919.9956999999999,659.5621,11151.614599999999,12731.1724
8956,870.5271,667.8384,11188.3506,12726.7161
7956,896.1167,966.9574,10858.7079,12721.782
8094,819.1078,588.4417,11313.7462,12721.2957
9762,1335.5276999999999,691.2569,10694.404,12721.1886
8283,942.2534,812.8547,10965.4916,12720.5997
6297,766.9929,566.8841,11384.033300000001,12717.9103
7282,729.1776,719.3452,11262.6852,12711.207999999999
8282,941.5217,812.2291,10953.9228,12707.6736
6386,881.0693,691.7669,11131.2499,12704.0861
6385,881.0693,691.7669,11131.2499,12704.0861
7456,496.8619,788.0184,11411.3082,12696.1885
5265,1574.6662,2140.4036,8977.788700000001,12692.8585
6685,932.3176,688.6409,11062.0274,12682.9859
7269,873.3272,703.5578,11103.7233,12680.6083
7439,983.2121999999999,1031.9788,10659.5873,12674.7783
6487,880.0011000000001,690.7632,11100.742,12671.5063
9274,1344.0208,1219.275,10105.895,12669.1908
5377,482.0045,433.7282,11745.8249,12661.5576
7407,5340.2511,478.5149,6836.4677,12655.2337
8458,1064.9764,950.4919,10639.6933,12655.1616
4579,1430.7298,789.6625,10432.537,12652.9293
8557,916.5725,755.9693,10977.4311,12649.972899999999
2731,1042.3851,629.2860000000001,10977.8773,12649.5484
4065,916.0871,760.146,10970.2154,12646.4485
9380,627.0581,589.9693,11421.1589,12638.1863
9768,1193.2624,984.4353,10459.8144,12637.5121
8452,727.1333,699.0906,11210.6725,12636.8964
8383,936.5452,807.8513,10886.6135,12631.01
9166,1067.0839,736.5932,10817.291299999999,12620.9684
7392,2114.131,787.7029,9715.6903,12617.5242
3566,879.6659999999999,718.7852,10999.833200000001,12598.2844
4933,1123.2639,1052.7479,10413.3196,12589.331400000001
2347,977.7964,1265.3978,10344.7218,12587.916
8640,877.8024,500.7736,11208.347,12586.923
8985,898.4411,691.2803,10991.433500000001,12581.1549
9256,976.3626,709.1374999999999,10892.3516,12577.851700000001
7226,1367.1143,762.1813,10443.8753,12573.1709
6387,874.0697,684.9469,11007.0611,12566.0777
8194,827.7125,616.0612,11120.9054,12564.679100000001
4729,762.7144,742.1170999999999,11047.902100000001,12552.7336
6455,1532.5551,1003.7349,10015.9776,12552.2676
5481,574.1774,465.3469,11509.0691,12548.5934
9090,964.3499999999999,609.2143,10971.5342,12545.0985
9094,802.9125,603.249,11135.0338,12541.1953
4281,939.769,855.5687,10745.5649,12540.9026
6786,909.6767,713.154,10917.4853,12540.316
7639,1058.1509,1087.6416,10394.4647,12540.2572
8184,745.1218,663.5541,11120.980599999999,12529.6565
7993,824.1509,610.2648,11085.3528,12519.7685
8152,1051.5825,941.6561,10525.841,12519.079600000001
8651,854.9336,628.5416,11030.2951,12513.7703
7578,911.7532,871.7857,10721.6245,12505.1634
5334,1431.0102,1420.9602,9646.363,12498.3334
9769,1111.326,901.4100000000001,10479.0069,12491.7429
7457,732.7497,696.8535,11061.4928,12491.096
8441,1015.2428,672.0862,10785.941,12473.27
4734,1060.5455,1096.0923,10315.5665,12472.2043
3565,761.9014999999999,593.3768,11107.517899999999,12462.796199999999
6285,868.7739,679.7876,10913.0931,12461.6546
3732,905.1539,885.5372,10665.158800000001,12455.8499
852,703.7391,702.8573,11047.7544,12454.3508
7747,859.1692,958.1327,10633.9984,12451.300299999999
9888,474.84159999999997,480.1542,11491.4103,12446.4061
7539,959.1449,1057.0655,10424.9376,12441.148
7839,1053.0215,1056.9041,10323.1059,12433.031500000001
7739,1047.9469,1055.7865,10322.6291,12426.3625
9196,794.6925,548.5651,11075.9525,12419.2101
9067,1023.1514999999999,749.3624,10640.7811,12413.295
6694,691.6443,513.4336999999999,11205.572,12410.65
5917,662.1914,570.8229,11169.8465,12402.8608
4578,1307.1274,808.6441,10286.6073,12402.378799999999
9677,633.0576,434.0867,11334.0258,12401.170100000001
4537,1107.6828,767.1826,10517.4472,12392.312600000001
7864,632.675,690.6496,11063.914999999999,12387.2396
1246,746.4629,649.5966,10978.5623,12374.621799999999
8442,998.2154,662.0128,10714.3764,12374.6046
3835,999.2284999999999,676.6551,10691.6918,12367.5754
9156,983.8017,696.7479,10680.8925,12361.4421
9668,1168.0668,878.6075,10307.2407,12353.914999999999
5335,1431.0448,1461.9114,9440.879799999999,12333.836
3233,1124.2148,883.7628,10325.6018,12333.5794
2833,904.1451,608.2549,10821.1606,12333.5606
8182,900.1995,771.4517,10660.7152,12332.3664
9597,745.5400999999999,549.1952,11032.6586,12327.3939
3318,788.6052,544.4003,10994.2782,12327.2837
3418,788.6052,544.4003,10994.2782,12327.2837
5916,660.003,568.2472,11098.6208,12326.871000000001
7752,645.4357,936.2592000000001,10743.7541,12325.449
2337,590.2042,513.8179,11214.3054,12318.3275
8069,663.5578,616.5057,11036.4853,12316.5488
3037,875.8402,587.6191,10842.9326,12306.3919
4838,995.9891,960.9973,10347.2399,12304.2263
7445,1428.1444000000001,1491.1501,9381.907000000001,12301.201500000001
4628,846.8335,832.3727,10618.4286,12297.6348
7740,1059.863,1007.1422,10189.4093,12256.414499999999
8966,979.538,690.3549,10582.3653,12252.2582
6676,684.0723,594.9666,10970.8095,12249.848399999999
7572,818.9382,708.7928,10714.8581,12242.589100000001
2936,920.2116,675.3648000000001,10643.2367,12238.8131
2654,972.8234,903.4008,10358.0697,12234.293899999999
8991,828.3791,607.9265,10795.2269,12231.5325
2655,977.6174,899.206,10347.0176,12223.841
9298,903.9087000000001,586.0887,10717.5244,12207.5218
8488,1026.7532,897.4978,10282.6928,12206.943800000001
3550,1072.1255,1057.3572,10073.6841,12203.166799999999
7840,1003.3695,989.2991000000001,10199.626400000001,12192.295
9786,1014.2434000000001,746.7039000000001,10427.3853,12188.3326
9784,922.6315999999999,710.1061,10550.0931,12182.8308
7424,797.8529,772.6348,10607.7095,12178.1972
9155,952.9879999999999,681.5736999999999,10533.901,12168.4627
8863,766.9902,538.8614,10861.8023,12167.6539
8381,920.657,683.0229,10553.1035,12156.7834
8854,932.3429,814.0004,10380.722600000001,12127.0659
3844,969.3715,668.0454,10478.9498,12116.3667
3945,1113.9057,684.8425,10313.31,12112.0582
9375,910.6716,749.3166,10439.9667,12099.9549
9789,444.5328,443.5914,11211.8131,12099.9373
8570,800.0604999999999,683.7349,10601.0395,12084.8349
5133,1077.4468,932.206,10074.8702,12084.523000000001
5132,1077.4468,932.206,10074.8702,12084.523000000001
5033,1077.4468,932.206,10074.8702,12084.523000000001
4668,1285.5691,1757.6245999999999,9031.4106,12074.604299999999
8151,1001.98,902.3614,10165.4292,12069.7706
3319,789.2553,573.8492,10704.6935,12067.798
9359,840.9349,687.5251,10533.2312,12061.691200000001
7171,991.7467,992.5227,10076.381300000001,12060.6507
5032,1070.5338,925.5271,10055.1648,12051.225699999999
7146,788.8301,667.2355,10586.9962,12043.0618
8183,845.0407,725.5718,10471.2048,12041.8173
5231,1070.3327,910.0232,10058.7827,12039.1386
9091,860.2402,610.263,10562.9671,12033.4703
5778,957.3633,842.4786,10226.742,12026.5839
8414,928.1834,745.7035,10344.3563,12018.2432
7967,739.7,689.5779,10588.9349,12018.212800000001
2144,551.9522000000001,604.0051,10862.1166,12018.0739
5880,486.2561,436.7598,11078.266,12001.2819
9870,929.9027,737.9743,10330.5509,11998.4279
3728,1122.603,958.409,9909.0322,11990.0442
8252,991.1617,933.3021,10059.5071,11983.9709
5232,1059.2406,906.085,10016.2504,11981.576
5773,1054.8866,793.0957,10133.3186,11981.3009
8342,942.1922,666.4113,10361.5415,11970.145
9869,948.9242,749.9261,10268.6625,11967.5128
5034,1061.0117,902.9072,10001.5233,11965.4422
8884,829.1033,588.1599,10546.6005,11963.8637
8622,561.9557,367.7067,11033.1544,11962.8168
5233,1055.357,897.8429,10004.8157,11958.0156
9249,726.7383,582.9311,10647.3785,11957.0479
6847,1242.9174,1443.9203,9266.8083,11953.646
7383,949.0839,708.7858,10295.6765,11953.5462
5134,1057.4706,897.2316,9987.5811,11942.2833
8899,856.1533999999999,564.0189,10510.2342,11930.406500000001
8900,856.1533999999999,564.0189,10510.2342,11930.406500000001
7771,921.6555,866.2509,10141.9616,11929.868
5127,994.9655,826.3371,10105.5475,11926.8501
8898,857.3566,564.0436,10504.2808,11925.681
6284,833.0016999999999,659.4882,10432.8135,11925.3034
3431,836.1286,689.5221,10396.7316,11922.3823
5637,1336.2292,978.6789,9606.830399999999,11921.7385
8050,967.477,764.6263,10184.5085,11916.6118
3255,1295.0984,895.703,9720.9261,11911.727499999999
6595,722.5316,561.9148,10625.315,11909.7614
3662,984.8845,638.7415,10282.6797,11906.3057
4880,747.3468,594.8861,10560.8955,11903.1284
9582,1027.2094,797.592,10074.6466,11899.448
8155,834.3224,749.3058,10298.4108,11882.039
4044,1080.4641,730.0171,10067.3785,11877.8597
8799,850.6525,560.84,10458.4785,11869.971
7672,1159.5433,1139.9114,9567.579,11867.0337
9761,734.8147,552.9044,10565.929399999999,11853.6485
6398,752.0801,588.5022,10507.4912,11848.0735
4327,923.8507,946.7674,9970.7413,11841.359400000001
5879,539.3172,489.5725,10811.274,11840.1637
4535,1074.4723,800.0758,9959.8861,11834.4342
8563,1267.3201,1157.4351,9408.6008,11833.356
6748,1320.6413,1541.4086,8970.1869,11832.2368
6587,815.4199,601.8991,10413.6885,11831.0075
7182,652.0227,641.1904000000001,10531.7037,11824.916799999999
5078,781.6576,569.2668,10472.4405,11823.3649
8785,808.572,612.3935,10401.6327,11822.5982
9790,416.0457,426.7947,10972.4869,11815.327299999999
8786,779.4684,591.126,10431.077,11801.6714
7815,769.8117,541.8183,10484.5986,11796.2286
4635,882.891,834.7468,10075.1193,11792.7571
6750,782.9425,667.2769,10339.9867,11790.2061
8688,1024.2433,610.8166,10151.0008,11786.0607
8787,974.5009,600.2374,10206.6103,11781.3486
7951,956.8757,764.5135,10058.6992,11780.0884
8788,1021.0857,627.178,10125.645,11773.9087
9089,962.4924,623.8819,10186.1694,11772.5437
3423,989.4277999999999,1181.0351,9599.7498,11770.2127
9357,795.6028,659.6443,10303.6637,11758.9108
7493,707.649,567.0055,10483.1793,11757.8338
7426,1822.1186,812.2728,9119.9195,11754.3109
7477,887.7205,795.5383,10069.1583,11752.4171
8589,888.5223,758.1365,10105.6962,11752.355
5279,563.0172,488.13419999999996,10699.8347,11750.9861
8502,1357.6361,1290.4941000000001,9098.6873,11746.8175
7714,659.5323,522.6647,10550.0996,11732.2966
6384,847.4261,660.4205000000001,10206.645,11714.4916
6554,1325.2755,1038.8613,9345.1093,11709.2461
8520,489.2836,333.4092,10869.967,11692.6598
7458,768.134,688.9812,10232.619499999999,11689.734699999999
7558,766.0582,690.8202,10230.4678,11687.3462
8068,872.4278,866.7406,9932.0784,11671.246799999999
9051,799.5856,667.2,10201.0613,11667.8469
9362,1154.8564000000001,707.0732,9801.6527,11663.5823
7324,926.5477,884.1388,9849.5707,11660.2572
7483,1028.3704,698.897,9932.8367,11660.1041
3422,972.2827,1156.1271,9531.0801,11659.489899999999
4935,939.4143,935.7649,9779.7889,11654.9681
3725,964.303,924.8729,9763.6502,11652.8261
8167,890.0902,891.0413,9866.844799999999,11647.9763
7126,767.3131,602.9354000000001,10275.919,11646.167500000001
7026,767.3131,602.9354000000001,10275.919,11646.167500000001
9096,839.4658000000001,555.1510999999999,10243.7756,11638.3925
8311,1051.1548,851.5354,9734.3996,11637.0898
3639,721.9117,551.5121,10363.1447,11636.5685
7484,1027.112,697.6703,9910.253,11635.0353
9097,838.9055,553.6542999999999,10224.9371,11617.4969
3137,805.9061,555.6041,10252.0618,11613.572
9190,682.4007,383.0016,10548.0738,11613.4761
3572,847.4621999999999,707.7558,10055.6458,11610.863800000001
1652,912.2153999999999,637.3041000000001,10060.8713,11610.390800000001
7524,284.386,351.61379999999997,10971.7096,11607.7094
9951,758.5636,660.0239,10188.7824,11607.3699
9950,758.3627,659.9575,10188.5824,11606.9026
9949,757.9825,659.8311,10188.2038,11606.0174
9358,771.4546,650.4796,10182.93,11604.8642
9458,771.4546,650.4796,10182.93,11604.8642
9558,771.4546,650.4796,10182.93,11604.8642
9457,771.0832,650.371,10182.7922,11604.2464
9851,757.1677,659.5613000000001,10187.393,11604.122
9557,770.7385,650.2705000000001,10182.6644,11603.6734
3463,785.2676,543.9449,10273.8435,11603.056
4042,963.7139,879.5217,9758.2841,11601.5197
148,536.1951,391.6297,10668.1666,11595.991399999999
8145,1511.9542,593.3335999999999,9486.9645,11592.2523
7583,1057.9891,727.2159,9805.0853,11590.2903
9695,702.2418,567.8257,10317.2097,11587.2772
9596,702.2418,567.8257,10317.2097,11587.2772
9595,702.2418,567.8257,10317.2097,11587.2772
9696,702.1567,567.7346,10315.4395,11585.3308
9670,1029.3559,827.3982,9727.4043,11584.1584
9365,1409.3362,1015.3733,9157.7652,11582.4747
4337,2858.2884999999997,598.5545000000001,8125.6215999999995,11582.4646
7679,1082.6978,869.1534,9629.368,11581.2192
9056,881.0081,682.6458,10014.719000000001,11578.3729
8067,835.5575,825.8786,9915.4655,11576.901600000001
7042,816.9313,893.5937,9859.1268,11569.6518
8997,838.4127,549.9361,10177.3177,11565.6665
4381,1130.5212,818.8708,9615.6527,11565.0447
9850,756.4908,658.7079,10146.054399999999,11561.2531
7276,1037.0524,921.4208,9599.3093,11557.782500000001
8553,624.8681,615.6043,10311.2623,11551.7347
7932,350.0528,295.5634,10899.1722,11544.7884
9659,666.1368,522.1475,10350.0445,11538.3288
9776,608.1831,590.1669,10324.7291,11523.079099999999
3627,1036.6449,986.1349,9488.2082,11510.988
6950,936.2506,808.8587,9761.1208,11506.2301
8556,777.1165,641.7298,10085.6121,11504.4584
8079,858.9744,761.7633999999999,9882.0191,11502.7569
4074,1542.3526,732.586,9225.9452,11500.8838
9750,750.6395,644.7017,10101.294,11496.6352
7787,1887.8298,632.8954,8971.575,11492.3002
4133,602.1084000000001,550.4517,10331.738,11484.2981
9372,1353.2769,1183.2176,8943.8971,11480.3916
9197,825.8461,541.2126,10113.1844,11480.2431
7186,724.7141,692.3604,10052.2989,11469.3734
3738,1008.8592,865.3937,9589.8915,11464.144400000001
4938,832.7639,771.4706,9859.353,11463.5875
8242,858.7299,658.1876,9944.9004,11461.8179
3467,778.4144,586.5456,10096.1022,11461.0622
8243,862.1126,650.7488,9948.039,11460.9004
3322,921.7571,1059.5474,9477.2686,11458.5731
8343,886.4581000000001,652.5301,9917.8757,11456.8639
8876,1147.8391,882.3308,9426.4966,11456.6665
8244,889.1471,589.9401,9973.3295,11452.4167
8144,891.1889,583.587,9975.778,11450.5539
955,715.9339,527.6017,10205.3426,11448.878200000001
8074,623.4228,894.4645,9927.1316,11445.0189
3552,935.0551,906.9557,9593.0326,11435.0434
7380,1029.1173,856.3293,9543.3238,11428.770400000001
9980,711.4286,499.713,10216.1779,11427.3195
7931,352.4468,295.9993,10778.096,11426.5421
3937,779.1246,662.5255,9978.8716,11420.521700000001
1552,876.8119,631.109,9909.9444,11417.8653
4175,1466.8004999999998,648.0002000000001,9288.549,11403.3497
3628,1153.1024,911.5326,9337.2473,11401.8823
8033,804.1864,652.7801,9942.7092,11399.6757
8168,793.0236,754.1211,9851.999,11399.1437
5126,959.9902,829.6004,9602.1982,11391.7888
4336,2837.2988,580.194,7972.8196,11390.3124
8588,925.2481,604.0269,9860.5173,11389.792300000001
2485,992.4304000000001,807.0388,9588.7135,11388.182700000001
3944,1078.6993,680.326,9622.3869,11381.4122
3974,1313.3323,654.5443,9399.0701,11366.9467
4376,1554.5726,778.4675,9030.5266,11363.5667
6484,909.0332,667.2664,9783.9607,11360.2603
3975,1454.7129,635.1409,9268.9252,11358.779
8789,884.3317,680.3646,9790.2968,11354.9931
4037,741.1777,626.6418,9986.4081,11354.2276
8591,828.7691,655.9322,9868.6641,11353.3654
8753,774.6246,672.4507,9903.768,11350.8433
2585,988.1098,806.8165,9551.8824,11346.8087
2586,978.7817,803.0903,9556.2123,11338.0843
6466,2096.8275,1641.8761,7593.1894,11331.893
9875,666.7023,702.4775,9959.076,11328.255799999999
4876,969.1581,798.5634,9560.1407,11327.8622
7285,667.9522,581.2473,10076.0207,11325.2202
7353,621.456,847.055,9852.2708,11320.7818
9697,682.9329,508.6807,10120.448400000001,11312.062
5526,965.4585000000001,759.558,9586.574700000001,11311.5912
9478,633.1776,630.4555,10042.5462,11306.1793
8453,610.7939,603.2594,10086.1031,11300.1564
7814,1126.9705,514.7293,9656.4663,11298.1661
8382,861.4616,743.7568,9687.4959,11292.7143
7127,752.0566,591.2678,9944.0558,11287.3802
9753,642.0898,485.0734,10157.371799999999,11284.535
6584,906.28,664.1986,9711.5182,11281.9968
4937,637.0433,623.7171,10018.7035,11279.4639
8253,881.7568,812.1954000000001,9572.7254,11266.6776
9570,1474.9403,1319.6028000000001,8465.9254,11260.4685
8655,823.849,694.3846,9737.3082,11255.541799999999
4936,636.5442,623.2273,9990.6757,11250.4472
4429,1012.8302,1097.8828,9138.9171,11249.6301
7786,1924.6224,683.7816,8640.0192,11248.4232
1055,713.706,519.7398,10012.7246,11246.170399999999
7980,1050.8893,746.958,9447.7477,11245.595000000001
5333,986.7239999999999,813.4182999999999,9444.5292,11244.6715
9471,1378.3788,1195.4613,8668.6569,11242.497
8112,798.7544,718.9039,9724.765,11242.4233
9300,900.2985,517.0267,9822.2371,11239.5623
6780,551.1406,523.9978,10160.9795,11236.1179
3427,931.7968000000001,1064.8938,9237.1618,11233.8524
7744,1088.5645,1062.7581,9078.5474,11229.869999999999
4931,668.6209,623.8404,9932.6515,11225.112799999999
9657,736.0968,620.5489,9863.5474,11220.1931
2832,913.1922,600.2014,9698.6024,11211.996
9970,881.973,750.6813000000001,9577.7317,11210.386
7847,762.8308999999999,856.7239,9589.1911,11208.7459
953,595.8865,653.2681,9957.1008,11206.2554
8689,818.5614,680.7804,9701.3076,11200.6494
4772,522.1209,813.6357,9864.5049,11200.2615
2486,953.6133,777.3638000000001,9468.6847,11199.6618
5278,469.30310000000003,445.4398,10284.2704,11199.0133
8692,729.8685,573.7336,9895.2551,11198.8572
5479,684.8596,521.4534,9989.7668,11196.0798
850,841.5908,857.2494,9496.9514,11195.7916
2554,879.4317000000001,818.8,9491.3099,11189.5416
5648,1056.6531,639.9238,9490.3181,11186.895
9889,353.47220000000004,389.56510000000003,10443.3683,11186.4056
3323,942.4009,1127.9894,9114.7317,11185.122
9474,860.8081999999999,703.7848,9615.1752,11179.7682
3877,917.9863,549.8541,9703.0493,11170.8897
3458,3052.2218000000003,686.1605,7429.1337,11167.516
8457,776.7014,660.3620999999999,9726.632099999999,11163.6956
8887,925.9035,641.5065,9594.7089,11162.1189
8352,817.1517,752.7292,9582.4063,11152.2872
8992,783.4837,576.1666,9792.4251,11152.0754
3018,788.0796,519.4485,9843.3937,11150.9218
5180,588.5483,467.4299,10089.324700000001,11145.3029
4338,1383.6227000000001,920.1027,8830.6193,11134.3447
8521,475.8818,338.7383,10314.9875,11129.6076
8410,1257.6676,922.6951,8933.5054,11113.8681
8611,1257.8058,923.6587,8931.4932,11112.957699999999
8510,1257.7316,922.6888,8929.1476,11109.568
2734,688.3613,474.56329999999997,9943.2666,11106.191200000001
3331,859.6578,642.9464,9601.2816,11103.8858
9890,344.6358,384.0855,10370.5409,11099.2622
8314,849.2521,711.8106,9536.5809,11097.6436
8211,991.2860000000001,824.2821,9277.7716,11093.3397
7741,935.997,837.8111,9310.3798,11084.187899999999
6185,776.208,592.3518,9709.3139,11077.8737
4033,600.5933,583.1523,9893.3336,11077.0792
5625,905.3282,687.6615,9477.1705,11070.1602
3661,2218.6835,529.634,8317.3514,11065.6689
4633,798.2949,886.8354,9380.3096,11065.4399
9658,653.3231,544.7786,9860.6625,11058.764200000001
8064,787.4165,498.1554,9773.0229,11058.5948
9465,2229.9879,886.9006999999999,7937.8495,11054.7381
7582,1113.6873,756.8419,9181.921,11052.450200000001
8970,951.1949,1009.3208,9091.8908,11052.4065
3523,878.7356,1071.836,9101.0463,11051.6179
8990,742.5054,582.4733,9716.548,11041.5267
1653,930.8954,648.0881,9461.3329,11040.3164
8511,1236.0888,920.9794,8882.9184,11039.9866
5079,770.4207,567.797,9700.8208,11039.0385
6785,869.5154,721.3894,9441.6991,11032.6039
4032,795.1427,735.8910999999999,9496.6703,11027.7041
7393,623.1985,492.7324,9911.3878,11027.3187
9691,381.1901,375.6531,10265.5236,11022.3668
7971,863.3217999999999,795.0766,9359.6824,11018.0808
5226,916.7374,780.6254,9320.213300000001,11017.5761
5780,442.1049,382.2587,10189.2778,11013.6414
4634,794.4897,873.4231,9338.7832,11006.696
3770,1089.9191,1063.0233,8838.6956,10991.637999999999
8492,943.5831000000001,791.2789,9245.1116,10979.9736
9253,747.6687,512.6354,9719.5869,10979.891
9682,979.5328,742.5506,9249.7267,10971.8101
9463,1192.5347,680.0005,9098.208200000001,10970.7434
7523,338.4058,423.8936,10189.7086,10952.008
6286,791.8059000000001,604.8034,9547.5919,10944.2012
8890,721.0098,574.2346,9630.3724,10925.6168
8790,707.7178,580.7232,9632.2145,10920.655499999999
7681,1073.5015,760.2778,9074.7204,10908.4997
7682,982.9973,716.3053,9205.8108,10905.1134
8143,848.5112,591.087,9460.7287,10900.3269
4732,814.1863999999999,811.3257,9264.1857,10889.6978
8087,1210.3872000000001,885.3814,8786.6088,10882.3774
4534,795.8902,846.2958,9232.9024,10875.0884
6767,1062.6002,848.9516,8962.4001,10873.9519
4437,1455.9162000000001,676.2195,8740.8233,10872.959
1956,761.9773,677.5657,9432.0787,10871.6217
1854,897.5569,714.4256,9256.5759,10868.5584
9472,1214.9026,1052.5076999999999,8596.7515,10864.1618
4864,1066.7678,1202.9975,8592.9076,10862.6729
8996,786.8586,535.4059,9540.0937,10862.3582
3286,827.7975,493.1603,9539.1121,10860.0699
3237,740.7759,519.1767,9599.0736,10859.0262
9482,918.6685,714.0984,9221.6552,10854.4221
8212,951.6322,788.2254,9105.1888,10845.0464
8514,670.0575,515.9809,9656.1503,10842.1887
6994,656.9072,506.75100000000003,9672.308,10835.9662
7225,869.3721,643.3729,9316.9164,10829.661399999999
4031,936.5286,855.1208,9036.6173,10828.2667
9656,689.0794,578.1753,9558.9192,10826.1739
8049,1300.0388,671.0946,8851.2133,10822.3467
9969,855.9304,755.1031,9205.3289,10816.3624
4330,797.0286,736.3506,9274.8455,10808.2247
8986,881.9845,741.8719,9180.0399,10803.8963
3380,583.8662,573.4898000000001,9644.3279,10801.6839
3480,583.3603,573.1392,9643.7345,10800.234
3481,583.2051,573.0923,9643.7247,10800.0221
1685,515.8565,452.3457,9830.3737,10798.5759
3581,579.3797999999999,571.8711,9641.5438,10792.7947
7051,807.5936,934.9223,9049.9689,10792.4848
9053,649.1718999999999,539.9359000000001,9597.6713,10786.7791
7772,914.6473,944.8127,8927.1879,10786.6479
9153,645.7682,537.936,9601.2651,10784.9693
5179,593.9250000000001,495.6156,9693.7947,10783.3353
8245,1253.4008999999999,565.9552,8963.821,10783.1771
7546,1152.3116,1177.0088,8449.571,10778.8914
3326,988.2218,978.8377,8802.2214,10769.2809
3451,854.616,841.4285,9073.2089,10769.2534
4632,719.4244,766.9475,9275.4799,10761.8518
3547,877.6264,814.1024,9068.9833,10760.7121
3669,1097.7653,1117.492,8544.3484,10759.6057
8081,952.8353999999999,726.9150999999999,9077.1457,10756.8962
8178,819.7277,724.022,9207.3205,10751.0702
2345,534.0378,551.8273,9659.1982,10745.0633
9255,875.4316,624.2129,9242.8458,10742.4903
3230,964.3737,712.8187,9050.7863,10727.9787
7813,1134.4025,502.8251,9081.9871,10719.2147
9952,635.7418,543.5917000000001,9526.8678,10706.2013
9276,862.001,741.8678,9101.4037,10705.2725
7678,923.7877000000001,813.6006,8960.5989,10697.9872
8353,760.1267,704.8573,9232.4093,10697.3933
5636,1217.7943,860.9425,8611.0424,10689.7792
9259,811.0723,676.3705,9195.0945,10682.5373
8487,733.9982,646.706,9293.0971,10673.801300000001
4273,568.8491,477.9798,9626.5076,10673.3365
6583,825.3811000000001,618.3592,9223.1804,10666.9207
8800,762.386,505.94669999999996,9396.1237,10664.4564
5816,594.4752,501.6737,9564.9459,10661.0948
8653,562.9159999999999,563.0724,9534.5641,10660.5525
6850,988.6987,834.2262,8827.6176,10650.5425
2834,625.8282,472.5245,9548.4133,10646.766
4036,715.8319,564.3189,9361.4566,10641.6074
7680,982.8052,704.3815999999999,8951.4303,10638.6171
7974,575.5237999999999,703.4714,9356.7659,10635.7611
7885,1932.9467,938.6853,7759.3994999999995,10631.0315
6298,614.3783,483.6999,9526.012700000001,10624.090900000001
3580,605.9914,567.8663,9450.1701,10624.0278
2555,839.304,768.8629,9012.4062,10620.5731
7893,782.0444,612.5439,9224.7088,10619.2971
8877,1125.9003,859.7684,8633.5765,10619.2452
7027,718.811,568.7921,9330.593,10618.1961
7307,4552.9141,397.776,5666.4306,10617.1207
1585,516.0229,450.1164,9648.6011,10614.7404
8113,799.5082,673.6766,9134.3299,10607.5147
5580,587.6984,459.0223,9557.9362,10604.6569
8044,851.2354,561.3406,9184.7714,10597.3474
7841,895.0832,807.6004,8892.6443,10595.3279
5276,762.9616,637.1683,9192.2873,10592.4172
8443,720.5325,487.0652,9370.9145,10578.512200000001
3670,1072.0382,1063.5415,8435.6383,10571.217999999999
8888,914.785,652.499,8995.733,10563.017
9852,620.9970000000001,537.1164,9403.0294,10561.1428
4131,918.4398,840.7077,8799.59,10558.7375
8315,760.7613,551.6825,9244.5111,10556.9549
7871,767.4064,657.9593,9129.6191,10554.9848
8618,433.53679999999997,279.5947,9838.590400000001,10551.7219
6684,802.6166,610.4082999999999,9122.2818,10535.3067
5465,1498.7609,1623.8527,7411.9309,10534.5445
5679,657.3575,496.5564,9379.6278,10533.5417
8981,581.0013,527.9914,9423.294,10532.2867
8310,1005.7151,802.4295999999999,8718.5341,10526.6788
1683,419.9491,404.6807,9700.3916,10525.0214
8690,691.5541,588.4694,9232.2168,10512.2403
5474,1373.8586,1757.3887,7378.6991,10509.9464
4932,783.8376,695.2001,9030.0881,10509.1258
3153,830.1241,607.3477,9069.9776,10507.4494
8998,859.7556,525.5765,9118.0763,10503.4084
9948,690.519,633.1315,9176.9224,10500.5729
7638,905.1952,938.399,8654.0894,10497.6836
8936,648.6723,437.8144,9410.9664,10497.4531
9756,551.3296,452.6317,9491.7682,10495.7295
7743,875.7282,763.8704,8854.8157,10494.4143
8555,739.7348,636.9989,9115.132,10491.8657
4832,753.2803,738.5243,8997.2544,10489.059
6478,743.488,595.5173,9143.8792,10482.8845
5626,756.73,511.7352,9206.9306,10475.3958
7742,874.5936,761.9684,8835.1615,10471.7235
4533,770.1650999999999,861.8922,8833.2585,10465.3158
6649,1026.2177,1208.9746,8223.4518,10458.644100000001
8034,844.9927,681.9828,8929.449,10456.4245
6779,507.8831,459.8576,9485.508,10453.2487
3570,1072.4591,1076.1655,8304.4943,10453.1189
8950,669.5891,604.7182,9178.757,10453.0643
3256,1130.8781,830.9667,8489.5905,10451.4353
5281,516.4829,392.1787,9538.7171,10447.3787
7660,980.9105999999999,845.6080000000001,8616.0075,10442.526100000001
9154,698.463,547.6735,9191.7361,10437.8726
9299,860.4845,494.4594,9072.1883,10427.1322
6388,668.2725,511.5688,9244.0769,10423.9182
4580,1418.4184,805.5942,8192.6684,10416.681
8654,636.0772,593.3462999999999,9186.4807,10415.9042
3833,818.2855,684.4957,8908.7542,10411.5354
3623,809.0772,979.8645,8600.2058,10389.1475
3367,849.7304,676.2291,8863.0124,10388.9719
4665,1333.833,750.2958,8304.6104,10388.7392
2089,626.5673,473.8374,9285.8654,10386.2701
2190,626.5673,473.8374,9285.8654,10386.2701
2438,578.2359,501.437,9302.7302,10382.4031
6995,604.5599,470.6632,9304.039499999999,10379.2626
956,660.1021,501.3202,9217.3141,10378.7364
7933,488.2503,403.5632,9483.7051,10375.5186
751,479.1854,418.1459,9478.1844,10375.5157
865,659.3506,584.8587,9128.7717,10372.981
8166,758.775,653.9147,8956.0715,10368.761199999999
9654,741.6047,480.1069,9142.0453,10363.7569
6596,627.6237,484.1918,9251.525,10363.3405
2290,624.9048,472.9388,9260.4894,10358.333
866,645.6487999999999,562.1084999999999,9141.7194,10349.4767
1753,943.9971,603.9803,8796.5703,10344.5477
3220,709.8,647.7899,8986.665,10344.2549
8032,425.37149999999997,374.5356,9539.1959,10339.103
9495,638.5871999999999,508.543,9189.7014,10336.8316
5225,939.3921,823.0518000000001,8568.1374,10330.5813
4038,676.5352,495.9781,9155.7316,10328.2449
1752,914.7216,591.3981,8819.0121,10325.1318
5130,672.5694,597.8357,9052.4707,10322.8758
4045,1008.3446,625.0332,8682.9728,10316.3506
4046,1008.3446,625.0332,8682.9728,10316.3506
7822,899.0613,1131.7391,8281.2434,10312.043800000001
4477,1330.7668,756.3287,8215.7971,10302.892600000001
9018,534.0359,365.9781,9402.387,10302.401
8612,1069.8251,845.5965,8386.5786,10302.0002
4529,794.2,890.5622999999999,8613.8132,10298.5755
3232,781.8448,582.3152,8932.1949,10296.3549
7482,1036.5955,681.9408,8576.513,10295.0493
5135,894.202,783.9672,8613.4085,10291.5777
7842,863.9004,753.165,8674.1303,10291.1957
9000,854.7017999999999,520.4718,8915.5574,10290.731
8989,840.6831999999999,644.0043000000001,8801.3748,10286.062300000001
9849,699.9026,622.8125,8963.0988,10285.8139
8541,642.057,449.888,9190.748,10282.693
8419,428.9785,322.6262,9526.7855,10278.3902
9290,602.5224000000001,342.909,9330.8854,10276.3168
9990,410.80510000000004,393.6562,9471.2321,10275.6934
8513,1020.4812000000001,810.3945,8443.0108,10273.8865
9591,388.1308,364.9141,9518.559,10271.6039
5473,1596.4668,1879.6524,6791.4576,10267.5768
2189,619.6574,469.19960000000003,9178.3789,10267.2359
2584,877.6083,726.0844,8658.1067,10261.7994
9799,614.1929,392.8402,9253.2993,10260.3324
9590,394.8609,362.84139999999996,9502.4926,10260.1949
5035,840.8605,742.5494,8675.6392,10259.0491
9456,726.1681,597.2905000000001,8930.5059,10253.9645
7693,1211.2755,1047.6693,7990.7912,10249.736
8469,696.489,619.6529,8933.0885,10249.2304
6479,737.6253,589.5459000000001,8917.941,10245.1122
5128,970.9673,859.9461,8407.0044,10237.9178
4776,718.2756,536.4646,8983.0265,10237.7667
3381,573.5864,538.7669999999999,9115.411900000001,10227.765300000001
3231,865.8525999999999,637.9284,8718.8655,10222.6465
2090,698.9534,499.3422,9023.955,10222.250600000001
5579,688.5289,507.7333,9024.268399999999,10220.5306
4730,627.3669,582.4858,9010.1715,10220.0242
7238,590.2612,529.7824,9099.1025,10219.1461
9871,756.9533,622.6479,8838.4188,10218.02
2437,571.0878,495.59139999999996,9142.4916,10209.1708
9054,689.4933,542.4735,8975.849400000001,10207.8162
9671,821.3456,716.2664,8667.4748,10205.0868
8111,735.0106000000001,656.279,8811.3216,10202.6112
3426,844.2586,924.9915,8433.0674,10202.317500000001
8512,1049.1185,833.7455,8319.1797,10202.0437
8515,444.9658,334.9171,9420.9103,10200.7932
2391,623.8356,473.9473,9098.5054,10196.2883
8793,719.7696,546.5702,8928.0077,10194.3475
9200,884.1288999999999,521.4689999999999,8785.216,10190.8139
9464,1767.2857000000001,761.6623,7655.0203,10183.9683
8251,780.8036,722.3955,8680.5689,10183.768
9399,773.8325,435.9194,8971.5474,10181.2993
8889,842.2316000000001,617.5019,8720.0336,10179.767100000001
2291,613.7618,463.21049999999997,9076.5879,10153.5602
3528,1104.1023,844.0702,8205.1524,10153.3249
3455,724.4621999999999,526.7036,8898.9874,10150.1532
8637,1255.6576,585.9161,8306.5803,10148.154
1553,766.1426,633.8409,8746.506300000001,10146.4898
1583,395.5276,386.47429999999997,9363.3408,10145.342700000001
7581,1098.919,743.2619000000001,8303.1589,10145.3398
7780,953.4875,659.4965,8531.079600000001,10144.0636
8554,531.6211,535.9657,9073.8863,10141.4731
6784,746.7155,600.1698,8788.4616,10135.3469
9356,782.0126,602.3641,8740.1172,10124.4939
3134,800.2079,580.2816,8742.756,10123.245499999999
3222,632.6504,664.423,8819.2925,10116.365899999999
4974,669.1143,754.9444,8691.1003,10115.159
7577,798.577,757.5874,8556.7667,10112.9311
8999,849.2502,515.0424,8746.66,10110.9526
7183,595.4757,556.5708,8957.3684,10109.4149
9700,621.5934,386.3055,9100.1027,10108.0016
8293,732.0649999999999,562.4891,8812.6334,10107.1875
3571,1038.9637,1027.5806,8039.1786999999995,10105.723
9954,533.7583,441.1348,9128.4268,10103.3199
9955,533.7583,441.1348,9128.4268,10103.3199
9953,533.7583,441.1348,9128.4268,10103.3199
9853,533.7583,441.1348,9128.4268,10103.3199
9755,533.7583,441.1348,9128.4268,10103.3199
9854,533.7583,441.1348,9128.4268,10103.3199
7025,705.6518,544.6288,8852.3489,10102.629500000001
8897,716.9454999999999,494.56059999999997,8890.3089,10101.815
7382,747.2591,647.6858,8706.6946,10101.6395
7940,848.8344,809.1084,8441.939,10099.881800000001
3777,721.2275999999999,540.874,8837.7068,10099.8084
9855,532.7146,440.6958,9126.2361,10099.646499999999
8010,732.4553,619.3172999999999,8747.8674,10099.64
3931,920.3403,823.3163,8350.1388,10093.7954
8031,341.9268,293.2222,9455.3288,10090.4778
4980,682.4413,503.5808,8900.9869,10087.009
9189,628.8353,358.3569,9099.3757,10086.5679
6766,986.4705,764.6806,8333.9241,10085.0752
8133,756.182,630.7569,8697.101,10084.0399
5181,519.2702,408.7467,9153.1993,10081.2162
2935,689.7405,631.0108,8760.1413,10080.8926
8934,1112.4101,755.6395,8206.0995,10074.1491
2933,822.225,557.217,8694.5388,10073.9808
9678,543.8307,372.8239,9156.434,10073.0886
8083,669.0569,583.681,8820.1497,10072.8876
1657,792.6707,794.2236,8466.2356,10053.1299
853,482.8204,540.2153,9027.733,10050.7687
9760,474.41450000000003,397.8205,9172.4616,10044.6966
2755,889.9251,618.1562,8536.614300000001,10044.695600000001
8954,797.6622,663.7621,8581.3341,10042.7584
9775,607.6497,626.5452,8806.864,10041.0589
3932,799.2632,709.3670999999999,8530.8778,10039.5081
2587,778.2622,650.7755,8610.0592,10039.0969
9857,480.984,403.2529,9154.1558,10038.3927
5319,485.5716,363.5441,9188.0164,10037.1321
2385,924.4039,753.5204,8353.2445,10031.1688
8754,873.5697,721.6633,8431.1004,10026.3334
3154,946.6205,700.1858,8371.8171,10018.6234
346,490.5525,360.0763,9167.9938,10018.6226
7050,657.4837,757.4313,8602.792800000001,10017.7078
5125,940.1534,836.3349,8240.6163,10017.104599999999
6296,617.9113,449.9704,8948.7883,10016.67
9759,472.0383,396.62149999999997,9146.8647,10015.5245
9860,472.0383,396.62149999999997,9146.8647,10015.5245
9859,472.0383,396.62149999999997,9146.8647,10015.5245
9858,472.0383,396.62149999999997,9146.8647,10015.5245
9961,472.0383,396.62149999999997,9146.8647,10015.5245
9861,472.0383,396.62149999999997,9146.8647,10015.5245
9758,471.9792,396.599,9146.8149,10015.3931
9198,837.4583,507.9545,8669.0357,10014.4485
7185,587.4544,522.0423,8904.8305,10014.3272
9960,472.02470000000005,396.6147,9144.9922,10013.6316
9599,629.4523,382.3968,8999.6619,10011.511
8035,734.0733,604.9009,8672.4131,10011.3873
7038,795.212,830.1052999999999,8385.2386,10010.5559
7880,939.0719,646.056,8419.703,10004.8309
7713,582.5204,462.5603,8948.1517,9993.2324
6143,635.7566,578.5581999999999,8776.509,9990.8238
9556,705.1101,592.9149,8690.6364,9988.6614
4891,1951.6854,792.5249,7244.1638,9988.3741
5525,848.5131,679.3435000000001,8449.588600000001,9977.4452
5320,510.603,364.8003,9095.1801,9970.5834
3936,699.4002,566.9741,8703.380500000001,9969.7548
6179,503.46229999999997,382.9575,9073.6803,9960.1001
3629,1060.3115,799.0014,8092.459699999999,9951.7726
8411,1025.8843,817.7094999999999,8104.8081,9948.4019
8569,644.9447,565.1263,8737.1014,9947.1724
9689,431.9133,411.5322,9099.7904,9943.2359
8341,863.4932,558.9946,8519.438,9941.925799999999
7835,718.4991,598.4292,8623.7598,9940.6881
7843,841.8704,738.0346,8357.0075,9936.9125
2934,676.3783,588.1485,8671.542,9936.0688
3121,608.1134000000001,536.9197,8785.2896,9930.3227
7935,711.366,589.5685,8626.4692,9927.4037
6186,735.7008,549.9028,8641.6768,9927.2804
8613,980.4118,778.2923,8167.9663,9926.6704
6287,739.9562,554.2899,8627.7062,9921.9523
3330,860.9288,638.0462,8420.6152,9919.5902
1351,1006.8346,904.8505,8004.2434,9915.9285
6749,1014.3296,1135.1504,7765.227800000001,9914.7078
7934,728.1600999999999,601.6688,8581.1577,9910.9866
3832,940.563,838.0792,8126.0407,9904.6829
8036,720.0538,592.0336,8591.7947,9903.8821
7939,843.8131,816.6462,8240.2486,9900.7079
954,519.7607,542.1682,8834.8872,9896.8161
9481,720.1259,551.0338,8624.455,9895.6147
3529,1095.1411,834.9652,7960.9724,9891.0787
3470,957.1848,938.2687,7994.322700000001,9889.7762
4481,1228.7826,707.2903,7953.1478,9889.2207
6184,596.6917,483.5489,8799.1302,9879.3708
8134,864.8449,688.058,8323.8701,9876.773
7781,936.5407,668.9522000000001,8269.7711,9875.264
3680,710.9117,543.2936,8620.6662,9874.871500000001
8933,1086.9524,722.6337,8061.8588,9871.4449
950,822.8211,839.3875,8202.0928,9864.3014
7779,884.7482,658.5699,8316.1313,9859.4494
3579,680.1536,539.7509,8637.9531,9857.8576
1554,693.7098,711.0876,8444.1881,9848.9855
5419,479.62190000000004,360.8021,9006.8968,9847.3208
5478,580.4423,473.6979,8792.6918,9846.832
1260,583.9472000000001,543.5883,8717.997,9845.5325
8409,1081.2131,801.6222,7959.8018,9842.6371
8509,1081.2131,801.6222,7959.8018,9842.6371
3569,1008.9259,1025.8259,7807.8035,9842.5553
3120,577.0424,479.3609,8785.307,9841.710299999999
7936,714.821,594.6298,8529.6364,9839.0872
7047,790.5316,737.6768,8309.109,9837.3174
6187,731.4756,546.432,8559.3147,9837.2223
4225,789.6412,659.753,8378.7536,9828.1478
9199,864.9738,509.4405,8451.2067,9825.621
9795,617.6615,496.9484,8705.0093,9819.6192
3486,752.5406,518.803,8546.109699999999,9817.4533
2244,438.5582,515.7633,8859.6174,9813.9389
9754,526.7126,434.22450000000003,8850.0037,9810.9408
4672,1098.4519,1756.5699,6955.6779,9810.6997
3778,718.0735,543.1502,8531.6834,9792.9071
3679,718.0735,543.1502,8531.6834,9792.9071
3678,718.0735,543.1502,8531.6834,9792.9071
3780,718.0735,543.1502,8531.6834,9792.9071
3779,718.0735,543.1502,8531.6834,9792.9071
7789,793.793,597.8934,8400.028699999999,9791.7151
9098,844.422,504.1209,8438.8299,9787.372800000001
9959,470.2356,395.5921,8905.807999999999,9771.635699999999
8358,903.2476,856.9504999999999,8008.5764,9768.7745
8312,943.8414,762.2408,8058.8791,9764.9613
3035,702.5862,509.0511,8547.7335,9759.3708
7846,690.9137,764.342,8297.393,9752.6487
9962,490.73019999999997,388.2632,8868.5322,9747.5256
766,622.3139,553.6366,8571.3085,9747.259
2045,467.7707,445.8908,8826.9319,9740.5934
8750,556.4627,497.1498,8682.1156,9735.7281
1452,614.8155,595.1882,8523.9179,9733.9216
2439,565.6396,493.3345,8673.9686,9732.9427
2653,723.1526,736.8076,8271.2139,9731.1741
7125,683.3356,526.5617,8520.5895,9730.4868
9856,510.9486,423.3768,8792.3637,9726.6891
8415,469.5188,328.0344,8924.9003,9722.4535
8542,607.0938,409.59069999999997,8705.1244,9721.8089
3466,708.2168,556.1793,8451.4644,9715.8605
9055,721.8047,580.4029,8413.3562,9715.5638
9757,488.1801,405.1522,8822.0212,9715.3535
9050,700.1841,605.3601,8407.2689,9712.8131
9254,730.1071,504.549,8476.481,9711.1371
8722,486.5794,322.1176,8901.4909,9710.1879
8840,805.5583,422.92560000000003,8472.0641,9700.548
1957,639.2574999999999,628.5506,8430.1114,9697.9195
8691,646.8994,500.4273,8549.885,9697.2117
8839,877.6525,452.8164,8363.0661,9693.535
7184,565.7087,452.1101,8671.7844,9689.6032
3221,606.7542,562.965,8519.672,9689.3912
9975,503.90439999999995,490.0499,8680.7844,9674.7387
5578,654.8615,539.9055999999999,8467.6096,9662.3767
8833,1047.5091,692.552,7920.7915,9660.8526
8195,685.7616,514.9477,8459.9536,9660.6629
8286,1063.2966000000001,859.6686,7733.6785,9656.6437
6477,644.8183,524.7004000000001,8480.559799999999,9650.0785
2538,566.2156,492.0269,8588.4791,9646.7216
2633,784.6847,528.1628000000001,8332.7535,9645.601
8351,674.5753,595.0463,8375.017100000001,9644.6387
8932,1049.6861,690.2156,7904.0248,9643.9265
750,520.7209,469.9251,8643.4499,9634.0959
8955,666.6233,600.8302,8358.1226,9625.5761
7950,742.4602,602.9968,8277.2012,9622.6582
3933,667.4627,569.6596999999999,8381.1418,9618.2642
3830,903.971,798.1809,7914.3373,9616.4892
4132,656.9592,614.0767,8343.7811,9614.817
1056,623.2669,482.519,8508.2167,9614.0026
4539,1016.4502,747.4282000000001,7839.615,9603.4934
6683,681.9451,536.4695,8384.7991,9603.2137
3022,639.9929,556.3933,8400.3916,9596.7778
1350,1081.2103,1024.5046,7490.0809,9595.7958
2147,590.0441,612.3842999999999,8393.104,9595.5324
8931,776.9259,517.9949,8285.5449,9580.4657
2239,406.4722,341.007,8822.3392,9569.8184
3562,2819.1218,381.0468,6369.4914,9569.66
9100,851.5101,500.9857,8216.4116,9568.9074
3831,884.8788999999999,776.2035,7906.639999999999,9567.7224
9353,750.2171999999999,467.5079,8349.6972,9567.4223
8830,548.4857,393.38100000000003,8624.853,9566.7197
8082,680.8722,571.9778,8307.8061,9560.6561
1853,936.4247,569.0872,8051.2271,9556.739
3284,824.1811,494.9296,8236.4363,9555.547
8602,1015.5183,847.7713,7691.8661999999995,9555.1558
3878,705.9065,542.6433,8302.107100000001,9550.6569
9099,850.5304,500.3707,8199.3352,9550.2363
9049,695.3208,601.0282,8253.3703,9549.7193
4831,599.8521,554.9004,8394.8019,9549.5544
3185,853.1007,512.5376,8183.003699999999,9548.642
2146,518.101,452.1752,8577.3025,9547.5787
8760,923.2645,823.6052,7800.684,9547.5537
5365,1262.6582,1921.0749,6353.6973,9537.4304
6394,562.1652,424.2886,8550.0963,9536.5501
8949,628.3379,570.976,8333.2263,9532.5402
5575,1001.1202999999999,1085.7145,7445.6921,9532.5269
3321,663.038,637.0847,8230.6888,9530.8115
9486,398.9815,352.4117,8778.3556,9529.7488
3320,662.9535999999999,636.7798,8229.4886,9529.222
8685,589.2225,487.469,8450.4305,9527.122
3676,519.8759,370.4661,8635.8419,9526.1839
3358,3642.4336,310.8239,5568.8264,9522.0839
9261,791.6787,631.4738,8096.3078000000005,9519.4603
8610,1035.3224,755.7604,7723.6175,9514.7003
3879,707.1389,544.7583,8260.4054,9512.302599999999
8777,1081.5305,837.8787,7588.5549,9507.9641
6217,556.5924,487.57980000000003,8461.7254,9505.8976
3325,890.6512,894.1475,7719.6129,9504.4116
8344,793.9417,527.62,8176.4447,9498.0064
5382,496.1,366.7055,8628.8162,9491.6217
9282,612.3452,519.3468,8359.7735,9491.4655
5576,865.2112,899.6777,7725.1447,9490.0336
4426,977.2746,890.4026,7621.8157,9489.4929
5777,833.6561,811.5434,7841.8251,9487.0246
2537,554.1729,479.4093,8450.4743,9484.0565
7224,759.0362,694.7211,8029.9803,9483.7376
9386,396.8548,350.5917,8731.466,9478.9125
9400,734.5718,413.2853,8330.3853,9478.2424
4731,596.6717,551.7117,8323.6633,9472.0467
6483,784.2085999999999,600.8112,8080.9794,9465.9992
5236,726.1398,688.9304,8049.4018,9464.472
2539,544.6203,475.9334,8439.3113,9459.865
3527,869.7416,985.0259,7604.6001,9459.3676
3021,564.6718,512.0041,8376.8433,9453.5192
1349,1038.29,979.0125,7435.3783,9452.6808
3880,703.2796,542.6681,8199.4439,9445.3916
2630,752.0335,454.51980000000003,8230.2466,9436.7999
7169,789.8783,705.5355,7937.12,9432.5338
3464,630.3322,447.7698,8349.5066,9427.6086
9788,442.3334,411.7315,8565.6327,9419.6976
2057,588.6672,527.6097,8302.3765,9418.6534
8142,761.8193,564.3577,8091.3910000000005,9417.568
9068,883.8132,751.1881999999999,7776.8041,9411.8055
146,350.73310000000004,258.41,8799.8089,9408.952
9563,1665.2702,520.2391,7222.9803,9408.489599999999
7858,973.5418,1018.2708,7414.831,9406.6436
3666,832.2638,747.2271,7825.053,9404.5439
7376,807.1912,732.6277,7858.4566,9398.2755
3482,583.8661999999999,493.15749999999997,8316.5386,9393.5623
8930,564.295,382.8175,8444.2218,9391.3343
8030,323.4355,281.30719999999997,8783.4489,9388.1916
8045,1433.0424,527.6142,7423.0533,9383.7099
5178,547.9861999999999,499.7208,8331.821100000001,9379.5281
3724,740.9048,674.3761000000001,7959.9439999999995,9375.2249
8165,794.2535,565.1657,8014.4619999999995,9373.8812
8420,420.6301,316.3239,8634.8508,9371.8048
8551,687.8341,556.4958,8123.894,9368.2239
8669,549.7607,470.92400000000004,8345.9602,9366.6449
6776,464.6115,418.546,8482.928,9366.085500000001
8967,853.1697,710.9735,7800.6792,9364.8224
8386,1022.5453,827.8965,7507.9412999999995,9358.3831
9989,334.249,358.1175,8665.374099999999,9357.7406
8268,591.0487,550.6244,8213.633,9355.3061
7881,894.4408000000001,644.4385,7814.3696,9353.2489
6677,460.0914,412.9885,8476.5444,9349.6243
8831,583.5523,423.3446,8340.329,9347.2259
6318,585.2466000000001,530.131,8231.0233,9346.4009
5230,666.235,479.67539999999997,8196.6511,9342.5615
3560,3667.2387,387.6657,5285.9099,9340.8143
9554,748.1029,464.4035,8127.6616,9340.168
6016,522.0885999999999,468.4769,8345.5395,9336.105
7879,813.6711,607.2034,7913.2999,9334.1744
3834,699.6408,530.9497,8099.3033,9329.8938
1556,731.1255,735.0358,7863.5311,9329.6924
2531,758.0315,459.1843,8110.477199999999,9327.693
2656,805.1034,587.8891,7933.817,9326.8095
4039,882.1299,730.5699,7709.639,9322.3388
4825,795.6882,782.6918000000001,7741.6136,9319.9936
5542,1066.5674,734.8373,7510.1358,9311.5405
6777,455.7432,410.48789999999997,8444.7654,9310.996500000001
6678,455.7432,410.48789999999997,8444.7654,9310.996500000001
6778,455.7432,410.48789999999997,8444.7654,9310.996500000001
3034,670.0454,483.6435,8157.2858,9310.9747
8037,806.6281,606.6166000000001,7893.9112,9307.1559
2349,689.6441,935.4738,7676.2778,9301.395700000001
7738,839.5335,900.7575,7561.0395,9301.3305
8870,810.1582,859.561,7627.5955,9297.3147
8137,846.7132,626.1528,7822.122,9294.988
9924,1056.0963,670.03,7563.0721,9289.1984
3139,637.9327,422.3139,8226.117400000001,9286.364
3138,637.9327,422.3139,8226.117400000001,9286.364
3355,776.9111,488.6794,8019.2617,9284.8522
7245,641.4146,534.4647,8107.899,9283.7783
6884,673.8824999999999,594.8194,8009.4469,9278.148799999999
1955,643.0595,605.7384,8026.9653,9275.7632
4075,1360.5122999999999,563.6564,7350.8319,9275.0006
9382,624.375,508.7203,8136.7162,9269.8115
9364,862.792,608.491,7790.2312,9261.5142
3122,549.5277,502.9432,8206.9839,9259.4548
3766,945.7732,877.5665,7429.3264,9252.6661
3424,807.7745,912.78,7521.1295,9241.684
3781,693.0455999999999,533.7605,8014.0751,9240.8812
3677,659.6941,497.33869999999996,8079.9863,9237.0191
3485,739.4166,506.5254,7989.8063,9235.7483
4627,841.5341,842.8889,7551.2929,9235.7159
2754,810.7330999999999,677.7792000000001,7746.0303,9234.5426
6017,484.38009999999997,409.5603,8340.4778,9234.4182
9925,1070.4189,687.5447,7475.4164,9233.380000000001
2685,756.3435999999999,642.2925,7831.4881,9230.1242
5776,859.7179,697.5726,7670.5039,9227.7944
7981,874.4812,647.6975,7703.9241999999995,9226.1029
6494,498.1095,374.1168,8347.5718,9219.7981
9573,753.4239,691.7328,7773.8832999999995,9219.04
5138,560.546,713.5069,7942.6652,9216.7181
6594,497.5177,373.6483,8345.1127,9216.2787
6493,497.4726,373.6205,8345.081400000001,9216.174500000001
6393,497.4726,373.6205,8345.081400000001,9216.174500000001
7745,738.7284,775.5024,7699.5883,9213.8191
9956,508.1706,425.0301,8280.521,9213.7217
9191,597.292,400.599,8215.3935,9213.2845
2786,777.1605,669.8823,7761.9331999999995,9208.976
8641,560.3624,365.8149,8282.5998,9208.7771
6593,497.4594,373.5913,8337.6922,9208.7429
5748,655.5876999999999,544.0906,8005.776,9205.4543
5229,643.5104,451.2642,8109.1516,9203.9262
7872,527.0089,525.7665,8150.0903,9202.8657
8687,751.2847,495.8817,7953.3542,9200.5206
8678,779.3238,542.2745,7876.7858,9198.3841
3573,517.4009,358.5446,8320.0691,9196.0146
3526,807.7365,939.5824,7438.2564999999995,9185.5754
6218,569.1043999999999,517.1428,8098.8760999999995,9185.1233
4630,593.0448,565.6279999999999,8025.7752,9184.448
7938,798.2329,789.9589,7595.9573,9184.1491
8038,778.8531,696.3514,7707.595399999999,9182.7999
6086,497.7777,360.8886,8324.0177,9182.684000000001
867,537.4755,483.3466,8159.133699999999,9179.9558
3038,622.2198,419.4038,8135.2584,9176.882
2686,766.9541,658.9953,7743.8893,9169.8387
3539,563.0594,408.7016,8195.019,9166.78
6117,480.90729999999996,405.29019999999997,8280.1813,9166.3788
2886,765.7763,657.7406,7741.8068,9165.3237
2887,764.8633,656.7662,7740.1932,9161.8227
6655,922.1913,796.4897,7442.8511,9161.5321
3624,752.4625,826.9049,7579.1263,9158.4937
8921,532.6483000000001,374.9654,8250.029,9157.6427
7053,547.4771000000001,800.4308,7808.5879,9156.4958
7957,781.0545,858.2828,7511.2995,9150.6368
5136,610.6535,595.3896,7943.7178,9149.7609
9655,613.3169,436.6481,8091.7135,9141.6785
4428,926.3086000000001,968.8828,7243.7769,9138.9683
5418,465.2673,341.2697,8331.0226,9137.5596
5037,600.2019,587.5389,7947.6712,9135.412
5137,600.2019,587.5389,7947.6712,9135.412
5036,600.2019,587.5389,7947.6712,9135.412
7683,846.2975,586.4322,7701.1433,9133.873
2756,804.2486,458.7806,7869.276,9132.3052
2757,804.1582,458.664,7868.4438,9131.266
2857,804.1582,458.664,7868.4438,9131.266
5849,782.0266,638.1664,7706.6814,9126.8744
9772,658.8042,654.8255,7812.3978,9126.0275
2237,420.1233,358.1639,8344.8469,9123.1341
6848,703.7241,772.1951,7638.6623,9114.5815
8359,773.9825,737.7875,7596.2976,9108.0676
5332,766.3674,565.7455,7768.8972,9101.0101
8461,908.2765,863.2389,7327.9666,9099.482
3881,680.9473,562.5245,7855.9868,9099.4586
8451,699.104,562.749,7837.4924,9099.3454
1852,839.2427,526.8629999999999,7728.4872,9094.5929
8164,721.6799,481.9962,7889.1005,9092.7766
3951,689.1841,609.3231000000001,7794.2454,9092.7526
6118,480.4021,408.4994,8202.3321,9091.2336
7793,928.4852,773.0898000000001,7377.7133,9079.2883
2787,748.479,640.5124,7689.4519,9078.4433
2758,788.2629000000001,449.7359,7835.8667,9073.8655
6085,483.0297,348.983,8241.6613,9073.674
6087,480.5186,348.1386,8240.584,9069.2412
5987,479.78999999999996,347.8936,8240.3393,9068.0229
5986,477.5061,347.1258,8239.5713,9064.2032
3384,859.7436,524.5491,7666.2858,9050.5785
3522,714.2498,861.6873,7474.4646999999995,9050.4018
1146,758.3515,726.0671,7560.8445,9045.2631
1953,821.1115,516.2356,7694.5983,9031.9454
2785,733.3784,619.8069,7677.844599999999,9031.0299
8585,563.2662,465.8093,7987.236,9016.3115
5677,807.8251,799.5374,7405.7726999999995,9013.1352
3462,2841.2651,348.25939999999997,5821.6221,9011.1466
2937,582.3137,408.2599,8019.2651,9009.8387
2835,574.4435,554.7391,7875.8465,9005.0291
8731,535.9318,396.45239999999995,8072.6352,9005.0194
5077,601.7825,588.1932,7814.6631,9004.6388
9454,728.8867,454.1858,7816.6272,8999.699700000001
5676,807.5339,797.9339,7393.7908,8999.2586
3459,3698.5111,308.6152,4990.1134,8997.2397
9354,724.8108,452.995,7815.115900000001,8992.9217
8284,604.4944,500.9378,7885.7548,8991.187
9385,415.8576,353.4099,8220.2457,8989.5132
8592,602.7225,506.3439,7878.052,8987.1184
4563,1294.9953,1021.0004,6668.5378,8984.5335
9262,789.289,583.8727,7610.8648,8984.0265
8316,483.9101,305.1524,8192.9648,8982.0273
2858,780.6769,445.7076,7753.5534,8979.9379
3556,493.9336,430.6577,8053.943,8978.5343
2687,733.8043,627.3276,7616.684499999999,8977.8164
7286,471.26239999999996,378.5868,8126.2291,8976.0783
1348,933.3188,873.9592,7164.5106,8971.7886
8043,757.9879,517.6114,7694.1984999999995,8969.7978
2885,713.9195,599.3035,7643.9318,8957.1548
7788,1230.1825,559.5135,7161.8976,8951.5936
6634,1524.1691,1931.1045,5496.1193,8951.3929
6293,486.2688,365.29179999999997,8092.2831,8943.8437
7338,660.1407,639.2587,7643.9966,8943.396
9981,554.5269,380.45889999999997,8005.2365,8940.2223
3020,482.5092,420.2048,8032.4193,8935.1333
8146,1931.6496,517.5207,6482.6785,8931.8488
2986,722.1591999999999,597.7438,7608.9792,8928.8822
8416,439.1182,285.1646,8200.2359,8924.5187
8161,701.9371,591.9634,7620.3521,8914.2526
8650,689.9959,538.3004,7683.7773,8912.0736
5080,574.6533,453.8711,7883.2343,8911.7587
3428,795.1378,720.2271,7374.5733,8889.9382
7658,622.587,688.6762,7577.9023,8889.165500000001
9581,732.4483,542.3909,7611.4877,8886.3269
5028,1073.6525,1042.8926,6768.3503,8884.8954
9594,443.2048,385.05649999999997,8054.3022,8882.5635
3730,843.0466,738.1754999999999,7299.2059,8880.428
7958,841.7882,871.878,7161.5548,8875.221
5888,490.5938,367.7638,8015.6955,8874.0531
1248,968.198,922.7796,6982.892,8873.8696
7449,570.1144,533.5393,7765.1339,8868.7876
3155,941.4418000000001,747.4972,7176.783899999999,8865.7229
3379,477.1035,457.2756,7929.2263,8863.6054
3479,476.9159,457.1457,7929.0065,8863.0681
3746,646.5001,532.406,7676.1786,8855.0847
2856,786.5444,457.936,7608.0977,8852.5781
9787,621.9398,505.8297,7724.158,8851.9275
1797,564.8806000000001,409.1664,7873.849,8847.896
4335,2656.6786,464.35880000000003,5724.4358,8845.4732
8237,774.5413,544.8722,7525.02,8844.433500000001
3140,610.8794,406.9857,7825.8705,8843.7356
4677,658.9241,598.8663,7584.6399,8842.4303
9491,339.7871,307.3712,8192.2767,8839.435
8157,735.109,817.1076,7284.7788,8836.9954
9179,533.5268,503.3743,7797.1636,8834.0647
9947,596.563,588.3487,7647.160699999999,8832.0724
7281,715.635,625.9116,7486.3817,8827.9283
8057,734.2842,817.6681,7274.4218,8826.3741
8056,734.2842,817.6681,7274.4218,8826.3741
7735,668.4948,713.9297,7442.1166,8824.5411
8246,1959.1483,507.9214,6351.1301,8818.1998
9571,994.1383999999999,892.8919,6929.0765,8816.1068
9083,628.4585,507.4423,7678.4227,8814.3235
4725,794.4554,806.9084,7212.1964,8813.5602
9685,820.0116,615.2194,7373.8484,8809.0794
752,409.095,352.1047,8047.2952000000005,8808.4949
1989,873.0874,545.3425,7388.846500000001,8807.2764
7884,1242.0264,690.5432,6871.049,8803.6186
8132,550.5514000000001,516.1908,7736.6642,8803.4064
1054,486.4441,490.1966,7823.1679,8799.8086
8261,696.1426,580.7038,7521.4567,8798.303100000001
8462,981.1466,842.4014,6971.2656,8794.8136
9020,579.7918999999999,412.4157,7802.3626,8794.5702
8995,642.6288,492.4301,7654.7541,8789.813
2386,629.9221,521.6395,7634.9353,8786.4969
8568,464.33529999999996,386.8932,7930.6085,8781.837
2730,742.0673,451.8012,7586.0252,8779.8937
8454,474.6782,484.90840000000003,7814.0281,8773.6147
9868,906.9343,647.7749,7215.7903,8770.4995
9119,560.7957,394.35269999999997,7814.3598,8769.5082
8213,847.8084,575.6359,7341.6511,8765.0954
8543,618.9231,382.5482,7762.4131,8763.8844
3368,637.3144,464.4699,7657.795,8759.5793
7836,705.2823,689.7553,7363.7771999999995,8758.8148
3429,924.4636,646.2286,7183.0836,8753.7758
1453,555.7988,591.265,7599.2477,8746.3115
2957,915.6848,711.2072,7118.2696,8745.1616
8798,598.7354,416.851,7728.6152,8744.2016
9957,480.8979,407.4063,7854.3014,8742.6056
6317,562.0211,504.2512,7676.2654,8742.5377
8978,884.5313,674.3035,7183.1102,8741.945
8158,686.6058,669.3618,7385.1703,8741.1379
9958,462.6105,391.2337,7886.4,8740.2442
9676,506.251,462.564,7764.5969,8733.4119
8160,672.8451,566.9659,7493.2061,8733.017100000001
7688,1117.4251,521.2911,7089.6777999999995,8728.394
2238,384.1715,321.3003,8019.5686,8725.0404
9945,618.7188,545.5664,7559.692,8723.9772
9363,752.5848,499.5415,7471.2941,8723.4204
9575,557.4294,511.2651,7652.0771,8720.7716
2191,544.9993,402.2839,7772.7723,8720.0555
7481,923.5812,693.2931,7095.6465,8712.5208
9683,855.8212,634.2051,7220.1678,8710.1941
965,516.862,478.556,7711.0522,8706.4702
8257,692.4901,709.3747000000001,7301.0139,8702.878700000001
964,514.9599,506.8711,7674.6909,8696.5219
7636,680.8525,749.6976999999999,7262.9259,8693.4761
6488,659.8382,474.4636,7557.3485,8691.6503
8540,584.8307,452.34139999999996,7651.2934,8688.4655
849,800.0031,805.6291,7080.3802000000005,8686.0124
3257,927.0731,743.1893,7015.5712,8685.8336
3157,931.5269,751.9891,7000.7095,8684.2255
3156,931.5269,751.9891,7000.7095,8684.2255
3057,931.5269,751.9891,7000.7095,8684.2255
3056,931.5269,751.9891,7000.7095,8684.2255
8550,687.2616,532.4335,7457.9046,8677.599699999999
3731,710.4583,691.4815,7275.3642,8677.304
8384,613.1832,518.0475,7545.8886999999995,8677.1194
9574,675.3305,589.6632,7410.3986,8675.3923
8893,632.3609,493.7813,7547.8754,8674.0176
7673,603.9208,675.848,7391.1736,8670.9424
8162,702.5581999999999,572.8616000000001,7392.1201,8667.5399
4275,774.4824,416.4466,7474.1601,8665.0891
9034,809.9205,568.8290999999999,7280.4259,8659.1755
5228,719.7674,563.5791,7367.3359,8650.6824
8013,991.8259,519.4168999999999,7137.6103,8648.8531
7838,796.8366,867.2505,6983.5672,8647.6543
5573,1265.5991999999999,1311.2853,6065.2949,8642.1794
9193,566.4585999999999,419.8529,7651.6365,8637.948
1796,546.0742,426.329,7665.3994,8637.8026
767,552.4729,476.5802,7606.5674,8635.620499999999
7689,697.303,534.2908,7403.367,8634.9608
7345,674.7341,591.6024,7364.9044,8631.2409
9279,505.958,442.7672,7677.2988000000005,8626.024
6116,483.5977,431.7116,7709.4456,8624.7549
9779,492.6113,341.8218,7789.3412,8623.774300000001
6288,572.0359,419.1719,7631.8973,8623.1051
3667,926.1564,876.8616999999999,6813.135,8616.1531
9862,765.039,365.5863,7484.1989,8614.824200000001
8075,645.3567,558.5928,7406.5287,8610.4782
5736,974.4984,693.52,6941.7858,8609.8042
9684,841.3152,622.1879,7145.9051,8609.4082
2888,692.3669,564.4875,7352.4739,8609.3283
8156,708.0129000000001,788.0306,7112.2955999999995,8608.3391
6119,465.8419,402.1508,7734.4785,8602.4712
7635,661.9808,717.7678999999999,7202.7466,8582.4953
1064,498.1914,483.8178,7598.4233,8580.432499999999
9848,543.1457,519.3556,7514.5427,8577.044
3681,546.5607,482.8483,7536.4258,8565.8348
8313,739.2548,648.0373000000001,7178.1701,8565.4622
7878,667.1287,543.4223,7352.2981,8562.8491
6783,577.4211,474.4189,7510.7285999999995,8562.5686
8440,644.2429,490.0464,7425.1914,8559.4807
8058,692.2659,742.8245000000001,7123.2532,8558.3436
6849,741.9614,568.2031000000001,7242.344,8552.5085
8869,722.2589,805.0271,7017.6673,8544.953300000001
8614,468.2955,358.0093,7715.0387,8541.3435
7984,831.4173000000001,574.6336,7132.87,8538.9209
1795,566.3000999999999,485.0702,7481.7419,8533.1122
6219,509.8128,461.0777,7562.1362,8533.0267
6018,458.9459,387.0344,7684.5618,8530.5421
3826,720.7074,589.9679,7217.4349,8528.1102
4439,881.1793,681.3439,6964.767,8527.2902
7170,803.7412,829.7459,6890.6166,8524.1037
9991,466.5879,397.9215,7657.8365,8522.3459
9749,598.6304,557.3917,7361.2979000000005,8517.32
3943,886.6892,632.577,6993.4325,8512.6987
3419,568.6331,423.47249999999997,7520.4955,8512.6011
7549,553.2957,552.3014,7406.8237,8512.4208
2985,687.788,562.1568,7260.0302,8509.975
5025,751.7616,722.8884,7034.2391,8508.8891
7723,814.5813,1024.9911,6666.1247,8505.6971
9891,381.7735,363.724,7759.189399999999,8504.6869
5029,617.5503,589.9524,7296.7706,8504.2733
9492,395.9158,353.2873,7750.7687,8499.9718
8309,891.3367,655.4221,6949.981699999999,8496.7405
4526,960.4951,954.8543,6578.9114,8494.2608
3825,716.2178,581.8638,7193.9924,8492.074
8039,688.3078,522.4905,7280.7407,8491.539
7964,596.1789,488.2384,7405.9066,8490.3239
7687,1402.6885,455.5967,6629.2117,8487.4969
8988,802.2754,596.603,7088.5875,8487.4659
9490,330.2625,283.5116,7871.3847,8485.1588
3019,440.4515,390.9269,7653.622600000001,8485.001
8346,1937.7473,494.121,6050.5795,8482.4478
8061,641.5263,545.3586,7292.9914,8479.8763
9592,378.2609,351.073,7749.8906,8479.2245
3131,820.0331,603.8853,7050.5233,8474.4417
3359,3711.5353,246.0223,4516.8282,8474.3858
1952,704.9202,460.2565,7306.8478000000005,8472.0245
1164,511.9976,507.1183,7448.8152,8467.9311
9946,548.7768,515.8297,7402.1913,8466.7978
1050,834.0009,856.6654,6774.3191,8464.9854
966,474.0887,442.1963,7548.2867,8464.5717
3258,1591.759,524.6664,6346.5755,8463.000900000001
9473,678.6925,569.6628,7207.3887,8455.744
2987,696.4870999999999,537.3052,7221.2593,8455.0516
9048,820.6641999999999,470.6201,7160.3151,8451.5994
2491,581.4859,467.9936,7399.1058,8448.5853
3938,651.4758,552.9879,7242.3061,8446.7698
1454,554.7288,606.5177,7285.2135,8446.46
3130,765.2123,556.4312,7122.6256,8444.2691
5915,522.4278,448.2282,7466.5337,8437.1897
3729,907.9941,862.1578,6663.3547,8433.5066
2390,529.3109,425.9651,7478.2248,8433.5008
3824,708.0335,578.1202000000001,7144.4609,8430.6146
9277,635.3863,567.867,7218.1631,8421.4164
8345,1133.7147,487.9916,6799.4683,8421.1746
7676,520.0218,583.8727,7312.2948,8416.1893
8413,612.6867,611.233,7187.7858,8411.7055
3829,891.3771,818.8541,6701.457,8411.6882
2956,882.3938,691.8617,6836.5598,8410.8153
5577,747.5984,743.2247,6919.468,8410.2911
5224,785.9349,685.3045,6932.7827,8404.0221
5340,371.7017,749.7674,7280.5105,8401.9796
8668,444.6425,372.6441,7582.2757,8399.5623
8258,628.7685,557.7182,7207.4177,8393.9044
2688,663.2958,562.2433,7164.5314,8390.0705
9773,616.4016,643.6116,7128.3088,8388.322
2919,437.1692,387.5486,7563.1772,8387.895
9092,716.9857,531.4326000000001,7135.8626,8384.2809
8262,703.281,550.6507,7126.6839,8380.6156
9355,695.7069,475.2636,7202.6259,8373.5964
3058,859.8656,692.8098,6820.3865,8373.0619
1647,219.3465,248.4795,7904.611,8372.437
1747,219.3465,248.4709,7904.611,8372.4284
8217,441.437,296.0108,7633.1011,8370.5489
8159,591.0636,505.0887,7269.4236,8365.5759
7082,491.20799999999997,463.0885,7409.2479,8363.5444
1954,632.6195,480.29990000000004,7247.1771,8360.0965
3472,638.4412,583.4018,7135.5493,8357.3923
4764,1023.9067,1271.1033,6057.4839999999995,8352.494
7550,475.6268,695.9793999999999,7177.5241,8349.1303
7450,471.009,699.1322,7177.0734999999995,8347.2147
9035,549.6818,412.57500000000005,7384.941,8347.1978
8994,612.6383,480.46500000000003,7250.8683,8343.9716
8894,612.6383,480.46500000000003,7250.8683,8343.9716
5988,444.3777,322.76279999999997,7576.2137,8343.3542
1047,896.0179,902.4446,6543.7557,8342.2182
1696,552.0891,394.5026,7393.2172,8339.8089
7488,823.6428,467.4423,7045.6742,8336.7593
2831,779.83,487.3156,7065.2212,8332.3668
967,462.3506,434.53610000000003,7434.3204,8331.2071
8794,612.0427,480.1262,7238.4794,8330.648299999999
8163,701.6194,547.3612,7079.6485,8328.6291
7584,878.9464,570.0504,6873.7237,8322.7205
8214,729.2213,480.554,7104.183,8313.9583
7778,600.3811,503.5443,7209.9867,8313.9121
7773,296.0479,413.1374,7602.538,8311.7233
3017,554.5418999999999,385.7768,7363.5925,8303.9112
8456,563.696,496.15610000000004,7241.001499999999,8300.8536
1648,245.3364,270.3276,7784.3893,8300.0533
2639,430.5467,312.5524,7555.4187,8298.5178
6555,817.1885,701.7307,6778.2955,8297.2147
4473,395.4398,326.8728,7574.459,8296.7716
9593,385.7335,350.716,7558.9124,8295.3619
3496,576.3121,430.4555,7287.452,8294.2196
7859,800.5242000000001,766.0337999999999,6726.7023,8293.2603
9555,686.9057,469.2427,7136.6757,8292.8241
8850,417.751,455.4579,7414.3854,8287.5943
8736,1174.5043,569.5414,6542.972,8287.0177
7223,660.8362,601.8474,7022.9819,8285.6655
9021,571.7064,409.2338,7304.0857000000005,8285.0259
9121,571.7053,409.2353,7304.073600000001,8285.0142
9220,571.7053,409.2353,7304.073600000001,8285.0142
9120,571.7053,409.2353,7304.073600000001,8285.0142
9221,571.7053,409.2353,7304.073600000001,8285.0142
9122,571.5371,409.1149,7303.6965,8284.3485
9320,571.5303,409.1486,7302.5914,8283.2703
7675,377.5173,484.0239,7421.265899999999,8282.8071
8360,649.7628,624.897,7003.7546,8278.4144
7538,606.261,577.4071,7091.9618,8275.6299
8138,679.9588,445.26509999999996,7149.2255,8274.4494
3935,653.9938999999999,538.4507,7081.1642999999995,8273.6089
9219,570.7112,408.3472,7290.9087,8269.9671
3934,659.2724,538.456,7070.6955,8268.4239
7834,558.0557,477.58750000000003,7232.4596,8268.1028
8060,608.1363,522.2399,7136.5949,8266.9711
3158,834.8316,672.1342999999999,6757.3976,8264.3635
3524,709.9427000000001,805.8240000000001,6747.503299999999,8263.27
8216,528.208,344.3304,7389.1043,8261.6427
9319,570.3677,408.3043,7281.8813,8260.5533
8980,487.3095,426.6944,7345.4829,8259.4868
3465,536.6699,389.9342,7332.8782,8259.4823
8982,504.04879999999997,457.6788,7293.4980000000005,8255.2256
8832,729.1765,508.753,7010.4787,8248.4082
7873,277.591,397.5783,7572.2198,8247.3891
7774,277.591,395.5926,7572.2198,8245.4034
3483,783.0731,491.5761,6967.7296,8242.3788
9487,366.0574,322.9088,7550.6685,8239.6347
8686,541.5744,449.2344,7244.5533,8235.3621
2788,636.3308000000001,534.5233000000001,7063.5405,8234.3946
6592,500.8035,376.8746,7356.612999999999,8234.2911
4180,622.8294,602.3492,7004.676,8229.8546
9321,566.0706,406.4155,7256.5946,8229.0807
3471,712.2726,667.4012,6847.6152,8227.289
8712,894.1393,696.3205,6633.7862,8224.246
2958,820.9718,638.1271,6762.9448,8222.0437
3525,739.7682,789.2005,6692.5391,8221.5078
4035,637.9307,535.2841,7039.4567,8212.6715
2088,489.3592,372.4936,7346.7046,8208.5574
7305,1851.4484,350.7766,6004.7861,8207.0111
5678,692.1099,654.4069,6856.3275,8202.8443
3843,848.3701,541.8668,6805.7362,8195.9731
5944,583.1736999999999,492.5393,7110.9668,8186.6798
1649,289.9834,310.968,7578.947099999999,8179.8985
1749,289.9834,310.968,7578.947099999999,8179.8985
5725,599.6526,397.7447,7180.3953,8177.7926
2638,422.161,355.3786,7399.8843,8177.4239
8769,611.1462,623.6306,6931.2447999999995,8166.0216
8895,570.322,449.1793,7145.239,8164.7403
9455,671.1257,485.7724,7004.02,8160.9181
8357,612.8698,558.8904,6983.79,8155.5502
8136,726.7058,559.791,6864.6657,8151.1625
8260,584.875,487.4353,7075.8978,8148.2081
7861,593.3877,511.5862,7039.8405999999995,8144.8144999999995
7959,627.9871,543.908,6972.5,8144.3951
7960,590.8796,508.7507,7041.4557,8141.086
7961,590.8796,508.7507,7041.4557,8141.086
1697,551.945,384.5814,7201.6757,8138.2020999999995
7804,584.4571,454.98990000000003,7094.707,8134.154
8059,592.4552,505.80760000000004,7034.6776,8132.9403999999995
7346,560.357,456.2308,7105.5216,8122.1094
8642,688.0844,396.2671,7037.1733,8121.5248
8538,1046.1897,525.2849,6549.3943,8120.8689
5325,753.9706,652.9739000000001,6713.029500000001,8119.974
6947,723.7889,742.6505,6649.4846,8115.924
6418,510.6257,457.8389,7147.148,8115.6126
868,429.1245,385.2204,7301.252,8115.5969
7937,714.4061,698.7466,6696.7484,8109.9011
8537,1054.1208,527.4331,6527.7063,8109.2602
49,362.8905,268.0881,7472.9178999999995,8103.8965
7246,555.7319,450.0082,7097.3459,8103.086
4682,412.5478,443.8953,7238.0743999999995,8094.5175
2340,308.7386,342.3402,7442.669,8093.7478
9183,610.933,499.1123,6980.822999999999,8090.8683
2484,810.5228999999999,681.9611,6592.4212,8084.9052
8417,346.8639,231.87560000000002,7504.9625,8083.702
6015,490.8644,464.4626,7124.6589,8079.985900000001
8385,559.917,454.2031,7062.9956,8077.1157
1748,253.3888,284.5695,7538.0301,8075.9884
9982,499.249,312.0422,7262.2874,8073.5786
7949,614.2992,513.7892,6945.2945,8073.3829000000005
9493,409.6474,351.61539999999997,7298.5098,8059.7726
9782,624.0836,397.1334,7032.1516,8053.3686
9263,700.6116,466.4182,6882.8315,8049.8613000000005
1794,554.6649,481.2186,7013.7085,8049.592
8730,493.6788,358.2696,7195.3832,8047.3316
9968,807.0854,589.2541,6646.2508,8042.5903
7576,525.7121,631.8894,6884.9805,8042.582
6115,491.73380000000003,457.8706,7090.7954,8040.3998
8139,640.3219,399.2498,7000.6577,8040.2294
4373,320.6573,285.5077,7432.4209,8038.5859
3055,822.0740999999999,659.9895,6552.8591,8034.9227
3823,678.6247999999999,558.9818,6794.9593,8032.5659
1942,266.833,346.6246,7418.8995,8032.3571
2044,266.833,346.6246,7418.8995,8032.3571
1943,266.833,346.1971,7418.8995,8031.9296
968,422.1634,380.2283,7229.495,8031.8867
9420,557.1212,399.8606,7073.9917,8030.9735
1842,266.833,344.4377,7418.8995,8030.1702000000005
7860,661.7464,589.0285,6777.4028,8028.1777
2998,540.8513,394.22360000000003,7091.2604,8026.3353
3097,540.8513,394.22360000000003,7091.2604,8026.3353
3295,540.8513,394.22360000000003,7091.2604,8026.3353
3296,540.8513,394.22360000000003,7091.2604,8026.3353
3395,540.8513,394.22360000000003,7091.2604,8026.3353
3396,540.8513,394.22360000000003,7091.2604,8026.3353
2897,540.8513,394.22360000000003,7091.2604,8026.3353
2898,540.8513,394.22360000000003,7091.2604,8026.3353
2997,540.8513,394.22360000000003,7091.2604,8026.3353
3196,540.8513,394.22360000000003,7091.2604,8026.3353
3098,540.838,394.2199,7091.2461,8026.304
5749,643.5341999999999,535.3419,6847.2364,8026.1125
3397,540.5644,393.9969,7088.9405,8023.5018
5649,803.9757,539.4932,6675.1416,8018.6105
3195,540.3375,393.9114,7081.7814,8016.0303
8210,609.6227,534.7339,6869.2847,8013.641299999999
9264,697.6623,463.3976,6852.0758000000005,8013.1357
9796,490.1282,385.82890000000003,7132.45,8008.407099999999
9688,431.89279999999997,392.4664,7183.4677,8007.8269
4663,999.3092,1263.5247,5741.8231,8004.657
3394,539.6736,393.5418,7070.1297,8003.3451000000005
3033,755.1201,520.5593,6726.848,8002.5274
6319,485.7225,442.5308,7072.5997,8000.853
9192,564.6034,430.8444,7001.4637999999995,7996.911599999999
4435,2681.636,473.5214,4840.8814999999995,7996.0389
3495,540.1425,394.1925,7060.7238,7995.0588
9036,478.0164,361.196,7153.1523,7992.3647
7588,613.8115,446.07959999999997,6930.2299,7990.121
7677,528.6043,541.6353,6917.1327,7987.3723
9037,477.0335,360.8542,7147.335,7985.222699999999
3238,570.269,380.6293,7033.9128,7984.811100000001
7637,724.7911,798.9458,6460.3448,7984.0817
8437,1039.4313,523.335,6414.7408000000005,7977.5071
2043,265.298,344.8757,7365.1289,7975.3026
8259,560.7286,467.5971,6945.6172,7973.9429
4181,644.5607,621.8419,6706.3188,7972.7214
2384,790.7339,643.5505,6535.6706,7969.955
9589,403.989,365.8106,7199.8333,7969.6329
3941,913.3215,935.6345,6117.6358,7966.5918
2889,617.4959,489.6573,6859.1635,7966.3167
7104,444.7163,350.2758,7170.8139,7965.806
7005,444.7163,350.2758,7170.8139,7965.806
7105,444.7163,350.2758,7170.8139,7965.806
6906,444.6545,350.1842,7168.325,7963.1637
4528,809.42,860.8791,6291.7694,7962.0685
1066,441.24170000000004,411.03180000000003,7106.2371,7958.5106
4177,1495.1075,593.0539,5870.2281,7958.3895
7759,845.3579,787.4802,6322.3333,7955.1714
9694,489.5521,434.2076,7029.1679,7952.9276
2590,639.4631,545.492,6765.1257,7950.0808
2589,639.4631,545.492,6765.1257,7950.0808
2588,639.2572,545.3151,6764.0364,7948.6087
9874,493.7948,532.5318,6921.262,7947.5886
7381,716.926,629.6077,6600.8134,7947.3471
8860,692.2562,656.2428,6583.7101,7932.2091
7287,432.4216,365.8141,7133.3553,7931.591
8896,523.3252,407.6129,6996.7635,7927.7016
8993,604.0678,461.90110000000004,6860.4935000000005,7926.4624
6113,500.5134,401.40819999999997,7023.9273,7925.8489
9079,512.7398,461.681,6947.8081999999995,7922.229
2690,637.5949,544.0113,6740.272199999999,7921.8784
5979,419.26820000000004,385.0713,7116.0494,7920.3889
9265,933.5463,656.8659,6327.7378,7918.150000000001
9588,394.8214,361.3952,7160.7285,7916.9451
1758,595.2775,618.7126000000001,6700.6096,7914.5997
8040,631.4737,401.084,6879.8937,7912.4514
8317,390.6735,269.9134,7245.8754,7906.4623
8544,608.5146,387.65999999999997,6909.2397,7905.4142999999995
3425,708.6292,767.1983,6426.6227,7902.4502
5124,732.3725,689.0506,6478.0903,7899.5134
4782,423.0888,400.7984,7074.6787,7898.5659000000005
7760,817.0737,739.6244,6341.2862000000005,7897.9843
5420,395.0487,285.6619,7215.4471,7896.157700000001
1897,451.9934,333.0018,7107.6132,7892.6084
7874,277.4882,375.0013,7239.8966,7892.3861
5918,480.5772,403.4521,7005.2998,7889.3291
3099,533.6629,390.0263,6962.4671,7886.1563
9920,481.015,365.984,7038.1713,7885.1703
7446,605.3361,540.789,6738.6517,7884.776800000001
3198,525.9557,382.7919,6975.1642,7883.9118
2285,601.9526,495.5264,6785.8485,7883.327499999999
8450,622.9003,495.9901,6763.7895,7882.6799
8643,718.8119,403.8844,6750.137,7872.8333
9260,703.3411,581.8389,6585.7766,7870.9565999999995
1259,522.4623,412.7315,6934.3909,7869.5847
3926,648.6207,532.8027999999999,6687.118,7868.5415
3197,534.9595,389.9801,6939.5924,7864.532
3095,506.5858,372.6898,6978.5391,7857.8147
9222,547.1889,392.523,6917.2352,7856.947099999999
7006,432.9506,342.342,7078.7982999999995,7854.0909
7205,429.6579,336.7659,7085.7549,7852.1787
8539,654.3151,471.9316,6718.4534,7844.7001
3239,562.1043999999999,377.9458,6903.0981,7843.148300000001
9774,581.5204,614.8658,6645.242,7841.6282
3382,560.8758,401.1496,6877.1189,7839.1443
3631,617.8593,592.8614,6625.3197,7836.0404
4051,612.8259,531.4683,6689.694,7833.9882
1249,891.5291,888.364,6053.9642,7833.8573
9673,660.1906,719.8669,6448.6004,7828.6579
4135,597.7117,499.3512,6730.7569,7827.8198
9783,633.6986,424.895,6768.6399,7827.2335
3096,533.6443,389.0069,6904.2444,7826.8956
7979,735.7919,583.6181,6505.4063,7824.8162999999995
6881,450.7342,425.0261,6948.203,7823.9633
7106,429.7686,340.1942,7053.9289,7823.8917
6213,498.25870000000003,397.8009,6926.967900000001,7823.0275
9093,656.9399,466.71250000000003,6696.3869,7820.0393
9681,623.0927,464.1123,6731.7051,7818.9101
4538,838.9182000000001,622.1248,6356.1208,7817.1638
7736,682.2582,751.7563,6382.9771,7816.9916
9218,543.8923,386.31940000000003,6883.2691,7813.4808
8150,1223.9216000000001,515.9956999999999,6071.5849,7811.5022
9572,692.9589,710.0803,6407.7961,7810.8353
1641,259.8735,334.6131,7213.4058,7807.8924
4881,452.5134,364.6042,6988.1901,7805.307699999999
9667,1452.3001,445.8073,5902.7782,7800.8856
6114,497.0432,417.6186,6884.0338,7798.695600000001
3640,453.5502,394.6689,6949.0978,7797.3169
8516,324.4468,213.2055,7257.7077,7795.360000000001
3366,513.1997,375.98199999999997,6904.4352,7793.6169
3364,513.1997,375.98199999999997,6904.4352,7793.6169
3365,513.1997,375.98199999999997,6904.4352,7793.6169
8795,482.3922,384.17470000000003,6925.7441,7792.311000000001
3484,775.4839,491.4388,6511.5629,7778.4856
6014,484.8808,435.3553,6857.160900000001,7777.397000000001
5887,425.8245,307.8827,7042.3322,7776.0394
5227,800.7528,687.0006,6286.3013,7774.054700000001
4182,647.4196,617.3135,6509.0258,7773.7589
3630,755.2704,640.1904999999999,6378.2684,7773.7293
7386,354.8249,341.2253,7071.4561,7767.5063
2289,487.3372,394.4227,6885.0121,7766.772
7237,562.5561,538.745,6664.1016,7765.402700000001
6533,1254.6825000000001,1120.5767,5389.0368,7764.296
4134,623.0844,530.9418,6607.7648,7761.791
5675,862.4595,903.0794,5992.1885,7757.7274
4438,827.6693,616.1511,6313.6921,7757.5125
8215,596.1133,403.0611,6757.9154,7757.0898
4988,377.1324,357.5455,7020.7815,7755.4594
8046,1859.7874,481.9994,5413.5299,7755.3167
6693,560.949,420.5366,6771.2453000000005,7752.7309000000005
5336,699.9132999999999,537.9447,6511.392000000001,7749.250000000001
7914,1515.5392,382.9005,5842.824,7741.2636999999995
3085,656.4562,450.9158,6633.0292,7740.4012
9767,1221.3957,559.4646,5959.3829000000005,7740.2432
9880,498.4716,333.0148,6907.1907,7738.6771
8361,718.7431,632.2057,6385.6412,7736.59
3739,631.9501,544.5244,6559.6385,7736.113
1551,648.898,539.5871,6545.0421,7733.5271999999995
8062,602.893,519.484,6610.9979,7733.3749
2591,623.4526,529.4316,6567.1080999999995,7719.9923
9165,879.6575,614.4125,6222.2282000000005,7716.2982
2899,525.4662,383.3331,6807.2892,7716.088500000001
9672,669.0067,735.2188,6311.7599,7715.9854000000005
7659,825.8756,741.1254,6147.8032,7714.8042
7494,494.1776,387.7081,6832.3244,7714.2101
2784,530.5824,452.4022,6725.9225,7708.9071
9390,382.9989,257.2106,7067.911599999999,7708.1211
9387,329.17679999999996,289.0854,7086.283,7704.5452000000005
8468,532.4987,492.81469999999996,6678.0432,7703.3566
2487,519.2305,434.7258,6745.0445,7699.0008
8285,680.6985,539.1439,6478.2314,7698.0738
8937,501.7199,358.8694,6836.508,7697.097299999999
3350,567.1628000000001,661.7209,6467.8181,7696.7018
7052,614.6971,845.9582,6235.6384,7696.2937
3940,804.3583,785.9092,6101.6348,7691.9023
4722,545.0115,487.15389999999996,6659.5786,7691.744
4721,545.0115,487.15389999999996,6659.5786,7691.744
7394,477.6402,380.6176,6829.4944000000005,7687.7522
9675,563.4996,595.2515,6528.5032,7687.2543000000005
6807,436.81329999999997,344.5128,6904.565,7685.8911
8438,910.2871,481.519,6289.4777,7681.2838
8644,679.2997,393.6049,6603.1296,7676.0342
6214,498.6623,396.3859,6777.770600000001,7672.8188
4781,429.8408,438.0581,6801.3209,7669.2198
9148,563.8596,463.41819999999996,6637.3513,7664.6291
5574,1017.0659,1109.6281,5535.9081,7662.6021
4631,516.1456,484.6855,6661.2647,7662.0958
7147,509.7767,431.8816,6719.4867,7661.145
3357,673.5059,531.2175,6456.0936,7660.817
7904,588.4404,465.996,6606.1953,7660.6317
7004,435.6229,340.8005,6882.8152,7659.238600000001
8742,704.6821,390.2247,6563.1263,7658.0331
2188,487.0065,396.36899999999997,6774.2024,7657.5779
7737,723.3599,804.838,6128.5368,7656.7347
8140,652.4348,409.4925,6584.6143,7646.5416000000005
3297,525.8253,383.9508,6736.0192,7645.7953
3252,569.9111,492.423,6580.785199999999,7643.119299999999
7387,362.806,363.3844,6916.2942,7642.4846
5219,492.9882,309.3996,6836.8837,7639.2715
8114,785.7196,461.9659,6389.4978,7637.1833
3925,623.0260000000001,514.2257,6495.1982,7632.4499
9030,437.6561,307.7695,6882.2071000000005,7627.6327
2689,614.8679999999999,522.6313,6487.0173,7624.5166
3199,524.0627,383.0169,6709.9186,7616.9982
4082,606.3225,594.4061,6414.4691,7615.1977
4883,430.522,340.1632,6843.5177,7614.2029
4882,430.522,340.1632,6843.5177,7614.2029
7650,503.0082,512.0129,6591.5566,7606.5777
8337,813.1921,476.2384,6315.91,7605.3405
8238,615.5196,385.6921,6603.5362000000005,7604.7479
8518,322.2694,206.4247,7074.985,7603.6791
6079,358.8335,302.2772,6938.4034,7599.5141
8347,1816.4273,475.6206,5306.9092,7598.9571
8239,639.3874999999999,403.6611,6554.6183,7597.6669
5985,420.9981,303.1223,6872.0708,7596.1912
9038,520.2186,358.9279,6716.0162,7595.1627
9292,523.5794,377.4765,6693.4491,7594.505
9781,567.9653,401.2392,6621.715300000001,7590.919800000001
847,806.9075,804.8686,5977.2348999999995,7589.011
7204,415.2115,327.2752,6842.516,7585.0027
2684,498.9077,427.6697,6657.6179,7584.1953
2249,503.6543,666.8824,6411.6047,7582.1413999999995
2440,305.1834,338.0011,6938.0089,7581.1934
949,843.5831000000001,857.9052,5876.8217,7578.31
6492,404.5192,306.1633,6867.1798,7577.8623
7882,614.3974000000001,490.8813,6471.367,7576.6457
3032,784.7505,528.0819,6262.6474,7575.4798
6893,607.3245000000001,462.08160000000004,6502.0722,7571.4783
9791,323.11740000000003,340.0323,6902.196199999999,7565.3459
7983,610.5718,488.26570000000004,6463.9756,7562.8131
4621,546.2753,484.0787,6530.859,7561.213
7782,656.939,516.9646,6386.7993,7560.7029
7883,610.4989,488.137,6460.6008,7559.2367
7982,610.4989,488.137,6460.6008,7559.2367
4822,557.2248999999999,505.4219,6491.9116,7554.5584
5337,795.1582,895.9503000000001,5860.4208,7551.5293
8849,377.3497,425.0695,6747.8508999999995,7550.2701
6883,469.2878,431.5115,6648.5868,7549.3861
7537,558.9818,533.1054,6457.0388,7549.126
7783,624.1309,490.6029,6425.5212,7540.255
2999,518.801,378.7275,6641.8109,7539.3394
5324,651.66,545.3925,6341.2446,7538.2971
6392,400.2203,302.0484,6833.4252,7535.6939
1785,432.16839999999996,351.6881,6750.0087,7533.8652
5848,541.4562,823.1736999999999,6165.2419,7529.8718
2932,760.9018,487.4866,6276.8184,7525.2068
5423,641.9976,538.9991,6342.3838,7523.3805
8340,683.4929999999999,434.5371,6403.2661,7521.2962
4723,544.3559,489.9305,6484.4082,7518.6946
6043,533.7606,454.1659,6530.2402,7518.166700000001
1254,557.6909,394.34520000000003,6565.5109,7517.547
2148,482.9813,620.191,6412.6911,7515.8634
448,435.7173,337.9065,6741.7952,7515.419
7837,692.843,765.0874,6055.0337,7512.9641
4034,621.9642,549.0386,6338.1345,7509.1373
9394,476.9536,364.8646,6666.8085,7508.6267
6084,404.0297,304.6803,6799.1463,7507.8562999999995
7349,499.6828,450.003,6557.4657,7507.1515
5424,648.3841,541.7902,6314.9157,7505.09
1990,1118.7856,620.5889999999999,5758.54,7497.9146
8743,763.1184000000001,372.2932,6359.719700000001,7495.1313
3939,625.3326999999999,531.952,6336.6756,7493.9603
8005,1695.4795,418.2614,5379.5301,7493.271
2837,433.3534,341.37940000000003,6716.129,7490.8618
4081,589.2319,571.2909,6325.4541,7485.9769
9798,451.3721,319.05,6714.1979,7484.62
6983,462.00129999999996,428.3363,6593.5066,7483.8442
6982,462.00129999999996,428.3363,6593.5066,7483.8442
7083,462.00129999999996,428.3363,6593.5066,7483.8442
9293,503.79290000000003,372.7502,6604.3945,7480.9376
8741,622.169,347.7792,6510.2677,7480.2159
3356,570.409,396.293,6513.5031,7480.2051
2640,374.8782,247.9433,6856.8272,7479.6487
8014,779.4237,413.2636,6282.3127,7475.0
9847,439.6807,411.39300000000003,6619.6307,7470.7044000000005
5627,579.3148,389.2855,6497.5465,7466.1467999999995
6215,489.3995,395.4513,6579.7414,7464.5922
5220,474.5834,314.4695,6671.6875,7460.740400000001
4992,1117.5816,881.6817,5459.443,7458.7063
8444,594.6477,394.4635,6469.1395,7458.2507000000005
2789,598.005,495.62059999999997,6362.5677,7456.1933
5524,641.5884,535.8847000000001,6276.2048,7453.6779
7536,551.6683,545.2312,6356.6585,7453.558
9137,443.5623,331.72270000000003,6676.2262,7451.5112
7947,1287.0698,580.9274,5579.4646,7447.4618
1165,467.1569,451.3989,6527.4456,7446.0014
1354,502.4638,484.4001,6458.7122,7445.5761
4530,552.2936,598.3529,6293.2256,7443.8721
9164,653.2438,441.2368,6343.8706,7438.3512
7548,579.0964,512.9448,6345.0702,7437.1114
2346,467.52230000000003,581.2639,6387.2955999999995,7436.0818
3383,669.8149999999999,410.4325,6354.6201,7434.8676
2931,721.2533999999999,455.5653,6256.0799,7432.8985999999995
3363,490.486,362.2095,6576.7438999999995,7429.4394
1065,468.026,444.4777,6511.1618,7423.6655
2884,556.7083,447.7674,6414.1241,7418.5998
9163,728.6772,531.8391,6155.2842,7415.8005
8110,528.4973,477.72249999999997,6405.5958,7411.8156
3039,509.6714,325.6755,6573.768,7409.1149
1447,429.2497,395.3439,6582.0502,7406.6438
7587,423.2546,373.84770000000003,6606.6196,7403.7219000000005
5943,527.8649,449.3113,6425.810100000001,7402.9863000000005
1784,486.9083,366.6876,6547.1377,7400.7336000000005
7487,384.7006,353.4866,6661.946,7400.1332
2490,557.8573,475.8868,6366.1013,7399.8454
9069,772.292,766.8074,5858.9979,7398.097299999999
7438,539.6813999999999,508.2157,6347.7284,7395.6255
5425,665.678,562.0563,6167.0378,7394.7721
8536,1103.117,536.7988,5753.6374000000005,7393.5532
7437,538.4205000000001,506.5743,6344.6921,7389.6869
7910,523.9706,397.7092,6458.0073,7379.6871
7547,603.983,534.415,6239.9676,7378.3656
5817,464.7729,373.4361,6538.7019,7376.9109
9138,477.3514,340.4788,6551.7902,7369.6204
2637,346.6509,291.8853,6730.9572,7369.4934
9391,383.0459,280.6265,6703.956,7367.6284000000005
1549,337.438,357.4904,6672.2264,7367.1548
8247,1851.6247,472.49780000000004,5042.7069,7366.8294000000005
8149,1831.1004,496.4348,5037.3736,7364.9088
3942,838.4431999999999,774.6148,5751.2201,7364.2781
8480,589.6003,431.52549999999997,6342.9808,7364.1066
1148,851.1976999999999,867.4267,5636.1900000000005,7354.8144
8418,307.28790000000004,223.2026,6817.2349,7347.7254
7706,450.3041,340.7516,6556.2702,7347.3259
7906,450.3041,340.7516,6556.2702,7347.3259
7806,450.3041,340.7516,6556.2702,7347.3259
7707,450.3041,340.7516,6556.2702,7347.3259
7807,450.52750000000003,340.926,6555.8007,7347.2542
7907,461.8149,349.7246,6531.9947,7343.5342
2896,497.1524,359.796,6486.3778,7343.3262
7594,636.6889,495.76050000000004,6210.0185,7342.467900000001
869,327.28249999999997,242.7411,6766.9814,7337.005
870,327.28249999999997,242.7411,6766.9814,7337.005
7808,487.9497,370.0963,6476.8733999999995,7334.9194
4324,682.88,606.8711,6042.0199,7331.771000000001
9086,694.624,650.9434,5984.7914,7330.3588
969,327.753,242.8842,6758.0693,7328.7065
7908,511.017,388.0768,6428.2195,7327.3133
7909,511.017,388.0768,6428.2195,7327.3133
1049,850.7144,867.1151,5609.2971,7327.1266
1149,850.7144,867.1151,5609.2971,7327.1266
7809,510.6554,387.8141,6426.6939999999995,7325.1635
1048,849.4669,866.5784,5608.6755,7324.7208
2540,275.8765,309.1266,6737.796,7322.7991
8209,526.3496,464.2131,6330.3236,7320.8863
970,327.9751,242.5385,6749.5665,7320.0801
7674,293.6803,413.4392,6611.796,7318.9155
9419,506.63890000000004,371.03360000000004,6440.9691,7318.6416
6907,415.9099,326.498,6573.0022,7315.4101
6380,569.3062,504.456,6240.1716,7313.9338
6180,359.9305,303.3301,6647.3391,7310.5997
2284,518.4051000000001,426.46840000000003,6364.7888,7309.6623
8486,664.8632,545.7074,6097.9876,7308.5582
8009,503.49060000000003,418.2126,6382.381,7304.0842
9586,426.6153,383.8631,6492.7873,7303.2657
1695,523.5485,403.1686,6376.008000000001,7302.725100000001
8008,502.29720000000003,422.9888,6375.116,7300.402
6294,426.8175,322.9362,6549.864,7299.6177
7350,398.4473,596.7283,6299.6585,7294.8341
7832,290.3511,257.5499,6746.402,7294.303
6696,462.443,349.0389,6482.7463,7294.2282
5680,341.5519,273.695,6678.5608999999995,7293.8078
8108,503.85450000000003,456.4051,6332.668,7292.9276
8479,569.8507,409.6582,6305.4113,7284.9202
9745,438.1946,379.4293,6466.8785,7284.5024
8109,498.674,454.3267,6331.3223,7284.323
7911,620.6368,507.9562,6153.602,7282.195
1788,1142.0262,627.9321,5511.4564,7281.414699999999
9600,507.6613,305.3453,6468.4066,7281.4132
2830,682.9827,425.1913,6165.0726,7273.2466
7976,519.878,449.9885,6301.5243,7271.3908
9499,507.0733,305.0002,6454.8287,7266.9021999999995
7436,512.0331,472.2047,6281.1358,7265.3736
2489,543.6533,463.5594,6257.4714,7264.6840999999995
1891,1144.9535,627.117,5491.2784,7263.3489
1890,1145.0243,627.1983,5491.0323,7263.2549
1889,1145.0243,627.1983,5491.0323,7263.2549
1789,1145.0243,627.1983,5491.0323,7263.2549
1790,1145.0243,627.1983,5491.0323,7263.2549
1689,1145.0243,627.1983,5491.0323,7263.2549
1455,456.7678,535.7637,6270.6962,7263.2277
3976,1183.9059,416.8684,5662.1124,7262.8867
8241,696.5189,448.48859999999996,6116.8354,7261.8429
4884,416.4243,327.334,6513.0079,7256.7662
9748,417.4745,385.63530000000003,6451.9167,7255.0265
7336,513.0126,475.9614,6264.603,7253.577
7228,919.4846,540.9698,5792.7095,7253.1639000000005
3841,813.7375,760.1025999999999,5678.1812,7252.0213
4622,532.3341,473.1077,6246.5471,7251.9889
7912,646.6584,543.7064,6055.4282,7245.793
7473,408.023,514.3689,6323.2603,7245.6522
7337,507.63100000000003,466.4699,6270.5331,7244.634
6295,475.6615,349.237,6417.9516,7242.8501
7862,557.5839,524.9223,6158.3251,7240.8313
8439,570.1802,403.9278,6265.6769,7239.7849
9322,510.4021,367.7593,6359.3309,7237.4923
4577,504.82169999999996,453.911,6277.6761,7236.4088
1153,536.1562,427.5374,6272.5224,7236.215999999999
7708,435.7335,330.3673,6467.9236,7234.0244
9373,679.5208,586.6727,5966.7041,7232.8976
8948,758.8127000000001,384.8069,6088.042,7231.661599999999
3324,679.8334,772.7126999999999,5774.5723,7227.1184
5237,464.8831,559.9827,6201.9072,7226.773
2046,405.3412,328.3043,6488.8382,7222.483700000001
2738,364.0449,294.0725,6562.2706,7220.388
1894,452.6907,378.9325,6388.0709,7219.6941
8095,573.2967,423.7233,6219.6204,7216.6404
9744,424.7726,366.3148,6424.4506,7215.5380000000005
3982,508.4963,538.3172,6168.2714,7215.0849
1646,229.8037,257.6159,6722.966399999999,7210.3859999999995
1742,238.6711,316.727,6649.2583,7204.6564
7485,554.9613,443.7219,6205.7836,7204.4668
9687,416.1619,379.8414,6406.9551,7202.9584
9845,417.0796,373.39910000000003,6411.3774,7201.8561
7851,496.70640000000003,426.3672,6278.2074,7201.281
1787,863.2737999999999,520.8616,5815.4849,7199.6203
1690,1124.1772,619.5648,5454.5622,7198.3042000000005
8861,657.0871999999999,601.8596,5938.6345,7197.5813
2930,672.1289,428.5781,6093.9271,7194.6341
8829,414.6441,304.4334,6472.1532,7191.2307
3743,587.8754,460.4306,6142.8802,7191.1862
8446,754.0646,411.041,6024.3324,7189.438
9118,503.5661,345.8291,6334.5801,7183.9753
6188,428.0483,308.376,6442.9535,7179.3778
7943,682.7478,601.3835,5894.4844,7178.6157
8007,482.1998,409.779,6286.102,7178.0808
2541,259.2341,310.82480000000004,6605.9202,7175.9791
2737,341.8402,290.7717,6542.0342,7174.6461
3226,723.9522000000001,668.2474,5779.8639,7172.0635
2492,472.1939,354.253,6345.1362,7171.5831
2553,496.6375,541.0814,6132.5764,7170.2953
8938,579.7867,362.3334,6227.3723,7169.4924
8135,679.716,548.5128,5936.1268,7164.3556
3294,470.0829,345.5885,6344.0578,7159.7292
8463,810.9626000000001,647.2315,5700.7051,7158.8992
6744,1041.2595,1346.6216,4771.0094,7158.8904999999995
3469,595.2683,532.5922,6022.7852,7150.6457
6013,457.7093,365.3252,6323.3937,7146.4282
3031,743.6362,526.3564,5874.082,7144.0746
8483,562.9953,483.1976,6091.2971,7137.49
9494,413.5464,338.04089999999997,6380.7236,7132.3109
848,772.1105,778.6432000000001,5573.8633,7124.617
8837,791.2025,436.2074,5892.8177,7120.2276
1849,310.7717,366.9474,6441.0669,7118.786
3351,533.1995,478.68330000000003,6106.4966,7118.3794
5318,400.8658,270.5289,6439.2585,7110.6532
948,809.0486,821.1871,5479.3802000000005,7109.6159
5699,418.8301,274.0,6415.4141,7108.2442
5799,417.3215,273.651,6416.3763,7107.3488
5698,418.7179,273.9088,6414.3481,7106.9748
9686,423.651,384.813,6296.5133,7104.9773
7785,1718.9137,592.2732,4793.0311,7104.218
8517,304.992,193.2864,6601.8322,7100.1106
1888,1111.1143,611.4754,5377.3242,7099.9139
7946,876.9919,539.1946,5682.6534,7098.8399
1688,1111.5701,614.4134,5371.6263,7097.6098
9285,522.0478,445.0375,6128.9277,7096.013
6080,344.2789,295.7255,6450.6065,7090.6109
7323,525.5771,519.4031,6045.1057,7090.0859
8042,653.8534000000001,481.7142,5952.0401,7087.6077
6680,353.8308,344.1045,6387.9527,7085.888
5700,417.30420000000004,276.085,6387.4931,7080.8823
1547,318.7812,321.4639,6435.4775,7075.7226
9085,649.5177,631.8371000000001,5791.1726,7072.5274
9392,450.1508,346.3787,6272.7853,7069.3148
7913,1468.2195,358.8879,5241.1295,7068.2369
8737,1110.6748,528.0204,5428.1675000000005,7066.8627
9176,519.0673,568.1568,5978.7825,7066.0066
8362,704.2956,535.3746,5823.9,7063.5702
9983,480.65229999999997,269.6388,6313.1358,7063.4269
5980,341.25849999999997,305.2076,6412.1982,7058.6643
8240,676.4989,429.7749,5949.7809,7056.0547
9763,1560.2337,351.46840000000003,5143.5172999999995,7055.2194
8445,627.3401,402.1608,6022.2832,7051.784100000001
4525,753.7039,750.4423,5545.0037,7049.1499
5527,586.8303999999999,443.1116,6018.0091,7047.9511
9500,496.182,299.1719,6248.9292,7044.2831
9185,635.8337,617.1943,5790.5843,7043.6123
7784,1449.6818,563.7532,5028.8815,7042.3165
8412,623.5817,617.4817,5800.6211,7041.6845
4821,485.8981,412.2273,6143.3795,7041.5049
9489,312.279,276.3647,6451.9376,7040.5813
4274,328.1611,269.841,6440.2781,7038.2802
5323,609.6729,508.2034,5920.2374,7038.1137
8838,676.8498,382.5132,5978.6608,7038.0238
7206,394.8492,314.5109,6327.2108,7036.5709
8004,976.5677,484.1032,5575.6842,7036.3551
9033,621.8658,427.3836,5986.5672,7035.8166
7758,603.5603,838.5313,5587.6043,7029.6959
4424,574.6,514.595,5933.1086,7022.3036
2996,504.3536,367.8833,6149.0133,7021.2502
6905,415.1474,321.9275,6282.8982,7019.9731
9291,455.5808,302.5202,6259.2789999999995,7017.38
7417,480.8045,446.4114,6088.4315,7015.6474
1884,551.9297,379.6811,6082.1822,7013.793
3582,432.3061,430.24940000000004,6148.1342,7010.6897
5482,314.3284,253.76239999999999,6442.1623,7010.2531
9867,806.1256,520.0941,5681.4416,7007.6613
9587,393.9624,355.5394,6256.8455,7006.347299999999
9162,711.9938,576.5408,5715.8839,7004.4185
8545,596.6369,397.63329999999996,6007.8845,7002.1547
1694,527.9134,441.8992,6030.1111,6999.9237
4521,552.0454,470.9114,5976.3677,6999.3245
7474,406.3433,490.0515,6088.2632,6984.657999999999
9663,1637.7705,367.3744,4976.6492,6981.7941
1791,1003.1705000000001,580.1581,5394.0146,6977.3432
5881,302.42670000000004,271.9431,6400.9394,6975.3092
9061,659.8131,557.3067,5755.8034,6972.9232
9161,659.7239,557.272,5755.0792,6972.0751
7607,407.7595,307.01099999999997,6253.8588,6968.6293
1450,587.7481,583.4145,5795.4426,6966.6052
3216,401.1294,349.94030000000004,6212.0679,6963.1376
7705,434.0041,331.0718,6192.8885,6957.9644
2753,644.9025,507.0245,5804.3242,6956.2512
9031,408.0504,289.7686,6257.3633,6955.1823
8078,649.0752,540.5235,5762.594,6952.1927
9488,304.7865,265.2082,6375.2821,6945.276800000001
7850,482.0568,415.9739,6045.490400000001,6943.5211
9967,796.1381,507.6352,5639.5725,6943.3458
3132,722.0051,530.3348,5690.9706,6943.3105
2836,419.58029999999997,476.9767,6044.1756,6940.7326
3298,475.8128,345.2326,6118.2486,6939.294
4126,515.4376,438.4733,5984.4205,6938.3314
4780,555.406,518.0523000000001,5863.1299,6936.5882
5177,406.3307,462.9132,6060.6455000000005,6929.8894
9944,407.365,334.883,6187.1422999999995,6929.3903
8248,1809.1108,467.0263,4653.0526,6929.1897
1451,483.7586,484.6625,5956.1922,6924.6133
8077,667.103,545.8447,5707.947,6920.8947
6926,530.6617,390.83820000000003,5996.0121,6917.512
3838,573.7044999999999,516.2539,5826.7668,6916.7252
7328,911.0123,506.652,5496.4759,6914.1402
2735,405.7685,355.0898,6153.1795,6914.0378
1449,571.5654,562.5074,5772.188099999999,6906.260899999999
7941,664.4135,591.9452,5646.1851,6902.5437999999995
8233,580.7311,521.9246,5796.6533,6899.309
1687,514.5294,387.7291,5996.6703,6898.9288
8503,708.7542000000001,615.9864,5572.2681,6897.0087
7448,511.1813,426.9767,5956.4308,6894.5887999999995
1058,510.2162,451.07419999999996,5930.3769,6891.6673
6892,598.5175,447.6696,5844.9416,6891.1287
6791,598.5175,447.6696,5844.9416,6891.1287
6792,598.5175,447.6696,5844.9416,6891.1287
6891,598.3083,447.5912,5844.8608,6890.7603
8645,662.3751,328.29949999999997,5899.8062,6890.4808
6243,788.0534,734.0241,5368.1804,6890.2579
6692,597.4816,446.7796,5845.6843,6889.9455
9649,465.3617,383.9783,6040.5932,6889.9332
6793,596.0046,447.8334,5844.5878,6888.4258
8318,296.0665,237.8689,6352.7104,6886.6458
1589,1128.7007,616.6024,5138.6876,6883.9907
2488,490.4232,418.0401,5975.4283,6883.8916
8339,567.1845000000001,373.2114,5943.1269,6883.522800000001
3133,715.5951,529.3133,5636.6564,6881.5648
3460,3592.8586,255.3358,3032.2406,6880.4349999999995
5477,373.1555,437.52049999999997,6069.0614,6879.7374
4235,737.0868,387.4488,5752.7278,6877.2634
8338,560.7145,369.4907,5946.0088000000005,6876.214
2153,389.657,361.2177,6120.447,6871.3217
6635,1109.7684,1534.3922,4219.814,6863.9746000000005
2053,405.7073,378.9072,6079.3452,6863.9597
2054,406.7232,375.30580000000003,6079.3202,6861.349200000001
7978,648.5526,532.4639,5679.1355,6860.152
7750,476.7406,413.3142,5963.5099,6853.5647
8249,1555.7641,466.3849,4823.8186,6845.9676
5914,449.7735,374.13849999999996,6016.8572,6840.769200000001
1548,326.4675,314.4856,6195.5528,6836.5059
1550,363.4675,385.5914,6083.7183,6832.7772
7709,429.5411,321.6212,6078.7922,6829.9545
3924,535.6778,451.3266,5842.902,6829.9064
5800,401.9495,278.0398,6148.8837,6828.873
1252,481.5594,437.3564,5908.4569,6827.3727
1070,363.9627,251.2238,6210.7263,6825.9128
9022,465.3827,324.1521,6035.0594,6824.5942
7942,661.3045,583.542,5579.5494,6824.3958999999995
4623,519.9714,459.4096,5843.7451,6823.1261
3184,602.4683,358.1499,5858.152,6818.7702
8141,643.3041,416.5887,5756.0511,6815.9439
9992,424.6058,360.4166,6028.3963,6813.4187
4875,944.6756,871.5654,4993.7106,6809.9516
2938,421.9498,304.8139,6079.9181,6806.6818
3578,473.20079999999996,358.2445,5970.0557,6801.501
8482,587.1937,502.029,5707.2145,6796.4372
4233,471.9674,401.4218,5921.5387,6794.927900000001
2152,333.60990000000004,308.4742,6150.5803,6792.6644
1557,515.2888,527.6436,5748.1461,6791.0785
7447,519.0899000000001,466.09680000000003,5800.9509,6786.1376
3842,864.1578,614.4957,5306.472,6785.1255
7606,420.6667,322.5342,6041.828,6785.0289
3622,554.472,657.8186000000001,5569.2001,6781.4907
7751,434.4875,481.9496,5862.4788,6778.9159
2042,227.1189,307.6986,6243.071,6777.8885
8701,672.4516,482.4111,5622.6845,6777.5472
1686,416.2547,345.2185,6013.5018,6774.975
7517,468.232,434.06289999999996,5868.6081,6770.903
9177,493.89779999999996,526.933,5749.961499999999,6770.7923
1658,498.9536,521.9236,5737.6884,6758.5656
7877,422.5201,420.17740000000003,5910.8957,6753.5932
4532,544.5287,585.057,5622.7228000000005,6752.3085
1158,483.04359999999997,424.4817,5843.9217,6751.447
4282,658.501,625.098,5464.9904,6748.5894
4178,722.484,564.0225,5461.0932999999995,6747.5998
5518,420.5922,302.8196,6022.4482,6745.860000000001
2855,670.2292,471.3136,5603.746999999999,6745.2898
8294,563.9605,471.9631,5707.9899,6743.9135
9549,476.1104,387.1757,5875.1637,6738.4498
3497,458.4059,349.7442,5928.6086,6736.7587
7805,347.0441,246.9808,6142.0936,6736.1185
9448,474.5322,386.5682,5875.0026,6736.103
4524,540.4163,482.6819,5712.4647,6735.5629
9449,474.08820000000003,386.386,5874.2314,6734.7056
9379,423.0792,367.6718,5943.9096,6734.6606
2838,399.45300000000003,295.1205,6039.5616,6734.1351
4522,519.1422,456.9194,5757.0849,6733.1465
3744,486.3094,425.60380000000004,5820.7898,6732.7029999999995
9548,471.3172,385.4771,5872.0025000000005,6728.7968
4234,488.5948,401.5982,5836.0470000000005,6726.24
4624,517.8036999999999,457.3555,5746.785,6721.9442
9041,592.7023,336.2364,5792.9608,6721.8994999999995
1057,477.4254,417.7607,5826.0449,6721.231
1885,516.0684,360.8226,5840.7088,6717.5998
4523,516.8854,455.991,5743.2015,6716.0779
1446,373.2895,384.6293,5957.5945,6715.5133
7388,456.4188,347.6658,5908.7895,6712.8741
2052,327.99670000000003,276.1258,6108.6932,6712.8157
4681,410.5841,424.0368,5873.4688,6708.0896999999995
9348,462.6749,382.8257,5861.6162,6707.1168
9349,462.6723,382.8245,5861.6157,6707.1125
2736,372.8747,386.53340000000003,5946.3001,6705.7082
1546,368.7124,382.9656,5953.8573,6705.5353
1558,471.7543,512.3987,5720.275000000001,6704.428
8104,630.5794,476.3595,5591.4684,6698.4073
9882,537.0405,307.0708,5853.8816,6697.9929
3240,490.898,347.1013,5855.2968,6693.2961
3644,478.0927,422.6899,5792.0375,6692.8201
3645,478.0927,422.6899,5792.0375,6692.8201
3745,478.0927,422.6899,5792.0375,6692.8201
3646,478.0927,422.6899,5792.0375,6692.8201
3449,429.5136,597.2008000000001,5661.7587,6688.4731
1258,476.7163,375.0959,5835.3627,6687.1749
2286,449.8233,379.43420000000003,5856.7933,6686.0508
4626,780.4799,815.7463,5088.6917,6684.9179
1991,975.2062,539.1308,5168.8951,6683.2321
5642,842.4287,524.0981,5315.0603,6681.5871
7905,394.089,291.7236,5994.2766,6680.0892
7810,485.9772,377.0074,5815.8613,6678.8459
9247,463.976,382.8746,5831.28,6678.1306
8208,522.5841,446.4321,5703.6889,6672.705099999999
1445,371.3476,387.5723,5913.4836,6672.4035
3742,697.8716000000001,463.5757,5510.3753,6671.8226
9447,461.8099,381.69689999999997,5827.1668,6670.6736
9566,1694.1905,371.5686,4600.9034,6666.6625
9873,409.7046,437.8696,5817.9526000000005,6665.5268
6216,430.3137,362.7061,5866.6714,6659.6912
9746,360.13009999999997,325.0584,5973.6558,6658.8443
7930,312.76439999999997,243.7018,6101.517,6657.9832
1883,529.3112,358.927,5768.4030999999995,6656.6413
3461,3657.7496,215.5443,2780.422,6653.7159
3561,3657.7974,215.6194,2778.6051,6652.0219
770,300.6643,223.1534,6125.0357,6648.8534
7777,372.0502,383.34700000000004,5891.337399999999,6646.7346
7418,533.186,500.32759999999996,5612.6309,6646.1445
7575,415.7713,558.7509,5669.5068,6644.029
6480,487.831,424.4827,5728.0913,6640.405
8842,609.1411,336.8281,5691.9129,6637.8821
1456,447.9062,496.3318,5693.4763,6637.7143
9997,418.6504,309.9218,5904.4710000000005,6633.0432
6081,330.63259999999997,291.2597,6010.8112,6632.7035000000005
9963,909.3217,320.6607,5402.1667,6632.1491
6691,576.0455999999999,432.5269,5619.2847,6627.8572
4625,630.8104000000001,628.6381,5364.672,6624.1205
8796,400.1408,324.0443,5898.9129,6623.098
1545,367.9677,380.6797,5871.438999999999,6620.0864
1786,377.90430000000003,323.6341,5917.876,6619.4144
9186,560.9378,535.9649000000001,5521.6725,6618.5752
8942,606.7638,336.0041,5675.3481,6618.116
8941,606.7638,336.0041,5675.3481,6618.116
8841,606.7638,336.0041,5675.3481,6618.116
1848,319.8328,393.258,5903.9811,6617.0719
947,697.4412,661.0889,5257.0054,6615.5355
9642,312.6921,191.0599,6110.9058,6614.6578
2240,235.90460000000002,286.9928,6091.6231,6614.5205
3839,512.1877,465.4024,5631.7411,6609.3312
9846,350.462,321.2661,5925.7495,6597.4776
3450,511.0426,435.61289999999997,5648.554,6595.2095
1157,454.0462,413.9232,5723.6452,6591.6146
3643,462.1163,410.1365,5714.9903,6587.2431
9077,486.6097,452.2346,5647.2643,6586.1086
3981,509.53000000000003,527.9116,5546.5358,6583.9774
8968,670.7538,674.8491,5231.5678,6577.1707
2900,483.2193,351.5983,5741.3147,6576.1323
8684,468.681,352.0106,5751.9751,6572.6667
9747,354.1186,319.3611,5898.2162,6571.6959
7124,545.7445,401.0735,5624.4045,6571.2225
3283,549.5229,327.64509999999996,5692.8224,6569.9904
1170,379.4132,276.6293,5913.081,6569.1235
7024,544.3926,400.4869,5623.2731,6568.1526
1950,291.6673,348.4815,5925.8365,6565.9853
9042,604.2957,334.3541,5624.8344,6563.4842
1355,410.6365,476.8819,5675.7032,6563.2216
6383,513.5532,442.3415,5607.0102,6562.9049
9139,448.8881,301.5607,5809.5253999999995,6559.9742
4925,675.6249,673.7255,5209.2492,6558.5996000000005
9998,412.8113,306.5446,5838.9538,6558.3097
9039,656.2712,364.2921,5536.7612,6557.3245
5674,973.1423000000001,827.1982,4754.2145,6554.555
8634,1017.3895,543.7531,4991.0485,6552.1911
5326,749.8651,650.9655,5150.6112,6551.4418
2955,663.1103,489.5144,5397.5565,6550.1812
6597,415.4683,313.9909,5818.6093,6548.0685
5081,371.3214,286.88689999999997,5886.8244,6545.0327
4823,586.616,571.9197,5384.3307,6542.8664
8940,660.3401,358.1331,5517.6053999999995,6536.0786
5899,376.0491,274.6421,5878.6229,6529.3141
3054,654.0114,483.6489,5391.6037,6529.264
1257,443.1602,387.2418,5694.5483,6524.9503
2051,288.0563,294.5571,5937.7017,6520.3151
1949,321.4271,389.0397,5807.0958,6517.5626
3182,543.7927,323.1295,5647.838,6514.7602
3282,543.7927,323.1295,5647.838,6514.7602
3183,543.4605,323.0116,5647.7415,6514.2136
7722,556.9797,711.4516,5245.3693,6513.8006
8695,410.5858,342.4771,5758.542,6511.6049
1951,288.2451,269.8561,5952.2581,6510.3593
7236,449.4979,461.0942,5594.4006,6504.9927
9248,456.7696,377.13239999999996,5670.4916,6504.3936
1783,434.927,325.0999,5742.1055,6502.1324
3840,542.1571,484.8568,5463.579299999999,6490.5932
1896,410.6746,302.5747,5772.5968,6485.846100000001
3545,447.3763,397.841,5638.9083,6484.1256
7863,512.1093,542.8125,5424.651,6479.5728
8693,542.7401,458.5914,5477.7247,6479.0562
7962,488.1519,448.8266,5540.3018,6477.280299999999
4423,503.5935,447.28860000000003,5525.0899,6475.972
7203,373.7301,301.67109999999997,5798.8594,6474.2606000000005
9648,425.3874,360.8304,5687.9283000000005,6474.1461
8105,701.6434,478.0423,5286.751200000001,6466.436900000001
8230,401.2537,413.08389999999997,5649.7671,6464.1047
9881,392.5422,258.2497,5811.204000000001,6461.9959
4724,565.1273,542.4122,5353.3063,6460.8458
8107,490.0589,422.05559999999997,5548.001,6460.1155
4476,559.3042,390.6743,5509.4251,6459.4036
8939,724.0307,385.96500000000003,5347.6072,6457.6029
2441,226.0056,292.9316,5937.6981,6456.6353
7375,634.4778,624.3584,5197.1851,6456.0213
5327,751.7816,659.9164,5043.9677,6455.6657000000005
3567,481.4407,436.3114,5537.5984,6455.3505
5321,438.2672,369.3694,5639.7654,6447.402
2050,305.73789999999997,376.6891,5764.3712,6446.7982
5440,260.6454,737.0690000000001,5447.8664,6445.5808
6580,452.1481,398.841,5593.9628,6444.9519
6948,401.5868,392.8137,5642.1972,6436.5977
9062,713.9661,586.5834,5128.8546,6429.4041
8617,298.2434,187.8152,5942.3091,6428.367700000001
6588,566.4091,372.6639,5488.8365,6427.9095
6688,566.332,372.581,5488.6062,6427.5192
6689,566.2906,372.5315,5488.52,6427.3421
3421,465.3021,455.985,5502.9852,6424.2723
9289,375.9412,221.2731,5826.757,6423.9713
3327,663.5029,589.0666,5170.7825,6423.352
5798,374.0559,251.3877,5797.1625,6422.6061
9040,614.8745,337.5285,5469.5254,6421.9284
8615,328.3872,221.2379,5871.7832,6421.4083
6949,548.4392,438.2828,5432.1299,6418.8519
9645,450.3573,373.2789,5593.8168,6417.4529999999995
4527,771.5378,788.7345,4856.0576,6416.3299
1067,364.7751,310.3607,5739.434,6414.5698
7977,582.2347,488.9875,5341.7623,6412.9845000000005
7994,537.1972,399.5331,5471.5009,6408.2312
8464,770.3252,570.1554,5066.1624,6406.643
4421,517.9054,451.7396,5433.7851,6403.4301000000005
9246,470.766,369.6833,5557.0845,6397.5338
1253,467.48339999999996,351.6127,5573.8784,6392.9745
9974,262.5597,256.7511,5871.8272,6391.138
9378,445.3397,365.0929,5580.1683,6390.6009
2387,416.9207,354.8597,5618.0405,6389.820900000001
3053,644.626,469.5404,5274.5207,6388.6871
7317,499.38739999999996,473.27320000000003,5414.4906,6387.1512
8485,437.1773,366.50870000000003,5583.2311,6386.9171
2952,645.9629,470.1025,5269.8577,6385.9231
2854,646.116,470.1655,5269.3216,6385.6031
2954,646.116,470.1655,5269.3216,6385.6031
2953,646.116,470.1655,5269.3216,6385.6031
8593,537.3378,455.7958,5379.2765,6372.4101
8204,592.6166000000001,475.9655,5302.726,6371.3081
7775,248.7135,326.4334,5795.2468,6370.3937000000005
8006,434.6171,340.45500000000004,5591.22,6366.2921
8263,595.1105,434.8779,5335.9957,6365.9841
5426,735.3485000000001,655.727,4974.2597,6365.3351999999995
2853,640.6217,466.5529,5252.9226,6360.0972
8694,514.6612,431.5509,5411.4669,6357.679
8711,640.4776,465.535,5250.1326,6356.1452
4334,1428.8181,401.7723,4520.2495,6350.8399
8984,553.7659,388.7142,5406.5339,6349.014
9988,304.2622,294.368,5750.2636,6348.8938
3984,425.30330000000004,459.493,5462.7108,6347.5071
2389,413.6508,352.4486,5575.3894,6341.4888
1046,732.7316,751.7405,4856.2294,6340.7015
7816,401.5399,340.487,5597.7063,6339.733200000001
9123,445.899,316.6312,5576.6303,6339.1605
8250,656.8636,436.3135,5244.5584,6337.7355
3186,547.8419,311.0102,5477.6207,6336.4728000000005
5223,584.0803,521.1178,5227.6209,6332.8189999999995
6481,477.8737,435.0488,5417.0962,6330.0187
2288,412.8639,351.7126,5564.4763,6329.0528
2287,412.8639,351.7126,5564.4763,6329.0528
2388,412.8639,351.7126,5564.4763,6329.0528
9766,1486.7628,345.52819999999997,4496.1473000000005,6328.4383
8306,591.5915,475.7733,5260.0955,6327.4603
8307,591.5915,475.7733,5260.0955,6327.4603
8507,591.5915,475.7733,5260.0955,6327.4603
8206,591.5915,475.7733,5260.0955,6327.4603
8407,591.5915,475.7733,5260.0955,6327.4603
8506,591.5915,475.7733,5260.0955,6327.4603
8606,591.5915,475.7733,5260.0955,6327.4603
8508,591.5915,475.7733,5260.0955,6327.4603
8408,591.5915,475.7733,5260.0955,6327.4603
8205,591.4819,475.7285,5260.061,6327.2714
8404,591.3806000000001,475.68760000000003,5260.0296,6327.0978000000005
7831,312.02299999999997,234.3449,5779.7585,6326.1264
8304,590.5676,475.3568,5259.7746,6325.699
8405,590.5236,475.339,5259.7609,6325.6235
8406,589.8555,475.0675,5259.5516,6324.4746000000005
9644,448.4649,371.22589999999997,5503.2012,6322.892
8403,591.1083,475.4465,5255.3838,6321.9386
2657,645.4683,368.41,5305.1606,6319.0389
1586,394.7917,333.9422,5589.1657000000005,6317.8996
9329,384.8375,279.23560000000003,5646.6932,6310.7663
9565,1646.0104999999999,330.1146,4333.7253,6309.8504
7133,547.795,594.9529,5164.2339,6306.9818000000005
9674,488.9588,522.5286,5292.4735,6303.9609
5282,383.4846,265.7787,5654.1111,6303.3744
9966,706.5922,381.882,5214.6342,6303.1084
2683,319.9282,287.5563,5692.582600000001,6300.0671
2699,417.7804,277.7373,5603.1246,6298.6422999999995
7123,526.2224,388.4985,5383.1332,6297.8541
6417,467.96090000000004,399.4409,5429.54,6296.9418000000005
2682,318.0209,286.6361,5691.4118,6296.0688
2783,321.5221,287.6525,5679.4466,6288.6212000000005
8148,1779.8425,448.88059999999996,4059.1826,6287.9057
4582,395.05129999999997,391.9623,5499.9974999999995,6287.0111
5100,518.1563,274.0317,5494.0407,6286.2287
7037,793.6498,982.0930000000001,4508.6258,6284.3686
3494,419.52090000000004,317.8761,5546.5853,6283.9823
2151,276.3021,339.6804,5666.4975,6282.4800000000005
6381,429.47360000000003,412.7522,5438.0017,6280.2275
9001,637.7243,464.1733,5177.3987,6279.2963
8505,586.8996,471.81010000000003,5219.1732,6277.8829
9564,1640.8721,325.6945,4305.227,6271.7936
9665,1640.8721,325.6945,4305.227,6271.7936
9666,1640.8721,325.6945,4305.227,6271.7936
9764,1640.8721,325.6945,4305.227,6271.7936
9664,1640.8721,325.6945,4305.227,6271.7936
7648,544.4162,507.2249,5219.7184,6271.3595000000005
5981,312.00600000000003,280.96909999999997,5677.1119,6270.087
5199,517.8423,273.8865,5476.8592,6268.588
9765,1638.8229000000001,325.0599,4303.411,6267.2938
3546,403.8472,474.4859,5387.0646,6265.3977
8308,584.0413,469.4864,5211.8432999999995,6265.371
9136,371.6917,267.7957,5623.8318,6263.3192
9065,510.7571,388.7202,5363.1957,6262.673
9032,433.9786,306.1093,5517.3546,6257.4425
6082,324.6062,293.5737,5638.1736,6256.3535
3518,423.847,323.0618,5507.6044,6254.5132
1156,402.8796,410.0536,5439.5223,6252.4555
2091,566.1921,356.6384,5329.5148,6252.3453
9863,1631.5108,322.9571,4296.9208,6251.3887
8493,519.2923,444.82460000000003,5286.5862,6250.7031
1457,421.6377,454.62510000000003,5372.3177,6248.5805
2852,616.5861,450.7498,5181.1835,6248.5194
4824,605.7349,603.6025,5034.0806,6243.418
3152,498.3179,387.735,5356.0592,6242.1121
8232,490.8938,536.3621,5213.8150000000005,6241.070900000001
7035,910.4647,988.6262,4340.3741,6239.465
6789,556.4509,373.205,5302.3760999999995,6232.032
1256,437.2574,362.675,5430.336,6230.2684
8207,573.1238,461.9079,5190.2467,6225.2784
2641,310.9353,223.1538,5687.0802,6221.1693
4923,615.4943000000001,616.047,4988.7692,6220.3105000000005
7007,355.2604,285.8525,5575.5154,6216.6283
3740,464.4393,410.391,5340.9283,6215.7586
7694,578.5331,406.4186,5228.9213,6213.8730000000005
3052,544.0263,413.437,5255.8279,6213.2912
8332,543.0181,567.7254,5102.2611,6213.0046
9547,454.2038,370.094,5387.4442,6211.742
5024,618.6904,619.9455,4972.756,6211.3919
4924,618.6904,619.9455,4972.756,6211.3919
9996,391.6629,294.3864,5522.4995,6208.5488
9864,1466.4779,318.5967,4419.3359,6204.4105
1255,444.0288,346.7539,5412.8154,6203.5981
8331,540.0975,566.3376999999999,5096.3224,6202.7576
946,713.8987999999999,726.465,4761.2443,6201.6081
8607,575.8769,461.6606,5164.0094,6201.5469
4981,356.74240000000003,274.9745,5566.8976,6198.6145
1448,423.6931,384.6251,5389.1647,6197.4829
5099,507.764,269.4104,5414.8075,6191.9819
1458,395.8166,464.447,5326.8257,6187.0893
3923,466.18899999999996,400.3959,5319.1664,6185.7513
3983,406.0081,413.5463,5362.9356,6182.49
5023,610.7854,610.2998,4960.5243,6181.6095
9866,707.7682,356.4043,5116.2574,6180.4299
9883,457.5007,242.5918,5478.6709,6178.7634
9647,391.3783,339.1852,5447.3715,6177.935
8816,343.9451,225.0293,5608.2879,6177.2623
3741,639.2275,436.1033,5100.8342,6176.165
9641,212.5353,146.0823,5815.4708,6174.0884
9842,212.4972,146.0585,5815.4265,6173.9822
9742,212.4972,146.0585,5815.4265,6173.9822
6313,413.2812,320.4729,5435.5535,6169.3076
5200,492.2336,266.9552,5409.5659,6168.7547
9374,601.4713,540.9005,5024.3966,6166.7684
9345,540.9036,355.0795,5267.121,6163.1041000000005
6280,398.8548,369.5679,5393.0312,6161.4538999999995
1948,307.8363,369.4989,5481.5604,6158.8956
5913,383.175,298.9677,5475.6237,6157.7664
9543,448.3779,361.6382,5346.5095,6156.5256
6194,362.8014,264.231,5524.0442,6151.0766
8305,573.7748,465.0313,5109.3474,6148.153499999999
3030,595.3668,421.0367,5130.8591,6147.2626
7033,797.2757,916.626,4429.5253,6143.427
1559,402.5356,465.0709,5274.8585,6142.465
2149,348.7841,447.0783,5344.8892,6140.7516
5523,438.6961,337.6932,5360.559499999999,6136.9488
8041,562.301,381.22090000000003,5193.183,6136.7049
9017,400.8992,253.0485,5479.4604,6133.408100000001
2143,206.2572,287.1457,5639.7375999999995,6133.1405
9238,363.1521,261.5747,5506.4265,6131.1533
2049,348.7841,448.0057,5333.8532000000005,6130.643
3339,473.7715,321.1817,5333.6616,6128.6148
3338,473.7715,321.1817,5333.6616,6128.6148
9740,211.3006,145.1066,5771.8835,6128.2907000000005
1590,804.1292,500.6517,4822.1452,6126.9261
8147,1782.4049,426.6281,3917.1408,6126.1738000000005
3439,470.3335,319.5117,5332.3601,6122.2053
3086,518.0468,317.0917,5283.2428,6118.3813
5599,367.647,241.90879999999999,5508.4517000000005,6118.0075
9278,429.2683,354.2297,5330.9011,6114.3991
3299,400.7008,285.5866,5422.3453,6108.6327
4420,389.1667,303.9507,5414.9102,6108.0276
6212,377.3628,305.7749,5423.0056,6106.1433
5673,1073.5248,736.6825,4291.0879,6101.2952000000005
3440,467.4475,324.0871,5306.0479000000005,6097.5825
9545,451.1183,368.46659999999997,5274.152,6093.7369
8393,532.2772,451.91929999999996,5107.402,6091.5985
9544,449.4979,367.8075,5273.5443000000005,6090.8497
5581,277.6193,231.36100000000002,5579.3115,6088.2918
9741,210.08370000000002,144.1388,5727.5955,6081.818
8196,452.7455,344.5094,5284.2672,6081.5221
9844,262.0479,228.0278,5590.0166,6080.0923
8116,478.7555,347.8413,5252.7364,6079.3332
9346,440.147,363.547,5272.7019,6076.3959
7034,825.7148,896.8867,4353.4369,6076.0384
1895,386.8844,316.8959,5372.0091,6075.7894
2056,398.4392,412.7346,5263.1278,6074.3016
8504,564.4171,452.5678,5053.4844,6070.4693
7573,351.24830000000003,448.8831,5267.3289,6067.4603
4183,526.8796,479.2606,5054.9857999999995,6061.126
7574,346.7116,449.3267,5264.9156,6060.9539
7247,455.7774,373.2523,5231.6839,6060.7136
9865,981.1568,316.2061,4761.8958999999995,6059.2588
3468,443.9459,361.6539,5250.2675,6055.8673
2530,478.9878,293.65999999999997,5282.9981,6055.6459
6806,369.0636,289.3869,5396.5808,6055.0313
647,442.92900000000003,350.759,5261.2756,6054.9636
8916,394.018,247.2277,5413.6764,6054.9221
8915,394.018,247.2277,5413.6764,6054.9221
8917,394.018,247.2277,5413.6764,6054.9221
3568,528.2304,508.33729999999997,5016.0919,6052.6596
8601,563.4789999999999,405.9642,5082.9703,6052.413500000001
9016,393.1953,246.743,5412.2564,6052.1947
5600,362.4746,239.6449,5447.2482,6049.3677
9130,369.8385,267.7584,5408.1596,6045.7565
3084,445.02840000000003,290.539,5309.5068,6045.0742
8348,956.2738,415.3491,4671.2668,6042.8897
8594,459.353,398.1417,5184.6076,6042.1023
9229,364.0747,263.3696,5414.6431,6042.0874
3340,461.4556,315.1326,5264.8695,6041.4577
8350,449.2878,414.0043,5176.4749,6039.767
1071,336.68919999999997,217.4254,5485.3853,6039.4999
9088,669.3362999999999,464.5915,4905.1218,6039.049599999999
6083,327.3089,304.3077,5406.9001,6038.5167
9743,221.4468,169.0788,5644.9046,6035.4302
9393,413.5532,319.1804,5300.106,6032.8396
2799,414.0395,289.3697,5327.0891,6030.4983
1858,424.7647,485.7315,5119.2379,6029.734100000001
7318,484.569,459.116,5085.5589,6029.2439
9444,450.6765,366.555,5210.7232,6027.9547
8106,557.6549,449.1474,5020.116,6026.9183
2634,457.21270000000004,321.5551,5240.0247,6018.7925
7525,407.5143,445.91200000000003,5160.8847,6014.311
4922,450.2939,377.931,5185.5851999999995,6013.8101
6882,381.6463,363.2274,5266.2347,6011.1084
7776,344.8636,363.1431,5301.4029,6009.4096
2542,205.1807,279.5303,5518.418000000001,6003.129
1691,611.6653,444.3953,4941.8813,5997.9419
7812,553.2932,474.6188,4969.3218,5997.2338
7036,862.9868,1020.2707,4111.4158,5994.6733
6985,618.9041,772.0608,4603.0309,5993.9958
4084,393.5689,418.79519999999997,5180.9031,5993.2672
650,304.21930000000003,243.0907,5442.1035,5989.413500000001
7416,361.14050000000003,331.1318,5296.1873,5988.4596
8961,607.5163,541.5997,4838.3474,5987.4634
6790,544.8669,403.7529,5038.1553,5986.7751
8815,384.5917,241.6752,5360.4915,5986.7584
9646,411.2485,347.66589999999997,5225.7145,5984.628900000001
8003,569.6315,459.54650000000004,4954.601900000001,5983.7799
846,610.3004,562.0015,4809.7651,5982.067
9964,677.8968,316.9383,4984.3851,5979.2202
9965,661.325,316.9649,4995.0758000000005,5973.3657
9184,525.4548,413.6099,5033.6582,5972.7229
7411,399.0409,289.2534,5277.5636,5965.8579
9643,356.993,264.637,5343.1133,5964.7433
6788,540.1965,410.6485,5013.8863,5964.7313
9546,447.4291,364.5133,5151.1399,5963.0823
2951,504.4173,390.3161,5062.6421,5957.3755
8115,565.3801,375.6612,5014.083500000001,5955.1248000000005
6088,348.8922,251.5671,5350.8812,5951.3405
5123,555.0432000000001,539.4695,4853.7977,5948.3104
8732,402.1355,324.0528,5219.6858,5945.8741
1353,427.702,350.298,5161.9374,5939.9374
8198,426.4357,316.43899999999996,5195.1092,5937.9839
9445,447.67379999999997,364.5953,5125.33,5937.5991
1400,438.28839999999997,376.1261,5122.3294,5936.7438999999995
1159,455.2974,399.2264,5081.1011,5935.6249
4375,208.82920000000001,207.2751,5516.1205,5932.2248
8744,804.1392000000001,274.9593,4852.989,5932.0875
9084,541.872,425.6487,4964.3534,5931.8741
6343,692.4452,767.0183,4460.5375,5920.001
8117,420.7587,329.5827,5168.5457,5918.8871
8394,485.9722,417.71049999999997,5012.8427,5916.5253999999995
8784,580.8655,413.7889,4920.073,5914.7274
9421,442.1097,323.673,5147.2390000000005,5913.0217
9921,412.2987,312.3683,5187.836499999999,5912.5035
1069,321.2617,245.50979999999998,5343.0237,5909.7952000000005
8231,467.0184,522.3129,4919.9729,5909.3042000000005
9063,716.0461,586.5597,4604.8475,5907.4533
4430,466.8465,475.7771,4962.7388,5905.3624
7894,512.5797,362.1816,5029.5509999999995,5904.3123
7103,355.1197,286.6827,5261.9533,5903.7557
1440,368.4289,330.4258,5204.8679,5903.7226
6181,326.01300000000003,313.6263,5261.921,5901.5603
8522,294.7598,218.4998,5385.2371,5898.4967
2150,294.4081,381.33369999999996,5222.3137,5898.0555
2154,367.4686,385.2943,5139.1606,5891.9235
8295,487.9065,417.6084,4979.3261,5884.840999999999
6196,353.0091,242.9385,5284.0016,5879.9492
6197,353.0091,242.9385,5284.0016,5879.9492
6195,352.46979999999996,242.8637,5284.3083,5879.641799999999
1356,376.1167,394.85,5106.4775,5877.4442
6096,352.454,242.4804,5282.3498,5877.2842
6937,793.0157,967.0805,4116.4124,5876.5086
8962,704.2372,587.1007999999999,4584.8564,5876.1944
2344,203.4425,285.5057,5386.4827,5875.430899999999
1984,427.813,319.5793,5124.6751,5872.0674
4382,613.6121,556.7938,4701.2466,5871.6525
8929,313.52889999999996,215.5314,5342.1695,5871.2298
5129,487.4781,444.467,4938.0127,5869.9578
8822,369.7128,247.1123,5251.4543,5868.2794
6112,373.79040000000003,310.331,5183.2105,5867.3319
9223,436.0,315.6057,5111.0037,5862.6094
7794,514.3586,346.07910000000004,5002.0561,5862.4938
2341,198.4797,278.1662,5384.1389,5860.784799999999
9117,408.3806,264.1259,5185.6732,5858.1797
9797,358.4836,275.1829,5224.171,5857.837500000001
7823,505.6213,626.607,4724.2969,5856.5252
6936,963.711,1058.2934,3830.8177,5852.8221
4080,486.0021,490.58439999999996,4871.9186,5848.5051
7435,387.9987,372.629,5086.2757,5846.9034
9178,410.1279,392.4113,5037.7641,5840.3033
1063,416.1686,413.37039999999996,5010.582,5840.121
2782,319.3179,263.64209999999997,5256.691,5839.651
9898,357.0412,274.2034,5207.7724,5839.017
9897,357.0412,274.2034,5207.7724,5839.017
7134,504.4095,499.8927,4832.7829,5837.0851
6993,453.7072,342.722,5036.3079,5832.7371
3978,497.75690000000003,489.90840000000003,4843.0209,5830.6862
9446,433.14529999999996,356.7388,5037.5199,5827.404
8465,658.079,510.3019,4658.2851,5826.666
8963,705.1395,577.7129,4542.9376,5825.79
9896,357.0209,274.11150000000004,5186.7435000000005,5817.8759
747,528.0991,477.50260000000003,4809.6563,5815.258
8321,321.1887,248.6909,5245.3638,5815.2434
3000,393.3158,280.6085,5140.3706,5814.2949
2185,364.8365,303.1419,5145.1199,5813.0983
2798,424.3809,285.2178,5098.9264,5808.5251
3347,314.5532,608.9906,4884.9048,5808.4486
3348,314.5532,608.9906,4884.9048,5808.4486
3447,314.5532,608.9906,4884.9048,5808.4486
2790,493.8347,409.56,4904.5694,5807.9641
3446,314.6383,605.2871,4883.9204,5803.8458
3448,317.6953,602.3126,4883.2097,5803.2176
8131,388.0675,388.2503,5025.8856,5802.203399999999
1792,501.6604,406.1996,4893.6265,5801.4865
6283,334.6359,324.6116,5139.7509,5798.9984
6836,947.6916,1046.1267,3803.5067,5797.325
8817,320.637,207.0136,5268.4235,5796.0741
9225,432.9827,313.2781,5048.1088,5794.3696
9224,432.9827,313.2781,5048.1088,5794.3696
9323,432.9827,313.2781,5048.1088,5794.3696
7734,427.2875,437.7452,4927.9572,5792.9899
854,306.6005,415.8856,5069.2771999999995,5791.7633
3083,422.9543,274.3317,5093.4502,5790.7362
9324,431.77,313.9695,5044.6034,5790.342900000001
4083,390.6633,373.4085,5026.1406,5790.2124
7475,386.6768,520.721,4880.3023,5787.7001
4976,697.1142,736.7428,4351.8441,5785.7011
9124,420.7247,300.6621,5064.2478,5785.6346
5331,531.8184,373.4838,4878.8523,5784.1545
9318,458.6263,323.311,5001.4093,5783.3466
1651,286.1564,316.8542,5180.0333,5783.0439
7535,483.159,458.6441,4837.7431,5779.5462
2342,194.6989,276.1272,5308.1113,5778.9374
2142,194.6989,276.1272,5308.1113,5778.9374
2442,194.6989,276.1272,5308.1113,5778.9374
2243,194.6989,276.1272,5308.1113,5778.9374
2242,194.6989,276.1272,5308.1113,5778.9374
2343,194.6989,276.1272,5308.1113,5778.9374
2443,194.6989,274.3485,5307.7258,5776.7732
3985,368.0099,384.6833,5020.2688,5772.962
1591,491.7481,405.0953,4874.2994,5771.1428
6198,296.5382,262.5464,5209.393,5768.4776
1692,490.7883,403.81739999999996,4873.58,5768.1857
6182,321.2671,326.0598,5120.5406,5767.8675
1496,495.8922,307.9695,4963.9915,5767.8532000000005
1497,495.8922,307.9695,4963.9915,5767.8532000000005
1596,495.8922,307.9695,4963.9915,5767.8532000000005
9383,489.407,355.6278,4920.771,5765.8058
4085,366.5692,382.8718,5014.9845000000005,5764.4255
6281,323.5776,321.704,5116.9498,5762.2314
1593,491.8496,402.9834,4866.3135,5761.1465
1444,317.3261,320.9015,5121.7724,5760.0
1693,488.6461,401.77,4867.5985,5758.0146
1597,493.9223,307.0567,4956.4133,5757.3923
7634,505.8347,462.7002,4788.2029,5756.7378
9872,309.816,339.1354,5106.9392,5755.8906
1988,490.3706,329.4207,4935.8074,5755.5987000000005
9347,419.02410000000003,349.6966,4986.619000000001,5755.3397
5886,349.2299,247.6585,5156.8677,5753.7561
3259,3312.5897999999997,157.3243,2283.3547,5753.2688
5218,391.7124,237.4384,5122.9775,5752.1283
3029,560.5316,397.3007,4793.8049,5751.6372
1592,485.4681,399.8203,4864.7544,5750.0428
6382,315.3115,318.59250000000003,5116.0787,5749.9827
2184,365.09139999999996,316.3318,5068.0127,5749.4359
4434,1122.4256,588.0499,4038.5206,5748.9961
8494,393.2031,349.227,5006.3357,5748.7658
3360,3592.1345,153.6222,2000.2797,5746.0364
6707,345.7566,275.438,5124.8199,5746.0145
9640,201.2423,137.1077,5405.8582,5744.2082
2929,408.8646,255.8653,5078.8866,5743.6165
9325,429.9921,312.3001,5000.7512,5743.0434
4078,493.5732,488.767,4759.9747,5742.3149
3100,364.9531,257.6739,5119.0211,5741.6481
9125,415.87280000000004,298.169,5026.5491,5740.5909
6708,357.0949,281.7594,5098.326,5737.1803
1495,492.8954,310.3802,4932.8161,5736.0917
1500,381.765,310.7328,5043.3976999999995,5735.8955
1793,481.5714,396.5636,4856.4849,5734.6199
9384,484.2333,350.8675,4899.142,5734.2428
5217,363.2493,227.0609,5143.3305,5733.6407
5317,363.2365,227.0571,5143.3392,5733.6328
5316,343.9273,223.5802,5163.5099,5731.0174
9843,205.46,169.4495,5355.5333,5730.4428
5315,339.0476,222.7009,5168.6056,5730.3541
9971,291.8909,289.9758,5147.4394999999995,5729.3062
1498,476.99199999999996,309.0827,4942.5109,5728.5856
7511,362.7136,279.0444,5086.6042,5728.3622
8605,540.5323999999999,433.1309,4753.9374,5727.6007
6589,481.5632,316.1811,4929.3391,5727.0833999999995
9284,483.0421,349.8412,4893.7203,5726.6035999999995
9283,483.0421,349.8412,4893.7203,5726.6035999999995
4219,329.9983,247.4134,5144.8677,5722.2794
4179,484.38800000000003,490.1964,4747.5085,5722.0929
3398,332.4914,230.605,5155.8352,5718.9316
8449,448.4607,396.2276,4870.1483,5714.8366
2816,331.4708,265.1255,5116.8555,5713.4518
9919,387.0489,307.8832,5018.3672,5713.2993
6183,306.8019,307.3659,5098.967000000001,5713.1348
749,428.8604,364.096,4918.4868,5711.4432
3980,482.0492,488.4892,4736.5715,5707.1099
5522,350.7005,256.3288,5099.3308,5706.3601
3116,338.9905,271.732,5095.6031,5706.3256
3979,482.0202,488.4741,4735.5923,5706.0866000000005
4079,482.0202,488.4741,4735.5923,5706.0866000000005
4026,413.6394,362.2565,4925.1244,5701.0203
4125,413.6394,362.2565,4925.1244,5701.0203
4024,413.6394,362.2565,4925.1244,5701.0203
4025,413.6394,362.2565,4925.1244,5701.0203
4374,164.2935,181.0245,5353.7381000000005,5699.0561
7412,348.1423,273.7226,5074.9245,5696.7894
9135,336.4008,237.05610000000001,5118.7013,5692.1582
8616,293.154,184.4776,5213.6942,5691.3258000000005
1155,388.4533,362.1245,4935.5319,5686.1097
8983,522.267,366.5159,4794.3098,5683.0927
3369,444.8134,331.9803,4905.1833,5681.977
4427,736.8665,735.2436,4208.2248,5680.3349
2797,427.3786,281.9421,4970.6431999999995,5679.9639
2800,419.1732,283.3765,4976.6586,5679.2083
1741,192.9372,273.3659,5211.8416,5678.1447
2739,330.2413,225.1529,5122.6394,5678.0336
6200,301.971,284.2529,5091.4246,5677.6485
4921,362.3498,257.9375,5055.3850999999995,5675.6723999999995
4920,362.2769,257.891,5054.3859,5674.5538
4124,412.11850000000004,361.0743,4900.2032,5673.396
6282,318.464,320.0768,5031.8761,5670.4169
5740,400.6035,428.2174,4839.5647,5668.3856
7136,578.0629,715.2873000000001,4367.5944,5660.9446
8713,626.7599,457.2917,4576.6282,5660.6798
5500,359.9415,228.9669,5070.4723,5659.3807
5499,359.682,227.87969999999999,5069.0709,5656.6326
5399,359.682,227.87969999999999,5069.0709,5656.6326
5398,359.6755,227.8764,5069.0506,5656.6025
5519,380.0681,273.9033,5002.3517999999995,5656.3232
5639,401.6842,430.3162,4822.1624,5654.1628
8395,383.9137,339.0351,4928.007,5650.9558
5417,351.7907,228.0214,5070.0921,5649.9042
3882,434.7563,422.8125,4790.6412,5648.21
5422,336.5418,241.5677,5066.4638,5644.5733
8364,653.7474,467.1372,4522.8181,5643.7027
8320,317.1902,244.9449,5081.558,5643.6931
4919,385.4452,261.5747,4995.7681,5642.788
1270,323.4294,249.4271,5069.716,5642.5725
3361,3584.8454,146.8073,1908.551,5640.2037
3300,324.382,223.97660000000002,5091.6854,5640.044
6992,422.7034,313.7458,4903.5205,5639.9697
3986,356.5158,370.9529,4911.604,5639.0727
1499,400.3926,307.6048,4930.970600000001,5638.968
8365,628.6145,484.1103,4522.2931,5635.0179
3682,493.87350000000004,465.089,4674.2594,5633.2219
1265,338.2355,278.0118,5016.5579,5632.805200000001
3583,461.5773,396.0436,4774.3312000000005,5631.9521
2928,385.4025,241.33589999999998,5004.1061,5630.8445
9078,425.8401,383.1468,4821.1137,5630.100600000001
7995,479.32349999999997,337.83299999999997,4807.5597,5624.7162
3642,370.9656,323.6773,4925.8327,5620.4756
1659,383.5921,445.747,4790.4758,5619.8149
2984,393.0543,283.94350000000003,4942.5953,5619.5931
1595,481.8833,319.2448,4818.2535,5619.3816
5400,364.7481,228.8492,5017.3008,5610.8981
8987,716.7954,506.47429999999997,4385.6803,5608.95
3596,430.8549,376.7552,4799.633,5607.2431
765,395.5457,403.2441,4805.8896,5604.6794
8901,636.1636,466.642,4501.818,5604.6236
4320,331.8775,247.8412,5021.4065,5601.1252
7915,435.3299,351.2273,4812.3940999999995,5598.9513
9237,328.96549999999996,231.41930000000002,5035.4558,5595.8405999999995
6098,302.0056,278.0267,5015.1191,5595.1514
1352,421.0987,342.2308,4831.699,5595.0285
6984,451.8284,489.2519,4653.8985,5594.9788
9101,507.6287,368.6499,4716.9064,5593.185
8609,505.1557,366.6908,4715.8121,5587.6586
1847,244.6501,258.8698,5081.5354,5585.0553
1594,478.1473,356.1125,4750.0383,5584.2981
5299,395.13210000000004,234.8547,4953.8544,5583.8412
9236,329.2745,231.0145,5022.8580999999995,5583.1471
7724,946.7304,884.4194,3751.8311,5582.9809000000005
864,405.0984,400.0381,4777.785,5582.9214999999995
9337,328.9616,230.7337,5021.9926,5581.6879
6099,301.9064,279.3416,4999.8048,5581.0528
5999,301.9064,279.3416,4999.8048,5581.0528
6100,301.9064,279.3416,4999.8048,5581.0528
6199,301.9064,279.3416,4999.8048,5581.0528
1459,340.1442,417.879,4822.8969,5580.9201
9336,329.4321,230.8142,5020.1157,5580.362
9943,226.6645,167.5121,5182.946,5577.1226
6433,994.5864,844.0469,3735.3415,5573.9748
8595,372.8678,328.1949,4872.3742,5573.4369
8349,441.21610000000004,388.8252,4742.1944,5572.2357
1166,318.3245,252.7902,4998.3092,5569.4239
2536,350.6451,288.6329,4929.7161,5568.9941
2691,490.3528,414.7939,4662.9065,5568.0532
7294,397.8474,305.012,4864.2402999999995,5567.0997
7476,414.5902,508.9723,4642.4104,5565.9729
8604,540.1582,434.1421,4587.8186,5562.1188999999995
9338,327.8926,232.8108,4999.9427,5560.6461
7513,342.3971,279.6054,4932.196,5554.1985
7613,342.3971,279.6054,4932.196,5554.1985
8706,493.693,386.855,4673.5731,5554.1211
7612,340.2981,278.3605,4927.7092999999995,5546.3679
7512,340.2981,278.3605,4927.7092999999995,5546.3679
648,396.8515,311.6003,4837.0347,5545.4865
7405,910.3618,266.633,4368.4769,5545.4717
8218,266.0318,217.5168,5060.2151,5543.7637
4820,354.1573,260.4364,4926.5715,5541.1652
753,261.5346,228.0795,5051.0755,5540.6896
5216,345.2502,218.1935,4977.0567,5540.5004
5300,413.2441,239.0059,4888.0883,5540.3383
3082,388.744,257.6565,4892.4738,5538.8743
9015,371.0089,231.6651,4933.7171,5536.3911
3200,320.1532,223.1338,4988.2,5531.487
9235,326.4366,228.6286,4976.3356,5531.4008
6300,285.4492,282.665,4962.3488,5530.463
9230,340.2018,245.10309999999998,4943.918,5529.2229
2920,322.8252,274.4823,4931.0293,5528.3368
1169,315.53340000000003,247.719,4962.7299,5525.982300000001
3456,265.8718,209.7346,5048.5331,5524.1395
8564,649.2367,481.9907,4391.8524,5523.0797999999995
1365,319.5854,255.5739,4946.8518,5522.0111
1171,310.5415,220.27159999999998,4990.3157,5521.1288
2055,359.8829,389.9249,4767.3481,5517.1559
7211,347.9481,266.9966,4898.8101,5513.7548
748,434.552,371.44689999999997,4704.9841,5510.983
3540,384.2314,320.858,4805.5808,5510.6702
9023,359.404,240.60750000000002,4906.2892,5506.3007
2483,631.7787,543.7585,4324.4920999999995,5500.0293
7903,536.8509,433.0374,4526.7666,5496.6548999999995
8922,360.08410000000003,240.9701,4894.3662,5495.4204
6698,357.4941,267.6569,4870.1951,5495.3461
3281,423.933,284.2517,4787.0770999999995,5495.2618
8546,459.6687,351.8343,4682.7444,5494.2474
8823,358.7242,239.8775,4894.1055,5492.7072
6097,328.4578,229.9673,4930.5404,5488.9655
8549,453.9272,377.5152,4657.1709,5488.6133
9226,391.80830000000003,282.783,4813.3124,5487.9037
3723,462.61719999999997,480.4521,4544.3872,5487.4565
7413,312.7776,263.5183,4910.6051,5486.901
2543,187.264,238.17929999999998,5059.2218,5484.6651
447,384.848,299.3707,4800.353,5484.5716999999995
9024,358.3645,239.7085,4886.2618999999995,5484.3349
8923,358.3645,239.7085,4886.2618999999995,5484.3349
8924,358.3645,239.7085,4886.2618999999995,5484.3349
1068,314.4561,248.2091,4920.0395,5482.7047
8048,1704.3099,422.9061,3355.2914,5482.5074
3349,278.6683,580.6253,4622.4296,5481.7232
8925,344.4253,231.0466,4903.9892,5479.4610999999995
9002,590.5115,430.9565,4457.3015000000005,5478.7695
5122,482.5176,417.6816,4578.1833,5478.382500000001
8431,473.9013,489.6225,4514.1832,5477.707
9025,338.6803,227.3827,4911.5839,5477.6469
1587,352.1982,316.2013,4808.8659,5477.2654
1650,206.5902,266.8822,5003.785,5477.2574
8725,335.7638,225.5568,4915.7527,5477.0733
1268,312.4492,246.3178,4917.409000000001,5476.176
1368,312.4492,246.3178,4917.409000000001,5476.176
1367,312.4492,246.3178,4917.409000000001,5476.176
1168,312.4492,246.3178,4917.409000000001,5476.176
1369,312.4492,246.3178,4917.409000000001,5476.176
1269,312.4492,246.3178,4917.409000000001,5476.176
1167,312.4492,246.3178,4917.409000000001,5476.176
1267,312.4492,246.3178,4917.409000000001,5476.176
1470,311.8712,246.2056,4917.6255,5475.7023
1469,311.8712,246.2056,4917.6255,5475.7023
1467,311.8712,246.2056,4917.6255,5475.7023
1468,311.8712,246.2056,4917.6255,5475.7023
1466,311.8541,246.1994,4917.6203000000005,5475.6738000000005
8726,325.8561,219.3535,4928.6805,5473.8901
8826,325.7455,219.3141,4928.6136,5473.6732
9147,530.2454,310.406,4632.6501,5473.3015000000005
8926,324.9453,219.0308,4928.1299,5472.106
8667,317.1069,249.95350000000002,4903.3238,5470.3842
2253,353.4217,410.55469999999997,4705.7265,5469.7029
6095,337.0231,231.5513,4900.195,5468.7694
7715,282.8649,229.9109,4955.8899,5468.6657000000005
9239,322.5978,240.53979999999999,4904.4382,5467.5758
2988,469.8146,267.4321,4726.6522,5463.8989
2141,185.1523,267.0591,5011.0043,5463.2157
2890,392.5449,313.02479999999997,4755.8822,5461.4519
6697,349.45,258.3213,4852.6685,5460.4398
2241,185.06019999999998,266.9742,5008.2359,5460.2703
9026,322.7291,217.9296,4916.6646,5457.3233
7132,445.3516,484.335,4525.6482,5455.3348
8535,974.6169,470.253,4008.5432,5453.4131
3229,627.7547,470.0094,4352.6429,5450.407
6781,348.2187,330.3492,4771.2444000000005,5449.8123000000005
9126,363.8275,259.5873,4821.6206,5445.0354
5421,301.8423,203.9169,4938.8755,5444.6347000000005
1266,310.84540000000004,245.2074,4887.1355,5443.1883
7202,340.1358,273.0288,4821.9698,5435.1344
7135,400.2447,433.7599,4600.597,5434.6016
1851,248.1931,285.3886,4897.9083,5431.49
9087,664.1637000000001,458.0772,4308.0019999999995,5430.2429
8199,357.9169,252.01330000000002,4819.8991,5429.8293
7137,586.3599,737.0382,4104.0606,5427.4587
3362,2599.2880999999998,182.9878,2644.8436,5427.1195
2652,352.2254,397.5555,4673.2453000000005,5423.0262
8827,321.9313,216.7421,4880.6248,5419.2982
8733,472.4142,354.0499,4590.995,5417.4591
1944,179.3032,251.4383,4986.2555,5416.997
6000,292.1839,271.2102,4853.2091,5416.6032000000005
4482,467.2397,434.1096,4511.0323,5412.3816
8623,346.6145,231.3264,4831.9809,5409.9218
8783,402.8899,319.088,4687.3588,5409.3367
2292,389.75,263.061,4756.1107,5408.9217
8824,354.8462,237.3651,4816.6439,5408.8552
2918,257.8735,247.5503,4900.4818,5405.9056
3329,637.714,481.3427,4281.8934,5400.9501
7901,510.3109,406.996,4482.6288,5399.9357
6939,500.37149999999997,605.099,4289.3343,5394.8048
7608,350.798,247.7093,4795.4037,5393.911
8096,474.851,350.3176,4566.3729,5391.5415
8099,394.3929,253.5652,4741.6934,5389.6515
3051,384.4772,317.3663,4686.8372,5388.6807
1588,739.4097,459.6126,4184.4591,5383.4814
3194,328.8306,249.4595,4804.6049,5382.8949999999995
5640,404.418,428.7203,4549.2721,5382.410400000001
4783,325.253,256.5221,4799.1982,5380.9733
1465,304.8737,242.3384,4830.3728,5377.5849
6935,881.476,988.5376,3507.0404,5377.054
7311,386.3362,275.1595,4714.2152,5375.7109
6986,583.0785,735.4728,4057.0733,5375.6246
5298,350.254,221.2077,4801.4195,5372.8812
2354,372.3635,392.4557,4603.9329,5368.7521
2355,372.3635,392.4557,4603.9329,5368.7521
2255,372.3635,392.4557,4603.9329,5368.7521
2454,372.3635,392.4557,4603.9329,5368.7521
7335,323.4908,379.2657,4662.6489,5365.4054
2254,367.4769,392.9866,4603.4379,5363.9014
8023,288.0664,288.6933,4784.067,5360.8267
646,411.5356,294.88800000000003,4653.3634,5359.787
5814,335.9396,253.8162,4766.8378,5356.5936
9339,315.815,237.5754,4802.8571,5356.2474999999995
2155,361.4077,391.9267,4602.8235,5356.1579
2583,382.8155,346.485,4625.3452,5354.6457
8696,330.4623,270.8149,4750.3327,5351.6099
2156,357.3702,391.2446,4602.4145,5351.0293
8825,332.6361,223.2909,4786.3423999999995,5342.2694
1750,202.3946,264.893,4874.2303,5341.5179
9973,190.8023,192.69050000000001,4957.5235,5341.0163
6482,394.611,398.68,4545.5996,5338.8906
1850,211.45499999999998,277.5818,4848.102,5337.1388
8022,295.2304,271.8752,4766.5389,5333.6445
1370,304.1293,240.83689999999999,4786.9536,5331.9198
9245,653.3709,283.8773,4394.6004,5331.8486
9328,328.8048,240.14860000000002,4761.7269,5330.6803
2829,339.7839,206.3082,4783.053,5329.1451
8130,358.7123,357.788,4609.5501,5326.0504
2392,386.1339,259.656,4678.777,5324.5669
9340,322.1408,238.6729,4762.7805,5323.5942
2883,332.4979,240.2199,4749.4897,5322.2075
5641,722.1301,452.4691,4144.2005,5318.7997
8299,347.7986,249.627,4718.0631,5315.4887
5328,551.5532000000001,448.1846,4312.2948,5312.0326000000005
8432,460.5994,472.2376,4377.2316,5310.0686000000005
5022,435.4328,380.8084,4490.721,5306.9622
2353,348.0328,415.4532,4543.0826,5306.5686
5221,448.2382,367.06149999999997,4490.8515,5306.1512
7486,387.0096,303.9887,4613.4683,5304.4666
8303,502.9307,399.68,4401.841,5304.4517000000005
9227,341.8639,254.47590000000002,4706.9627,5303.3025
9438,313.3639,230.407,4758.012,5301.7829
6835,851.4128,997.8954,3450.6442,5299.9524
7233,358.2215,399.0437,4542.2161,5299.4813
8197,356.0243,289.7297,4653.5898,5299.3438
4231,568.3262,566.9603,4163.4541,5298.7406
2048,310.7906,336.3392,4650.9222,5298.052
8797,334.9407,269.9257,4691.5994,5296.4658
746,447.2047,312.1621,4534.5528,5293.9196
7194,389.74330000000003,302.28270000000003,4597.2659,5289.2919
1366,302.4605,239.728,4745.7425,5287.9310000000005
8363,579.4546,405.9057,4301.075,5286.4353
7423,319.0563,348.401,4618.4289,5285.8862
3181,409.50260000000003,275.84929999999997,4599.255,5284.6069
8447,483.7242,356.3851,4443.1121,5283.2214
3260,3560.0207,123.59729999999999,1596.138,5279.756
3261,3560.0207,123.59729999999999,1596.138,5279.756
3160,3560.0207,123.59729999999999,1596.138,5279.756
3161,3560.0207,123.59729999999999,1596.138,5279.756
5590,322.0369,294.51570000000004,4660.3446,5276.8972
3544,331.4424,312.029,4633.1519,5276.6233
3060,3556.3433999999997,123.6136,1596.0442,5276.0012
2989,457.3111,267.784,4549.8285000000005,5274.9236
7291,373.8386,275.1674,4623.108,5272.1140000000005
7292,373.8386,275.1674,4623.108,5272.1140000000005
7092,373.8386,275.1674,4623.108,5272.1140000000005
7192,373.8386,275.1674,4623.108,5272.1140000000005
6927,484.84250000000003,327.39529999999996,4458.4073,5270.6451
3977,1078.3105,368.6553,3819.1787,5266.1445
7191,373.1744,274.892,4615.337,5263.4034
8495,350.5925,298.786,4609.1633,5258.5418
9047,786.6129999999999,242.8581,4228.865,5258.3361
8567,361.7677,325.0315,4570.1603,5256.9595
5690,315.7261,289.3329,4650.4121,5255.4711
5982,264.0444,240.4726,4749.1942,5253.711200000001
6837,754.3733,924.3337,3574.2182000000003,5252.925200000001
8098,403.8269,266.539,4573.5141,5243.88
5416,317.8911,209.83939999999998,4714.4339,5242.1644
2828,320.2307,195.0333,4723.4558,5238.7198
3531,447.2337,373.3452,4416.3432999999995,5236.9222
9820,390.2809,294.6457,4546.324,5231.2506
7518,425.1465,385.6174,4417.5886,5228.3525
7234,329.90999999999997,393.0204,4500.6105,5223.5409
5521,271.9336,182.7463,4766.9012999999995,5221.5812
8699,345.8845,272.4864,4602.8876,5221.2585
7649,391.8987,373.97589999999997,4452.7387,5218.6133
4520,331.35,262.2599,4620.9527,5214.5626
8843,754.3595,245.0495,4214.3841999999995,5213.7932
9301,442.5741,321.8439,4448.8357,5213.2537
9201,442.5741,321.8439,4448.8357,5213.2537
9202,442.5741,321.8439,4448.8357,5213.2537
9302,442.5741,321.8439,4448.8357,5213.2537
957,376.27750000000003,392.5258,4443.8449,5212.6482
9303,444.03,322.0541,4445.6548999999995,5211.739
9134,320.938,230.8863,4653.5648,5205.3891
1399,437.02660000000003,391.3682,4376.873,5205.2678
9203,450.795,323.0269,4430.8714,5204.6933
4975,634.5862,705.1634,3864.532,5204.2816
9401,440.085,319.9509,4442.1086,5202.1445
9102,484.6047,337.8109,4378.679,5201.0946
6808,346.1303,273.7926,4578.2901,5198.213
5491,289.9986,266.0434,4641.4133999999995,5197.4554
5691,289.9986,266.0434,4641.4133999999995,5197.4554
5490,289.9986,266.0434,4641.4133999999995,5197.4554
5390,289.9986,266.0434,4641.4133999999995,5197.4554
5392,289.9986,266.0434,4641.4133999999995,5197.4554
5391,289.9986,266.0434,4641.4133999999995,5197.4554
6292,317.6119,235.2409,4641.4147,5194.2675
1843,170.1286,255.1704,4768.5174,5193.8164
7193,369.5268,272.3902,4551.1614,5193.0784
7875,279.0771,292.2386,4620.092,5191.4077
6706,334.61379999999997,259.4463,4595.0347,5189.0948
7235,314.6095,389.4252,4476.5933,5180.628
855,278.67040000000003,393.7795,4503.588,5176.0379
8723,338.682,226.9608,4609.0225,5174.6653
5492,289.3358,265.7579,4617.4118,5172.5055
9103,479.20189999999997,328.1963,4357.6955,5165.093699999999
9286,298.4478,272.3776,4594.0383,5164.8637
7704,401.1603,325.966,4435.9001,5163.0264
9437,310.076,222.8587,4628.7881,5161.7228000000005
7895,401.1578,227.9167,4531.8151,5160.8895999999995
5427,532.6399,440.7643,4186.8343,5160.2385
8715,297.3205,186.6343,4674.8751,5158.8299
2729,317.7377,189.77960000000002,4651.2224,5158.7397
7896,400.725,227.308,4530.2895,5158.3225
5415,314.2113,207.6024,4635.4541,5157.2678
7795,400.5209,227.1712,4526.216,5153.9081
1892,494.2088,325.4147,4331.9142,5151.5377
7902,526.9236999999999,419.7651,4203.981,5150.6698
6582,334.7039,328.6867,4487.0968,5150.4874
4319,294.3358,221.576,4633.5738,5149.4856
8943,748.5818,242.6892,4158.084,5149.3550000000005
9204,427.7965,310.5996,4408.8943,5147.2904
3346,275.979,538.7009,4332.3955,5147.0754
6844,669.1554,822.277,3653.1346,5144.567
5591,287.3277,264.1691,4591.8027999999995,5143.2996
7899,401.4458,208.26760000000002,4532.6765,5142.3899
8047,1736.6854,391.7628,3013.8258,5142.274
2981,332.1739,230.9758,4578.7444000000005,5141.8941
2983,332.1739,230.9758,4578.7444000000005,5141.8941
2982,332.1739,230.9758,4578.7444000000005,5141.8941
2882,332.1739,230.9758,4578.7444000000005,5141.8941
7293,371.7542,278.4929,4491.1781,5141.4252
9327,361.4665,262.4883,4517.0296,5140.9844
8724,341.8939,228.8202,4565.2953,5136.0094
8914,370.8075,225.9891,4538.9854,5135.782
8336,822.0858000000001,439.9792,3873.229,5135.294
4077,1097.6725000000001,363.5326,3669.6011,5130.8062
4581,389.0175,366.09340000000003,4373.4202,5128.5311
6544,560.1242,815.821,3751.3752,5127.3204000000005
1397,455.6633,349.7495,4318.0793,5123.4920999999995
9146,727.6271,246.582,4145.4467,5119.6558
7999,399.1081,208.127,4504.3596,5111.5947
8097,354.8977,237.5277,4518.999,5111.4244
3223,504.6002,566.0498,4040.283,5110.933
8608,435.3967,338.2802,4335.656,5109.3329
7232,337.26890000000003,376.3493,4395.4043,5109.0225
8330,377.716,366.0688,4364.6788,5108.4636
9330,315.9246,228.4465,4563.7693,5108.1404
2995,329.154,249.2621,4528.8445,5107.2606000000005
9440,298.4218,223.7184,4584.0697,5106.2099
3081,344.9461,240.63,4518.5304,5104.1065
7898,402.1731,208.45139999999998,4493.4717,5104.0962
8296,345.551,295.5007,4462.5777,5103.6294
9578,383.7314,337.8757,4381.9605,5103.567599999999
5020,387.5093,244.8405,4470.9836,5103.3334
7900,395.096,219.0802,4486.2793,5100.4555
2266,573.3578,495.7983,4031.0946,5100.2507
7093,365.1502,269.4248,4463.7798,5098.3548
7427,654.8863,361.0562,4075.8766,5091.8191
3530,412.533,314.3256,4363.4315,5090.2901
7876,314.028,325.2283,4448.0355,5087.2918
7998,395.55199999999996,204.5818,4486.8346,5086.9684
8587,454.06399999999996,357.0757,4274.8796,5086.0193
8801,586.0934,429.7915,4068.9906,5084.8755
9942,183.974,123.3756,4777.4597,5084.8093
7800,386.1235,206.6826,4490.7578,5083.5639
9045,774.8923,234.0634,4072.0944,5081.0501
9046,774.8923,234.0634,4072.0944,5081.0501
8944,774.8923,234.0634,4072.0944,5081.0501
8945,774.8923,234.0634,4072.0944,5081.0501
8946,774.8923,234.0634,4072.0944,5081.0501
8845,774.8923,234.0634,4072.0944,5081.0501
8844,774.8923,234.0634,4072.0944,5081.0501
9044,774.8923,234.0634,4072.0944,5081.0501
1893,405.3997,297.4208,4377.2741,5080.0946
8745,774.8443,234.0471,4070.9847,5079.8760999999995
7290,406.4563,274.2895,4397.924,5078.6698
3028,464.2718,317.0989,4296.4364,5077.8071
8000,387.2162,204.12630000000001,4485.1654,5076.5079
9043,746.9485999999999,240.7285,4087.7487,5075.4258
2716,382.7529,242.0768,4448.9441,5073.7738
9995,364.9459,282.4706,4425.4481,5072.8646
4176,1104.1462000000001,363.6629,3604.7174,5072.5265
9140,531.2702,287.3256,4253.4208,5072.0166
8625,319.9398,212.0668,4538.6666000000005,5070.6732
5498,332.4903,211.9862,4524.7998,5069.2762999999995
1357,330.6915,315.0686,4421.9675,5067.7276
8848,546.4627,293.5729,4226.361,5066.3966
7611,377.7536,296.3721,4389.0951,5063.2208
5021,343.0476,243.4787,4476.1494999999995,5062.6758
3884,339.61879999999996,356.0115,4366.1702000000005,5061.8005
6996,325.9443,288.3354,4444.658,5058.9377
8481,461.0912,360.9691,4235.4641,5057.5244
8649,424.2515,356.6195,4275.5721,5056.4430999999995
5592,286.1148,264.3689,4500.6035999999995,5051.0873
8846,773.665,233.644,4043.5953,5050.9043
3387,455.5554,239.7362,4354.4545,5049.7461
8421,298.71320000000003,231.9801,4518.9102,5049.6035
5436,594.1183,423.3093,4029.0127,5046.4403
8716,287.4897,180.2319,4577.0108,5044.7324
2851,407.5393,326.0814,4310.6673,5044.288
8717,287.4436,180.1856,4575.6202,5043.2494
755,264.4411,362.9643,4415.4641,5042.8695
6886,534.7927999999999,594.956,3912.4488,5042.1976
6193,329.8113,249.8854,4456.7408,5036.4375
9720,385.55920000000003,289.92130000000003,4359.1228,5034.603300000001
8267,417.2769,404.418,4209.386,5031.0809
9895,354.8028,273.8307,4402.1914,5030.8249
7347,405.1589,334.3813,4286.8794,5026.4196
9129,285.0689,203.0409,4535.9185,5024.0283
6419,290.6804,259.0856,4473.8479,5023.6139
7131,437.5712,484.8174,4094.7726000000002,5017.1612000000005
6938,645.7035,816.7613,3550.1367999999998,5012.6016
547,360.6053,287.4744,4364.3283,5012.408
7844,536.2393,506.4044,3969.3269,5011.9706
7334,281.4676,342.06530000000004,4388.117,5011.6499
2436,388.765,356.2723,4266.2618,5011.2991
8705,508.6272,405.3195,4094.7444,5008.6911
548,348.63960000000003,269.8059,4389.7572,5008.2027
6534,812.9695,707.5504999999999,3485.7948,5006.3148
6644,614.885,901.7437,3489.0452,5005.6739
3430,452.84000000000003,375.5552,4176.3898,5004.785
7091,349.5552,264.8473,4389.5702,5003.9727
7916,373.5015,336.8853,4293.5248,5003.9116
3023,458.009,357.61990000000003,4185.4223999999995,5001.0513
2752,388.3058,319.7054,4288.7358,4996.747
9141,468.4284,270.3528,4257.251,4996.0322
5088,264.6681,252.5795,4475.1047,4992.3523000000005
5291,289.4532,251.7853,4450.631,4991.8695
9424,389.6198,295.2985,4306.296,4991.2143
3457,233.8264,184.2809,4572.0996,4990.2069
9131,309.2331,221.4293,4458.8009,4989.4633
5222,379.3209,299.7632,4305.0982,4984.1823
8484,389.6244,334.59430000000003,4259.1293000000005,4983.348
9344,397.28249999999997,321.4227,4263.745,4982.4502
8523,312.2928,230.3549,4439.4331,4982.0808
1339,295.4676,184.3498,4500.3957,4980.2131
6709,309.4387,230.4495,4438.803,4978.6912
6690,426.249,306.8971,4244.9776,4978.1237
845,329.7642,194.9443,4452.9524,4977.6609
9133,308.3618,220.764,4445.1472,4974.273
9231,308.3618,220.764,4445.1472,4974.273
9132,308.3618,220.764,4445.1472,4974.273
9232,308.3618,220.764,4445.1472,4974.273
8396,335.1004,279.4443,4358.6553,4973.2
856,287.806,386.418,4298.1449,4972.3689
4076,1087.4268,355.2863,3528.6492000000003,4971.3623
8631,350.0236,282.5971,4337.548,4970.1687
2453,321.5375,379.6191,4267.6321,4968.7887
9403,406.3306,294.4597,4264.8804,4965.670700000001
7094,346.5071,278.3646,4339.1873000000005,4964.059
1398,446.74440000000004,395.1629,4122.0606,4963.967900000001
8683,359.0349,282.0687,4322.7472,4963.8508
1300,436.8666,396.6887,4121.1530999999995,4954.7083999999995
4680,503.2004,507.79110000000003,3942.8514999999998,4953.843
9104,407.4794,283.3197,4254.0572,4944.8562999999995
7922,274.593,279.6369,4389.7217,4943.9516
8298,319.3125,249.7457,4374.2903,4943.3485
8448,397.1664,356.3789,4189.4946,4943.0399
8947,770.9072,233.91240000000002,3936.651,4941.4706
4422,419.1136,391.7715,4130.2094,4941.0945
9145,733.2989,238.0204,3967.5613000000003,4938.8806
1958,371.8271,433.4787,4132.4639,4937.7697
3251,273.3258,248.472,4415.0261,4936.8239
3123,483.1722,500.4572,3948.8262,4932.4556
5322,337.5088,253.2911,4341.2361,4932.036
1439,305.1699,273.4533,4349.2304,4927.8536
5290,305.9387,233.7525,4381.045,4920.7362
2636,267.71729999999997,210.60170000000002,4442.2404,4920.5594
5781,216.0881,182.2057,4522.1961,4920.4899
2700,366.7808,236.9132,4316.3693,4920.0633
9029,267.2346,186.8046,4465.921600000001,4919.9608
5435,611.4511,449.626,3857.8038,4918.8809
1566,282.13779999999997,228.8529,4407.3817,4918.3724
4333,477.0544,415.1684,4026.0822,4918.305
9402,376.4805,271.55310000000003,4270.1897,4918.223300000001
7920,239.4954,198.0138,4480.667,4918.1762
2256,347.7,366.8518,4200.0566,4914.6084
744,475.1217,393.9556,4045.3883,4914.4656
5540,206.8391,653.2365,4052.6389,4912.7145
1264,348.0557,320.5997,4235.5151,4904.1705
963,379.2402,377.05,4146.5198,4902.81
7319,389.3839,353.9394,4158.1317,4901.455
3696,359.1151,337.8296,4200.0222,4896.9669
2444,170.2368,221.4289,4504.3689,4896.0346
5121,399.9624,264.9459,4230.582,4895.4903
2746,201.8721,237.6212,4455.9164,4895.4097
8496,319.0605,265.6202,4309.2852,4893.9659
6410,305.4483,225.2824,4362.5105,4893.2412
8727,295.3907,195.8147,4401.7218,4892.9272
2448,345.7043,477.80719999999997,4069.06,4892.5715
8866,428.5885,329.8088,4133.175,4891.5723
3917,380.0877,309.8548,4198.5981,4888.5406
250,354.6154,280.70140000000004,4251.9469,4887.2636999999995
9233,302.6477,216.8745,4367.3801,4886.9023
8603,498.2795,414.7325,3973.3332,4886.3452
2791,315.56239999999997,247.879,4316.3426,4879.784
6991,398.7725,306.5221,4173.0585,4878.3531
1154,371.9887,308.83570000000003,4197.304,4878.1284
8063,449.2172,362.6245,4062.2668,4874.1085
348,358.5602,282.0736,4228.5365,4869.1703
9794,375.306,323.16700000000003,4170.4012999999995,4868.8743
349,351.8538,279.0436,4237.041,4867.9384
4023,366.9929,326.9715,4173.0262,4866.9906
745,366.711,212.5265,4287.5016,4866.7391
9116,351.7853,218.022,4291.0211,4860.8284
249,352.4915,279.027,4226.1469,4857.6654
5330,498.6114,396.2761,3961.6788,4856.5663
9893,386.0006,312.5835,4157.5627,4856.1467999999995
8021,264.4866,220.4656,4370.7455,4855.697700000001
4432,488.7845,523.9564,3836.206,4848.9469
9240,419.8809,254.9598,4171.0551000000005,4845.8958
9441,351.8887,237.3136,4255.9992999999995,4845.2016
5598,298.5437,201.7736,4343.9848,4844.3021
7748,409.2539,409.93149999999997,4024.3413,4843.5267
9443,382.9754,311.0146,4148.8575,4842.8475
3584,428.18399999999997,365.7837,4047.1081,4841.0758
5434,598.9224,432.8776,3809.0423,4840.8423
9428,360.4793,301.2536,4178.622,4840.3549
5314,277.3026,202.75,4359.6985,4839.7511
761,325.2235,284.8947,4228.2295,4838.3477
5788,358.3794,280.5555,4196.4264,4835.3613000000005
7333,246.9763,292.6063,4295.6821,4835.2647
2582,313.91949999999997,283.4192,4234.6031,4831.9418000000005
8122,293.7449,230.852,4303.9906,4828.5875
8223,293.7449,230.852,4303.9906,4828.5875
8323,293.7449,230.852,4303.9906,4828.5875
8121,293.7449,230.852,4303.9906,4828.5875
8222,293.7449,230.852,4303.9906,4828.5875
8322,293.7449,230.852,4303.9906,4828.5875
8221,293.7449,230.852,4303.9906,4828.5875
9520,379.63349999999997,284.5996,4161.8516,4826.0847
8534,871.0378,440.0973,3514.5548,4825.6899
8927,276.3151,184.13459999999998,4364.5855,4825.0352
7700,352.7913,210.3477,4260.3084,4823.4474
8015,397.0529,318.5124,4107.8687,4823.434
7605,331.6775,274.9947,4216.3619,4823.0341
9144,737.9227999999999,233.8942,3849.8912,4821.7082
1200,435.8434,399.5858,3985.523,4820.9522
7710,401.3693,318.0643,4101.0955,4820.5291
5689,341.9037,298.0723,4179.1493,4819.1253
7897,384.77139999999997,214.58960000000002,4218.8497,4818.2107
1100,437.3996,399.8235,3980.6032999999998,4817.8264
1198,437.3996,399.8235,3980.6032999999998,4817.8264
1298,437.3996,399.8235,3980.6032999999998,4817.8264
1297,437.3996,399.8235,3980.6032999999998,4817.8264
998,437.3996,399.8235,3980.6032999999998,4817.8264
1098,436.7634,399.6097,3980.5193,4816.8924
1299,436.2877,399.45,3980.4566,4816.1943
1199,435.492,399.18330000000003,3980.3517,4815.027
999,437.1479,399.5726,3976.125,4812.8455
1197,436.84340000000003,399.2582,3971.2118,4807.3134
8423,293.092,230.3452,4282.2894,4805.7266
8016,364.87919999999997,326.7537,4110.2785,4801.9114
350,342.4023,273.3114,4185.0446,4800.7583
7997,369.7274,205.4855,4222.5851999999995,4797.7981
7686,1521.9515,376.4536,2899.1797,4797.5848
7102,329.6006,262.7298,4204.4016,4796.732
8297,314.5084,255.3113,4223.7146,4793.5343
5329,456.5616,341.1445,3988.1801,4785.8862
2717,293.4027,231.6572,4259.4819,4784.5418
6312,301.6174,217.71970000000002,4261.2989,4780.636
5198,337.0118,200.5684,4240.6366,4778.2168
3317,328.57550000000003,258.957,4186.8456,4774.3781
1599,350.2975,255.7532,4166.7467,4772.7973999999995
8749,341.1168,328.9572,4099.8689,4769.9429
5075,369.7664,511.2651,3886.8918,4767.9233
6934,776.6373,893.2255,3094.325,4764.1878
9542,333.8796,205.5845,4224.5088,4763.9729
6833,769.8396,909.3854,3083.8295,4763.0545
8965,405.1476,331.5302,4025.9881,4762.6659
2895,273.0265,208.5659,4280.8333,4762.4257
6510,305.7875,226.9848,4228.5907,4761.363
6609,313.226,240.8295,4203.3076,4757.3631000000005
6581,321.3993,310.62620000000004,4123.1566,4755.1821
6834,770.2564,894.8494,3085.7990999999997,4750.9048999999995
2990,331.3225,241.451,4176.2766,4749.0500999999995
2642,229.0384,210.8405,4305.507,4745.3859
7419,390.4483,347.8653,4005.7337,4744.0473
7996,383.5457,226.2595,4132.984,4742.7892
2447,219.7386,279.7214,4240.8076,4740.2676
9006,380.7629,275.7847,4082.5743,4739.1219
2532,379.7155,236.1413,4114.5617999999995,4730.4186
7032,529.6495,644.1092,3550.0756,4723.8342999999995
9242,444.6434,258.9871,4019.5451000000003,4723.1756
5428,459.5901,347.95439999999996,3912.3606,4719.9051
6411,300.7678,215.8229,4202.953,4719.5437
9241,443.6084,258.3022,4017.5612,4719.4718
8596,302.5837,249.4511,4162.5607,4714.5955
3328,596.6251,451.2602,3664.7395,4712.6248
3228,596.5044,451.081,3664.4608,4712.0462
8203,481.4042,389.4235,3839.3318,4710.1595
5176,352.07529999999997,500.0403,3856.0787,4708.1943
1358,284.614,326.3348,4095.2462,4706.195
3094,270.9551,210.4406,4222.9612,4704.3569
9217,363.7808,242.5443,4097.7011,4704.0262
3128,594.0434,448.8784,3660.0353,4702.9571
5190,331.3775,225.3714,4145.302,4702.0509
9899,306.4573,240.1114,4155.1127,4701.6814
6933,751.2179,881.6174,3062.3759,4695.2112
7029,409.2353,395.4396,3885.3160000000003,4689.9909
7253,266.4248,586.0895,3835.2174,4687.7317
2795,268.8363,206.4622,4211.5374,4686.8359
8626,311.9729,202.839,4171.7412,4686.5531
7195,327.5254,291.9253,4065.2021999999997,4684.6529
9143,738.3226999999999,230.35760000000002,3715.6740999999997,4684.3544
9972,167.6322,190.8606,4320.2196,4678.7124
4433,560.9007,649.1993,3468.2513,4678.3513
8883,411.31669999999997,318.8596,3946.7511,4676.9274
2796,334.4137,227.3868,4114.6611,4676.4616
8200,260.8445,162.312,4253.084,4676.2405
8746,758.3942,228.4155,3688.8076,4675.6173
649,319.3358,244.1813,4108.0849,4671.602
7849,347.8669,347.7083,3975.4161,4670.9913
7618,388.1478,344.086,3937.5198,4669.7536
3489,418.1876,233.8037,4016.8595,4668.8508
8236,611.1171,464.6666,3586.6538,4662.4375
769,224.51409999999998,167.3053,4269.7689,4661.588299999999
9480,327.3566,285.4814,4046.1794,4659.0174
449,326.0664,261.4893,4069.9827,4657.5384
1841,160.69570000000002,247.94219999999999,4248.8302,4657.4681
9243,723.5865,231.1096,3702.0339,4656.73
8266,394.3266,376.46,3885.6394999999998,4656.4261
3595,287.89979999999997,245.07999999999998,4123.3474,4656.3272
4984,298.6242,215.84,4140.9149,4655.3791
7130,393.7795,387.8024,3872.9904,4654.5723
8123,285.3233,228.9554,4137.3187,4651.5974
1340,270.6109,228.0074,4151.369,4649.9873
2917,212.427,212.2612,4221.1418,4645.83
1364,327.379,296.2897,4021.1044,4644.7731
7129,403.70349999999996,384.8874,3855.9236,4644.5145
5692,269.7738,250.0772,4124.6196,4644.4706
4224,358.0906,320.3885,3965.175,4643.6541
7128,404.793,384.8335,3851.3507,4640.9772
7028,404.793,384.8335,3851.3507,4640.9772
6314,352.5029,288.5472,3999.4787,4640.5288
6710,283.9595,210.952,4145.169,4640.0805
8100,277.6724,166.6038,4195.8009,4640.0771
9423,368.5829,288.7594,3979.3559,4636.6982
5624,436.3286,367.8984,3832.1669,4636.3939
3487,390.9086,273.2206,3970.4855,4634.6147
768,314.9807,277.8711,4039.1676,4632.0194
7153,228.0454,576.7192,3826.5859,4631.3505
6832,751.6263,907.8674,2971.2783,4630.772
3885,319.4569,335.8808,3975.1481,4630.4858
6201,264.42289999999997,209.0509,4156.5635999999995,4630.0374
2817,210.53979999999999,211.6035,4205.246,4627.3893
9003,504.7293,369.6058,3752.9955999999997,4627.3306999999995
5739,353.6386,349.81100000000004,3923.1497,4626.5993
8300,257.2684,161.0111,4206.8719,4625.1514
9244,707.8604,233.8229,3682.9698000000003,4624.6531
8397,289.8217,241.8965,4091.5961,4623.3143
1097,426.9327,389.1894,3804.0357,4620.1578
997,426.9327,389.1894,3804.0357,4620.1578
6734,692.8415,968.5495,2956.4589,4617.8499
7848,364.654,331.26619999999997,3921.0368,4616.957
1000,413.1781,377.56960000000004,3823.8109,4614.5586
6101,271.89230000000003,213.9307,4127.5439,4613.3669
4283,451.8288,393.9281,3766.7525,4612.5094
6733,740.1463,839.3979,3031.2415,4610.785699999999
5189,322.0949,223.73760000000001,4063.8371,4609.6696
3087,428.36469999999997,226.2482,3954.5449,4609.1578
4321,405.6228,383.5972,3818.1204,4607.3404
6809,294.4158,222.3554,4089.4173,4606.1885
6932,711.3236,900.8387,2992.1691,4604.3314
9127,267.25440000000003,188.1096,4148.3734,4603.7374
3287,425.1023,216.2326,3956.8745,4598.2094
6412,308.4362,226.3912,4062.3463,4597.1737
8847,756.3665,227.9749,3611.7628,4596.1042
5998,253.8424,213.9432,4128.1219,4595.9075
2187,293.0801,250.5176,4052.2521,4595.8498
8698,285.7072,239.6517,4070.3588999999997,4595.7178
8398,285.7072,239.6517,4070.3588999999997,4595.7178
8697,285.7072,239.6517,4070.3588999999997,4595.7178
8597,285.7072,239.6517,4070.3588999999997,4595.7178
8598,285.7072,239.6517,4070.3588999999997,4595.7178
8498,285.7072,239.6517,4070.3588999999997,4595.7178
8497,285.7072,239.6517,4070.3588999999997,4595.7178
3388,418.523,218.08419999999998,3958.5924,4595.1996
3389,418.523,218.08419999999998,3958.5924,4595.1996
3187,422.2443,215.4101,3956.9254,4594.5798
3488,412.664,232.5916,3948.8878,4594.1434
3289,418.4262,214.58929999999998,3958.2694,4591.2849
3189,418.2001,214.4704,3958.025,4590.6955
3288,418.1899,214.4647,3958.0137,4590.6683
3088,417.93829999999997,214.3321,3957.7418000000002,4590.0122
9326,360.0099,284.6714,3944.1391000000003,4588.8204000000005
3188,417.474,214.0876,3957.2397,4588.8013
7304,275.6287,229.72500000000002,4081.6607,4587.0144
3089,416.77430000000004,213.7186,3956.4833,4586.9762
3393,280.9292,222.91680000000002,4082.8935,4586.7395
3059,620.6212,285.165,3680.7485,4586.5347
6890,437.3229,333.6678,3815.0251,4586.0158
5076,373.9288,499.4998,3712.453,4585.8816
7975,276.9064,283.7489,4021.9021,4582.5574
8586,402.0095,335.2323,3843.628,4580.8698
8969,479.6079,619.7775,3481.2997,4580.6851
7944,501.9847,470.3771,3606.9725,4579.3343
7948,650.2090000000001,301.745,3623.1266,4575.0806
9894,384.00169999999997,302.1159,3886.2942,4572.4118
8714,324.4104,206.4254,4040.8446,4571.6804
9819,370.332,277.8553,3920.788,4568.9753
8019,228.1799,192.3424,4148.1353,4568.6576
7802,479.2905,392.4997,3693.599,4565.3892000000005
1045,443.4029,425.1229,3695.5819,4564.1077000000005
3262,2549.2865,147.8313,1865.8497,4562.9675
8319,277.99039999999997,219.0685,4065.6563,4562.715200000001
6001,281.6781,215.4871,4062.9353,4560.1005
2916,210.6718,208.6692,4137.436,4556.777
7503,283.4133,238.67340000000002,4034.5229,4556.6096
7504,283.4133,238.67340000000002,4034.5229,4556.6096
6735,653.4405,1001.518,2900.773,4555.7315
8224,285.7145,224.6057,4043.5465,4553.8667
2991,266.9474,209.5582,4076.3987,4552.9043
8455,363.324,374.082,3815.3342000000002,4552.7402
7310,327.6771,243.65740000000002,3980.6098,4551.9443
9304,406.9516,295.88160000000005,3847.8918000000003,4550.725
7921,229.7054,205.8702,4113.6772,4549.2528
3227,554.1322,406.79359999999997,3587.2951,4548.2209
3417,314.8213,250.4365,3982.6736,4547.9314
1751,240.6653,280.5157,4024.5419,4545.7229
2759,484.92150000000004,278.30400000000003,3781.3538,4544.5793
149,343.671,267.8473,3931.1234999999997,4542.641799999999
8020,226.64860000000002,189.63580000000002,4123.7993,4540.0837
7919,214.1239,180.9817,4144.0333,4539.1389
2599,349.3954,223.8749,3963.9042,4537.1745
8782,281.3683,253.5874,3999.7856,4534.7413
7505,294.3778,247.9709,3992.2329,4534.5815999999995
9027,248.5953,170.9397,4114.945,4534.48
4332,463.4213,438.6174,3632.3049,4534.3436
8624,313.9764,210.1734,4009.4074,4533.5572
7348,380.8419,315.7437,3836.2214,4532.807
8583,314.7407,270.5806,3943.5926,4528.9139000000005
3151,235.0192,220.2662,4072.7331,4528.0185
8368,381.1205,354.2049,3790.0323,4525.3577000000005
3293,260.0757,202.6362,4061.5365,4524.2484
1992,363.8225,231.8289,3928.5237,4524.1751
7404,279.6031,235.117,4009.288,4524.0081
7302,292.8844,246.4376,3984.4523,4523.7743
8120,276.645,220.1815,4024.4404,4521.2669
6838,596.462,753.0352,3170.7664,4520.2636
7248,381.8249,312.87350000000004,3823.658,4518.3564
9923,401.984,289.9932,3825.4133,4517.3904999999995
9142,511.7303,272.453,3732.5143,4516.6975999999995
1099,417.4239,383.269,3715.6938,4516.3867
8868,413.17580000000004,486.074,3614.5094,4513.7592
7749,338.3669,344.0742,3830.1719,4512.613
2794,258.6284,201.5073,4045.099,4505.2347
2793,258.3033,201.38029999999998,4045.4331,4505.1167
3093,258.3033,201.38029999999998,4045.4331,4505.1167
3192,258.3033,201.38029999999998,4045.4331,4505.1167
3191,258.3033,201.38029999999998,4045.4331,4505.1167
3292,258.3033,201.38029999999998,4045.4331,4505.1167
3092,258.3033,201.38029999999998,4045.4331,4505.1167
3091,258.3033,201.38029999999998,4045.4331,4505.1167
3291,258.3033,201.38029999999998,4045.4331,4505.1167
2994,258.3033,201.38029999999998,4045.4331,4505.1167
3193,258.3033,201.38029999999998,4045.4331,4505.1167
2894,258.3033,201.38029999999998,4045.4331,4505.1167
2993,258.239,201.34640000000002,4045.3633,4504.9487
2893,258.1457,201.297,4045.2621,4504.7047999999995
8264,480.7261,315.1773,3703.9410000000003,4499.8444
7403,285.80490000000003,240.27429999999998,3972.8182,4498.8974
2600,327.2771,198.4301,3970.8507,4496.5579
1489,650.0237,411.5551,3431.2577,4492.8365
2792,257.6672,200.93110000000001,4032.8988,4491.4971000000005
4720,294.8213,262.622,3932.8801000000003,4490.3234
7506,286.4868,240.7353,3962.7192,4489.9412999999995
6639,534.0681,651.4357,3302.263,4487.766799999999
2859,345.5672,204.79930000000002,3935.718,4486.0845
3420,338.5358,338.0817,3809.4583000000002,4486.0758000000005
660,257.752,218.8025,4007.5322,4484.0867
6736,680.1383,803.673,2999.9342,4483.7455
7684,1266.5117,385.6328,2830.4691,4482.6136
9106,357.2155,260.9903,3863.0513,4481.2571
7945,454.585,418.32620000000003,3608.1745,4481.0857
7799,368.6535,192.8327,3917.8664,4479.3526
7519,382.33,334.40909999999997,3759.161,4475.9001
9719,367.0065,275.06,3833.3706,4475.4371
3279,261.8929,245.09799999999998,3968.2221,4475.213
2383,421.3138,369.9501,3683.5322,4474.7961
7610,436.1316,301.7894,3736.5165,4474.4375
8828,242.8607,174.5385,4056.6803,4474.0795
3574,247.159,178.5828,4047.6754,4473.4172
2534,299.6069,214.99280000000002,3958.4157,4473.0154
4232,457.1771,422.9905,3590.5916,4470.7592
6102,278.9454,222.0855,3967.3874,4468.4183
754,238.2564,297.448,3931.7898,4467.4942
2193,348.7686,224.8337,3893.2569,4466.8592
2192,348.7686,224.8337,3893.2569,4466.8592
2598,348.7686,224.8337,3893.2569,4466.8592
2093,348.6524,224.7372,3893.0114,4466.401
8524,303.75329999999997,211.2725,3950.8419,4465.8677
5726,419.1569,289.0905,3757.0232,4465.2706
7811,472.647,391.0416,3600.7316,4464.4202
6012,293.565,243.2361,3925.6454,4462.4465
2092,347.3995,223.6944,3890.3741,4461.468
8422,277.4583,218.2288,3964.8443,4460.5314
7845,432.5768,419.2878,3607.1272,4458.9918
2455,312.1481,323.82640000000004,3821.6708,4457.6453
2597,347.9052,224.4791,3884.913,4457.2973
2697,346.5906,222.151,3886.9861,4455.7277
3290,349.2579,207.2806,3898.7531,4455.2916
659,252.0786,213.8397,3988.5151,4454.4334
1993,345.4457,222.0691,3886.2599999999998,4453.7748
2751,262.3408,258.208,3933.1368,4453.6856
6738,526.2442,635.8861,3290.6725,4452.8027999999995
9389,250.5924,166.4793,4035.6414,4452.7131
6638,534.0681,615.8773,3298.9874999999997,4448.9329
1075,228.3988,165.2225,4054.9293000000002,4448.5506000000005
5735,533.0133999999999,343.8879,3568.0126,4444.9139
1359,246.3664,342.7068,3854.8914,4443.9646
5900,281.4105,217.42530000000002,3944.2200000000003,4443.0558
4383,475.2081,411.5215,3554.9433,4441.6729
3883,315.3607,316.86170000000004,3809.2646,4441.487
7096,292.9181,268.4577,3877.3865,4438.7623
7097,292.9181,268.4577,3877.3865,4438.7623
7197,292.9181,268.4577,3877.3865,4438.7623
7196,292.9181,268.4577,3877.3865,4438.7623
7198,292.9181,268.4577,3877.3865,4438.7623
7095,292.9181,268.4577,3877.3865,4438.7623
7098,292.9181,268.4577,3877.3865,4438.7623
2635,271.6657,207.25220000000002,3959.4144,4438.3323
150,339.1562,267.6787,3831.3154,4438.1503
2698,342.8467,217.539,3876.2091,4436.5948
4331,454.4344,447.9053,3532.4312,4434.7708999999995
8324,282.46160000000003,222.10229999999999,3930.0528,4434.6167
6737,581.3106,664.2637,3188.9832,4434.5575
7619,374.865,327.7695,3731.0875,4433.722
5901,261.8092,195.7955,3975.9267,4433.5314
7229,481.1921,344.1223,3608.1311,4433.4455
3027,378.1671,248.1695,3805.1243,4431.4609
7817,273.2005,249.5539,3908.4484,4431.2028
6640,543.2704,649.7475,3235.6407999999997,4428.6587
6002,266.0412,216.0302,3944.4356,4426.507
9341,451.0595,251.314,3722.5067,4424.8802
4419,249.7834,192.0057,3981.5442,4423.3333
6316,395.885,319.1272,3707.9475,4422.9597
5835,520.6105,347.6328,3553.7164,4421.959699999999
5635,531.364,342.5576,3546.2771,4420.1987
5535,531.364,342.5576,3546.2262,4420.1478
5534,531.364,342.5576,3546.1123,4420.0339
5634,531.364,342.5576,3546.1123,4420.0339
1567,260.0593,214.7221,3943.4343,4418.2157
5536,530.4069,342.1589,3544.7799999999997,4417.3458
7617,256.8093,226.4309,3933.9006,4417.1408
8265,453.3545,311.3187,3650.4925,4415.1657
1600,234.0278,168.0896,4011.9678,4414.0851999999995
6610,274.1685,181.6275,3953.4079,4409.2038999999995
8220,281.6911,221.505,3904.5383,4407.7344
1494,406.5876,300.8422,3699.9168999999997,4407.3467
8979,336.9064,259.08050000000003,3808.1815,4404.1684000000005
2535,277.81780000000003,204.10920000000002,3920.0,4401.927
9892,363.2345,304.3486,3731.1861,4398.7692
8781,273.1884,247.4891,3877.2711,4397.9486
3129,494.5851,359.07980000000003,3541.9535,4395.6184
9999,298.7361,235.7167,3860.308,4394.7608
4983,286.952,204.8381,3901.7517,4393.5418
5697,252.421,179.1827,3956.4143,4388.018
2293,341.4083,221.80780000000001,3822.1779,4385.394
6940,465.45029999999997,631.3446,3288.3334,4385.1283
8878,517.1281,382.01959999999997,3485.1718,4384.3195
8436,892.3746,407.8385,3083.3707,4383.5838
6828,465.3417,420.194,3495.8467,4381.3823999999995
6512,328.8792,235.6763,3816.0561000000002,4380.6116
8882,275.8829,255.26839999999999,3849.1173999999996,4380.2687
3150,223.3378,213.6664,3942.9421,4379.9463
6732,716.3784,864.593,2798.6463,4379.6177
7600,317.8021,220.9161,3839.9519,4378.6701
6739,521.3855,652.0362,3203.2909,4376.7126
9540,241.0323,164.3431,3968.066,4373.4414
3127,508.5863,358.128,3504.081,4370.7953
3016,235.2736,208.24110000000002,3925.2288000000003,4368.7435000000005
2728,269.761,169.2055,3926.9303,4365.8967999999995
7507,353.0845,240.67759999999998,3769.0932000000003,4362.8553
546,333.7428,255.8494,3771.8195,4361.4117
7685,1521.7194,369.0192,2470.5445,4361.2831
3695,290.9864,276.8913,3791.3047,4359.1824
7250,219.5602,417.9347,3721.2535,4358.7484
1598,401.8438,273.44870000000003,3676.5971,4351.8896
8399,272.4253,229.65879999999999,3846.9419,4349.026
8333,400.36899999999997,403.8956,3543.2141,4347.4787
2658,535.3776,305.7058,3505.2032,4346.2866
6743,523.043,776.0906,3045.8244,4344.958
6997,288.8961,261.853,3793.7035,4344.4526
251,311.91020000000003,248.7107,3782.679,4343.2999
3390,372.9973,208.1911,3761.7492,4342.9376
3190,316.2506,202.9987,3822.4372,4341.6865
5517,344.6701,221.3888,3773.8772,4339.9361
7420,353.6617,320.8861,3660.2318,4334.7796
9679,342.7831,257.3886,3733.5286,4333.7003
958,304.1636,292.62149999999997,3734.6928,4331.4779
6642,603.2789,703.8312,3020.4291,4327.5392
8814,351.4989,207.9783,3767.462,4326.9392
1338,230.1478,117.897,3978.7156,4326.7604
9205,287.0222,204.2379,3835.092,4326.3521
7796,361.6533,201.4428,3763.0565,4326.1526
248,335.0655,257.4667,3733.5831,4326.1152999999995
7712,387.0183,327.39140000000003,3610.8046,4325.2143
7402,280.9224,227.2383,3816.5822,4324.7429
3090,316.34590000000003,202.7211,3805.0890999999997,4324.1561
7303,266.5549,221.84969999999998,3835.5646,4323.9692
6515,389.1735,313.7204,3620.8448,4323.7387
8467,378.4541,366.992,3576.9301,4322.3762
8466,378.31260000000003,366.93080000000003,3576.695,4321.9384
8366,378.31260000000003,366.93080000000003,3576.695,4321.9384
8367,378.31260000000003,366.93080000000003,3576.695,4321.9384
6416,391.8908,314.702,3613.4465,4320.0393
6641,603.2789,694.0864,3020.1877,4317.553
442,248.4167,125.9684,3940.0447,4314.4298
6541,601.9088,693.1805,3017.5054,4312.5947
4531,368.7342,349.416,3594.4303999999997,4312.5806
1396,370.0118,232.5891,3708.0271,4310.628
2592,355.3583,277.0329,3678.0486,4310.4398
3225,537.0228999999999,558.9293,3214.2444,4310.1966
5734,519.7966,335.0325,3453.3607,4308.1898
8599,268.9169,227.5243,3804.949,4301.3902
6542,603.2789,673.8977,3020.6459,4297.8225
4431,365.6712,343.4513,3587.9112,4297.0337
9425,345.7255,284.7116,3665.1524,4295.5895
2074,216.9784,157.56050000000002,3919.1068,4293.6457
5082,287.065,204.9732,3801.578,4293.6162
9228,230.26909999999998,161.0206,3899.5609,4290.8506
2493,327.9684,215.4673,3747.0833,4290.519
7520,371.7404,341.0219,3577.2960000000003,4290.0583
7107,292.2814,240.8612,3749.1212,4282.2638
9422,348.5306,273.6779,3659.3472,4281.5557
3159,1711.969,194.8874,2372.8203,4279.6767
8424,274.1545,215.3108,3789.7153,4279.1806
9005,370.7751,270.4568,3634.5497,4275.7816
6742,591.5614,676.4146000000001,3006.8554,4274.8314
3597,382.3614,313.8592,3577.5046,4273.7252
8707,328.4653,243.6099,3697.8135,4269.8886999999995
7099,280.8818,257.3766,3731.3275,4269.5859
9439,239.3686,175.8338,3853.5479,4268.7503
6511,299.4983,218.3649,3748.384,4266.2472
5120,419.3302,231.6682,3614.8325,4265.8309
7516,216.10320000000002,191.9748,3856.6074,4264.6854
6633,682.4781,645.5948,2935.9313,4264.0042
5801,252.017,189.96,3821.6649,4263.6419
8234,582.427,458.3785,3218.2887,4259.0942000000005
945,346.7949,249.61350000000002,3661.7656,4258.174
760,247.4406,214.2119,3793.3204,4254.9729
7609,379.728,250.7595,3623.0884,4253.5759
6103,276.4179,220.113,3755.8062,4252.3371
2174,227.4245,157.7066,3867.0224,4252.1535
1163,352.4558,350.9358,3547.6805,4251.0721
559,270.424,250.5023,3725.209,4246.1353
6513,325.5581,233.6586,3684.9414,4244.1581
441,229.0064,113.65910000000001,3899.549,4242.2145
7199,282.8531,258.3216,3698.8695000000002,4240.0442
1485,231.41389999999998,189.2644,3815.8026,4236.4809000000005
3024,502.7121,461.3307,3271.7424,4235.7852
541,223.6256,111.6878,3896.8649,4232.1783
341,220.1126,110.1643,3897.7758,4228.0527
638,220.6959,110.5327,3895.549,4226.7776
5528,411.0297,304.6826,3510.8972,4226.6095000000005
8881,281.6608,249.77360000000002,3694.5744,4226.0088
8219,274.1758,216.5944,3734.8720000000003,4225.6422
542,232.3738,115.0232,3878.1002,4225.4972
2173,212.2482,155.26420000000002,3857.6503,4225.1627
2273,212.2482,155.26420000000002,3857.6503,4225.1627
2272,212.2482,155.26420000000002,3857.6503,4225.1627
2274,212.2482,155.26420000000002,3857.6503,4225.1627
2172,212.2482,155.26420000000002,3857.6503,4225.1627
2373,212.2482,155.26420000000002,3857.6503,4225.1627
1236,218.7971,110.6864,3894.6023999999998,4224.0859
1037,218.7971,110.6864,3894.6023999999998,4224.0859
1035,218.7971,110.6864,3894.6023999999998,4224.0859
1136,218.7971,110.6864,3894.6023999999998,4224.0859
1036,218.7971,110.6864,3894.6023999999998,4224.0859
936,218.7971,110.6864,3894.6023999999998,4224.0859
1137,218.7971,110.6101,3894.6023999999998,4224.009599999999
937,218.7971,110.5334,3894.6023999999998,4223.9329
6712,277.2645,203.3791,3743.2010999999998,4223.8447
339,219.4975,109.55930000000001,3894.7844999999998,4223.8413
1237,218.7971,110.3762,3894.6023999999998,4223.7757
1038,218.7971,110.283,3894.6023999999998,4223.6825
1138,218.7971,110.05160000000001,3894.6023999999998,4223.4511
440,219.0775,109.68780000000001,3894.6753,4223.4406
439,219.1415,109.59230000000001,3894.6919,4223.4257
8002,475.9672,375.6316,3371.7907,4223.3895
1337,218.7971,109.8592,3894.6023999999998,4223.258699999999
837,218.7971,109.8586,3894.6023999999998,4223.2581
938,218.7971,109.8189,3894.6023999999998,4223.2184
438,219.0962,109.4324,3894.6801,4223.2087
540,218.8365,109.756,3894.6126,4223.2051
639,218.7971,109.76520000000001,3894.6023999999998,4223.164699999999
640,218.7971,109.76520000000001,3894.6023999999998,4223.164699999999
739,218.7971,109.76520000000001,3894.6023999999998,4223.164699999999
737,218.7971,109.76520000000001,3894.6023999999998,4223.164699999999
738,218.7971,109.76520000000001,3894.6023999999998,4223.164699999999
840,218.7971,109.76520000000001,3894.6023999999998,4223.164699999999
740,218.7971,109.76520000000001,3894.6023999999998,4223.164699999999
839,218.7971,109.76520000000001,3894.6023999999998,4223.164699999999
1238,218.7971,109.76520000000001,3894.6023999999998,4223.164699999999
838,218.7971,109.76520000000001,3894.6023999999998,4223.164699999999
1039,218.7971,109.76520000000001,3894.6023999999998,4223.164699999999
538,218.8532,109.6764,3894.6169999999997,4223.1466
939,218.7971,109.71000000000001,3894.6023999999998,4223.1095
539,218.7971,109.6446,3894.6023999999998,4223.0441
7190,258.9723,224.8635,3736.7687,4220.6044999999995
741,219.0798,109.9608,3891.2777,4220.3183
9692,279.0233,299.0425,3640.195,4218.2608
2336,354.6019,334.7187,3528.6829000000002,4218.0035
2252,243.7452,329.2328,3644.2136,4217.1916
6810,242.0964,182.3062,3792.079,4216.4816
836,218.6558,110.4308,3887.0498,4216.1364
2494,325.7992,215.3891,3671.4554,4212.6437
3250,182.61769999999999,238.41299999999998,3789.4814,4210.5121
9028,222.6131,154.5543,3832.655,4209.8224
6612,288.7774,208.7715,3711.4649,4209.0138
736,218.53449999999998,109.81790000000001,3880.5762999999997,4208.9286999999995
1336,218.4535,110.408,3876.261,4205.1224999999995
446,326.7756,248.1394,3629.8026,4204.7176
2041,146.9707,230.8099,3825.9235000000003,4203.7041
7030,408.2099,467.8061,3326.1642,4202.1802
9105,282.6742,201.4506,3717.8047,4201.9295
9128,220.2317,153.6147,3827.9316,4201.778
6812,244.9038,184.4462,3770.2187,4199.5687
6643,507.4479,615.61,3073.7041,4196.762
8928,220.2817,152.516,3822.8667,4195.6644
6509,320.5637,288.2031,3586.3744,4195.1412
7602,269.4101,195.3797,3729.0433,4193.8331
3697,378.937,313.0495,3501.3854,4193.3719
935,214.2599,109.0972,3869.7659,4193.123
641,222.2041,112.4467,3855.6102,4190.2609999999995
7963,369.31350000000003,377.2269,3443.4979,4190.0383
7451,218.6775,545.676,3424.1207,4188.4742
8906,329.79200000000003,241.2008,3616.4148,4187.4076000000005
9426,338.494,283.33979999999997,3564.8775,4186.7113
1139,222.5369,112.3606,3850.5598999999997,4185.4574
9800,328.4012,224.059,3632.9499,4185.4101
1239,222.6469,112.4358,3849.2833,4184.366
9993,370.0289,297.7996,3516.3397999999997,4184.1683
9427,337.3548,283.9936,3561.5814,4182.9298
6811,239.2301,180.4084,3763.2400000000002,4182.8785
2643,149.3138,187.458,3846.0902,4182.862
6299,229.7816,218.7461,3732.3194,4180.8471
5794,237.9983,157.5917,3783.3770999999997,4178.9671
5912,254.11679999999998,198.2929,3725.5156,4177.9253
6728,329.2129,295.4894,3552.5893,4177.2916000000005
6711,248.39260000000002,179.251,3749.0154,4176.659
1235,219.6669,113.0211,3843.6692000000003,4176.3572
9793,322.0684,309.9875,3544.2415,4176.2973999999995
7434,283.392,267.0643,3625.5569,4176.013199999999
4819,240.8799,184.5863,3750.2425000000003,4175.7087
6516,376.4849,302.44890000000004,3495.9881,4174.9219
537,217.9182,108.71130000000001,3847.602,4174.2315
9524,333.1069,286.4176,3549.2985,4168.823
9626,333.1069,286.4176,3549.2985,4168.823
9627,333.1069,286.4176,3549.2985,4168.823
9527,333.1069,286.4176,3549.2985,4168.823
9726,333.1069,286.4176,3549.2985,4168.823
9525,333.1069,286.4176,3549.2985,4168.823
9526,333.1069,286.4176,3549.2985,4168.823
9727,333.0911,286.4163,3549.2939,4168.8013
9825,332.9833,286.3997,3549.2667,4168.6497
9523,332.7597,286.31850000000003,3549.2378,4168.316
9625,332.7529,286.3166,3549.2367,4168.3062
9826,332.2993,286.35720000000003,3549.0553,4167.7118
9624,332.1657,286.1488,3549.1343,4167.4488
9725,331.35450000000003,285.9171,3548.9925000000003,4166.2641
9623,332.4289,286.1144,3547.2549000000004,4165.7982
9724,329.97180000000003,285.52160000000003,3548.751,4164.2444000000005
9317,322.247,229.77509999999998,3609.7156999999997,4161.7378
9234,255.63039999999998,184.09230000000002,3721.3692,4161.0919
7023,368.8907,288.2796,3502.4759,4159.6462
9824,330.9835,285.1696,3539.9627,4156.1158000000005
2352,281.9063,332.0087,3541.5151,4155.4301000000005
2921,276.8967,230.5664,3647.8893,4155.3524
8256,358.7119,392.5885,3398.6962,4149.9965999999995
7803,436.8024,354.41679999999997,3358.0332,4149.2524
8682,290.3254,237.24540000000002,3619.9879,4147.5587000000005
9541,238.1013,172.7285,3736.4222,4147.252
9343,379.0155,279.2009,3488.4704,4146.6868
1983,341.1277,210.868,3591.333,4143.3287
9342,388.689,247.9776,3506.604,4143.2706
5782,187.64249999999998,158.22129999999999,3794.6208,4140.4846
5681,187.64249999999998,158.22129999999999,3794.6208,4140.4846
8646,523.0151,261.4603,3355.5518,4140.0271999999995
3280,250.3756,244.1361,3644.3734,4138.8850999999995
3370,334.0047,258.8488,3545.8406,4138.6941
1134,209.29399999999998,108.94279999999999,3818.6403,4136.8771
4123,327.4211,295.234,3512.1357,4134.7908
841,227.70430000000002,115.9439,3789.7417,4133.3899
6637,507.2275,558.7135,3064.4178,4130.3588
5389,234.0741,220.4882,3675.0928,4129.6551
6413,315.7858,229.3671,3582.6267,4127.7796
8768,294.2222,293.1793,3540.2981,4127.6996
6543,507.4479,585.5001,3030.7554,4123.7034
5685,308.6349,218.80419999999998,3594.6157,4122.0548
7510,375.1366,246.544,3497.7368,4119.4174
6442,551.7326,599.765,2966.3683,4117.8659
8747,563.3541,250.8844,3302.9375999999997,4117.1761
8254,371.1674,395.0222,3350.3214,4116.5109999999995
4323,361.2818,343.8573,3406.1265,4111.2656
2084,225.3917,224.0647,3656.1821,4105.6385
4184,402.2068,383.1662,3316.4593999999997,4101.8324
7090,244.7953,218.50809999999998,3630.6348000000003,4093.9382
2767,276.855,226.81189999999998,3586.9744,4090.6413
2764,276.855,226.81189999999998,3586.9744,4090.6413
7289,238.4621,215.3722,3636.0337,4089.868
7288,238.4621,215.3722,3636.0337,4089.868
2664,276.3899,226.6249,3585.8455,4088.8603000000003
6042,358.0778,309.5057,3418.8656,4086.4491
2866,276.7183,226.6638,3583.0646,4086.4467
5682,180.1071,151.1506,3754.7756,4086.0333
9064,359.3769,295.1716,3430.3131,4084.8616
8710,306.67560000000003,223.6321,3554.5398,4084.8475
4218,228.9492,177.8352,3677.5328,4084.3172
7003,307.1343,243.4561,3533.3373,4083.9276999999997
2765,275.052,226.089,3582.5973,4083.7383
7830,299.355,207.99599999999998,3575.6003,4082.9513
2768,274.4211,225.8366,3581.0641,4081.3218
2950,171.137,190.5337,3719.431,4081.1017
7730,301.773,208.9756,3568.3468000000003,4079.0954
6942,523.4862,639.1402,2915.7964,4078.4228
6628,325.7798,282.9777,3469.6507,4078.4082
2665,273.6056,225.5103,3579.0852999999997,4078.2012
5019,431.3483,220.4359,3423.1753999999996,4074.9595999999997
898,349.7477,319.2079,3405.859,4074.8146
2073,205.7657,151.5207,3717.1513999999997,4074.4378
2867,276.31940000000003,226.232,3571.6376999999998,4074.1891
5783,187.7008,150.6419,3733.547,4071.8897
3050,176.1284,185.6289,3708.7691,4070.5264
6782,274.5141,276.76529999999997,3518.2336,4069.513
4322,368.0887,356.6907,3341.4298,4066.2092
5802,237.9436,180.34539999999998,3646.6493,4064.9383
6613,297.1718,215.712,3551.7924,4064.6762
2663,275.7588,225.89149999999998,3562.0922,4063.7425
2766,268.4205,223.2036,3568.1301,4059.7542
5885,290.5747,198.8838,3570.2262,4059.6847000000002
5787,300.5008,215.5189,3541.7994,4057.8191
1135,216.0414,110.6961,3731.0576,4057.7951
7408,437.6283,244.4723,3374.1919000000003,4056.2925
7731,300.4635,208.88240000000002,3546.9339,4056.2798
7249,355.2045,392.304,3308.6878,4056.1963
5582,179.8562,148.0464,3728.2403999999997,4056.143
7801,377.572,302.88349999999997,3373.843,4054.2985
2666,266.8428,222.8001,3562.6662,4052.3091
5622,254.4274,175.6823,3621.7742,4051.8839
5683,175.2743,146.6153,3729.2172,4051.1068
338,214.49280000000002,107.2245,3725.7933,4047.5106
2544,146.0021,187.3517,3712.3948,4045.7486
2696,309.5258,207.9273,3523.9881,4041.4411999999998
8709,298.47749999999996,219.333,3523.5839,4041.3944
8807,298.47749999999996,219.333,3523.5839,4041.3944
8909,298.47749999999996,219.333,3523.5839,4041.3944
8908,298.47749999999996,219.333,3523.5839,4041.3944
8708,298.47749999999996,219.333,3523.5839,4041.3944
9008,298.47749999999996,219.333,3523.5839,4041.3944
8808,298.47749999999996,219.333,3523.5839,4041.3944
8809,298.47749999999996,219.333,3523.5839,4041.3944
9108,298.47749999999996,219.333,3523.5839,4041.3944
5686,295.9616,213.4769,3531.8229,4041.2614
9007,298.2897,219.2318,3523.4105,4040.932
2667,263.1028,221.3015,3553.5843999999997,4037.9887
6713,286.7857,205.709,3545.2299,4037.7246
843,254.7123,130.4631,3651.0107,4036.1861
6540,509.6471,615.5916,2909.5473,4034.786
3617,277.6895,228.228,3528.4243,4034.3417999999997
8810,298.7846,219.0102,3510.8854,4028.6802
2645,145.4313,186.8875,3693.8198,4026.1385999999998
2545,145.4313,186.8875,3693.8198,4026.1385999999998
2646,145.4313,186.8875,3693.8198,4026.1385999999998
2745,145.4313,186.8875,3693.8198,4026.1385999999998
2644,145.4313,186.8875,3693.8198,4026.1385999999998
2445,145.4313,186.8875,3693.8198,4026.1385999999998
2546,145.4313,186.8875,3693.8198,4026.1385999999998
2446,145.4313,186.8875,3693.8198,4026.1385999999998
6636,583.1166000000001,641.9935,2801.0265,4026.1366
9206,298.2591,217.79860000000002,3509.389,4025.4467
9723,326.4213,274.8288,3423.7036000000003,4024.9537
5684,263.8778,192.6594,3566.2713,4022.8085
8499,257.7738,218.3065,3545.9645,4022.0448
8229,321.2232,333.2414,3367.4138000000003,4021.8784
1540,187.5098,251.5174,3582.7567,4021.7839
5784,291.6514,194.9575,3533.0337999999997,4019.6427
2692,301.0325,240.5447,3477.9961,4019.5733
3598,370.8598,305.02,3343.4803,4019.3601
3698,370.8598,305.02,3343.4803,4019.3601
2850,169.0667,188.1311,3660.8169,4018.0146999999997
6311,275.77049999999997,209.6736,3532.3651,4017.8092
6003,256.9124,206.2182,3553.7564,4016.887
9823,338.1065,266.992,3410.6360999999997,4015.7346
3796,273.2596,237.317,3504.9786999999997,4015.5553
6681,258.6448,268.9575,3486.8724,4014.4746999999998
7604,262.6183,220.266,3530.9868,4013.8711
8633,395.2499,295.642,3322.7515,4013.6434
2868,274.3212,224.0651,3514.4439,4012.8302
2593,293.438,204.6113,3514.1989,4012.2482
844,288.4095,151.1878,3571.7251,4011.3224
9207,298.781,218.36260000000001,3493.8012,4010.9447999999998
8806,298.6993,219.1661,3492.6404,4010.5058
3498,333.6202,264.4345,3412.1728000000003,4010.2275
3141,287.62940000000003,223.9516,3497.6951,4009.2761
9628,313.0845,265.9074,3428.9655000000002,4007.9574000000002
743,298.9449,174.12,3532.6472,4005.7121
7703,305.4549,246.6507,3453.2255,4005.3311
8435,861.1792,395.4665,2747.7142,4004.3599
9009,299.05400000000003,218.54399999999998,3486.1735,4003.7715
651,198.7457,154.6969,3649.7787,4003.2213
6409,304.44509999999997,274.55559999999997,3422.5821,4001.5827999999997
2083,226.27870000000001,217.38019999999997,3556.1824,3999.8413
1441,253.7179,266.7975,3476.9854,3997.5008000000003
6443,507.1399,555.5038000000001,2933.7616,3996.4053
9620,350.5465,262.222,3383.4618,3996.2303
9922,345.2522,260.15930000000003,3390.2847,3995.6962
9618,350.5249,262.1025,3382.7960000000003,3995.4234
9619,350.5249,262.1025,3382.7960000000003,3995.4234
7514,185.5678,153.041,3656.3825,3994.9913
1034,182.5624,101.38260000000001,3709.6357,3993.5807
9621,349.0188,261.6552,3382.8703,3993.5443
9721,348.3894,261.229,3382.0161000000003,3991.6345
5785,287.0505,196.5594,3506.491,3990.1009
6843,587.2868,764.0984,2635.3133000000003,3986.6985
9821,345.3611,260.083,3381.028,3986.4721
9822,344.9002,259.8844,3380.8153,3985.5999
6741,517.4471,656.129,2810.7861,3984.3622
9722,345.11060000000003,259.9157,3378.9258,3983.9521
9528,310.7532,265.2627,3407.7185,3983.7344
5786,282.0293,195.4427,3506.0222,3983.4942
7614,190.6413,157.7707,3634.6603999999998,3983.0724
2372,201.9221,148.0085,3629.2309,3979.1615
8964,350.4969,289.6886,3336.7626,3976.9481
5797,230.4769,157.08169999999998,3586.8795,3974.4381
2922,342.2943,239.4055,3391.0514000000003,3972.7512
6682,240.5259,261.8564,3470.311,3972.6933
8402,457.52160000000003,362.0871,3151.8277,3971.4364
9418,315.8422,242.40560000000002,3406.246,3964.4937999999997
2818,207.5041,194.2931,3561.248,3963.0452
6740,476.9943,638.6461,2846.0879,3961.7283
7189,233.89239999999998,211.2221,3515.7577,3960.8722000000002
5520,312.7482,211.6291,3435.7046,3960.0818999999997
340,214.5429,106.0308,3638.7035,3959.2772
7089,233.8278,211.1634,3514.0547,3959.0459
2452,252.76350000000002,291.7844,3413.5932000000003,3958.1411
5687,322.5542,259.47180000000003,3373.5975,3955.6235
1040,245.34130000000002,128.158,3582.092,3955.5913
7230,416.5485,301.6489,3237.2419,3955.4393
5489,226.8407,219.3928,3507.279,3953.5125
2881,272.5147,201.3199,3479.1612,3952.9958
2979,258.6823,211.1077,3482.0203,3951.8103
2294,302.1655,205.671,3443.2495,3951.086
5118,432.729,215.3727,3301.6079,3949.7095999999997
8433,356.7644,351.7968,3240.2946,3948.8558
9841,154.223,99.7166,3694.7982,3948.7378
7409,369.2181,241.7077,3337.1863,3948.1121
7508,369.2181,241.7077,3337.1863,3948.1121
7509,369.2181,241.7077,3337.1863,3948.1121
2763,272.1993,221.7654,3453.673,3947.6376999999998
637,213.7627,106.1294,3625.5804,3945.4725
6094,278.725,194.6832,3470.5821,3943.9903
9208,300.0071,217.23770000000002,3424.2519,3941.4967
9926,445.2522,317.1236,3175.4203,3937.7961
1492,381.5601,324.1505,3231.7454,3937.456
8910,299.2795,215.8995,3421.5427,3936.7217
7320,276.4221,281.1835,3376.5369,3934.1425
8354,332.2706,355.8171,3243.6748000000002,3931.7625000000003
5539,237.34969999999998,502.3112,3192.0658,3931.7266999999997
9718,345.6884,259.06,3324.9418,3929.6902
5589,235.8735,224.2391,3469.2695,3929.3821
2566,241.7261,212.0572,3475.4724,3929.2557
645,294.8891,154.4847,3479.7934,3929.1672000000003
742,251.7892,131.7748,3545.4756,3929.0396
1544,208.7106,239.513,3475.8772,3924.1007999999997
7410,360.6129,238.0682,3324.5036,3923.1847
9622,332.2733,263.0873,3326.1624,3921.523
7718,277.9929,247.9227,3393.4892,3919.4048000000003
6535,538.8933000000001,729.7934,2649.4648,3918.1515
7699,350.7284,195.6902,3371.1254,3917.544
9107,305.0238,218.5576,3389.8622,3913.4436
8533,320.8453,291.21070000000003,3299.0174,3911.0734
9518,341.9209,256.6787,3312.2164,3910.816
2236,309.7819,280.15139999999997,3319.8723,3909.8056
6928,406.0337,382.8283,3120.3219,3909.1839
1488,294.0879,282.561,3331.4685,3908.1174
4483,370.8302,321.749,3213.8791,3906.4583000000002
5884,286.4825,195.1024,3423.3761,3904.961
1568,237.3535,199.0031,3463.8401,3900.1967
842,250.8779,132.02100000000002,3516.9056,3899.8045
3922,322.27750000000003,298.2733,3279.1509,3899.7017
8867,361.8682,366.4783,3170.7711,3899.1176
2393,296.402,202.2994,3400.3136,3899.015
6608,302.9256,276.8342,3317.0089,3896.7687
876,191.3396,140.3856,3563.8957,3895.6209
2923,379.0972,248.90230000000003,3266.9648,3894.9643
9693,276.6053,296.9315,3320.9214,3894.4582
6342,487.1754,543.0243,2859.1331999999998,3889.3329
8811,303.8743,216.6062,3367.9424,3888.4229
8017,283.2873,256.3119,3348.0344,3887.6336
2581,270.5337,246.8681,3368.3377,3885.7395
2533,271.5942,193.1185,3419.76,3884.4727
7711,396.6814,332.52389999999997,3154.8602,3884.0655
8532,305.36809999999997,283.63100000000003,3293.5944,3882.5935
8119,221.80939999999998,192.0554,3468.62,3882.4848
5018,433.5836,214.6471,3232.7585999999997,3880.9892999999997
5119,433.5836,214.6471,3232.7585999999997,3880.9892999999997
1569,236.5255,198.2272,3444.9687000000004,3879.7214000000004
3061,2188.163,129.1514,1561.3588,3878.6732
2552,226.83859999999999,283.9619,3366.4741000000004,3877.2746
1387,276.7042,276.6824,3318.2039,3871.5905000000002
1974,197.9962,146.2283,3525.9482,3870.1727
1487,276.9507,276.20459999999997,3314.9916000000003,3868.1469
1386,277.0524,275.92109999999997,3313.1528000000003,3866.1263000000004
943,255.2575,134.8507,3474.6691,3864.7772999999997
3040,271.4144,162.8185,3427.1285,3861.3614
7585,687.8172,345.0919,2827.4165,3860.3256
941,254.8682,134.7891,3469.9355,3859.5928
5995,220.8112,147.9852,3486.2916,3855.088
644,288.14070000000004,155.2927,3411.352,3854.7853999999998
7603,212.9486,173.3915,3465.4831,3851.8232
1486,283.4167,268.831,3299.2315,3851.4792
944,262.3617,138.1541,3450.8149,3851.3307
1443,219.4574,213.4304,3417.2277,3850.1155000000003
1140,255.93939999999998,135.5315,3457.3221,3848.793
642,220.62650000000002,110.59410000000001,3516.8653,3848.0859
5688,323.41179999999997,262.3635,3260.5145,3846.2898
8812,344.1303,226.605,3275.2825,3846.0177999999996
1985,266.8133,199.2218,3376.8473,3842.8824
2744,139.5346,180.1276,3521.4309,3841.0931
1041,256.7306,136.0803,3448.0083999999997,3840.8193
1141,256.7306,136.0803,3448.0083999999997,3840.8193
942,256.7306,136.0803,3448.0083999999997,3840.8193
1042,256.7306,136.0803,3448.0083999999997,3840.8193
8632,293.0177,265.1394,3282.4023,3840.5594
9522,315.47880000000004,267.3936,3257.6067000000003,3840.4791
2497,292.0621,201.5151,3345.6896,3839.2668
3685,291.0227,331.1914,3215.3741999999997,3837.5883
5117,310.0817,181.125,3346.2951,3837.5018
7625,372.8723,432.6067,3028.822,3834.301
7295,324.7219,267.4113,3241.8067,3833.9399000000003
3585,282.1909,292.1415,3257.3642,3831.6966
4918,371.9272,206.5395,3251.8756,3830.3423000000003
2047,239.70000000000002,191.4173,3399.0204,3830.1376999999998
9792,302.5923,297.3017,3228.3184,3828.2124
151,296.3855,236.01500000000001,3295.0789,3827.4794
7829,274.93489999999997,198.0974,3353.3273,3826.3596
3015,261.4,194.23180000000002,3367.6316,3823.2634000000003
5191,274.1383,184.805,3363.743,3822.6863000000003
3589,259.7278,216.5615,3346.0544,3822.3437
9501,315.8252,227.9373,3278.4559,3822.2183999999997
7296,295.2122,253.816,3273.0668,3822.0950000000003
835,164.8175,91.37979999999999,3565.6946,3821.8918999999996
8103,403.55199999999996,318.878,3095.6279,3818.0579
897,347.3333,314.8084,3155.351,3817.4927
8880,263.8571,229.1344,3323.6613,3816.6528
1385,253.719,241.70190000000002,3319.1643,3814.5852
8235,559.799,439.9906,2814.3466,3814.1362
9994,351.61289999999997,267.8781,3191.0736,3810.5646
3079,245.0441,206.3056,3358.5847,3809.9343999999996
6389,173.4157,126.48519999999999,3509.4775,3809.3784
7502,224.0968,182.0223,3400.2796,3806.3987
9521,332.3494,252.5077,3220.096,3804.9531
5882,175.3432,151.7846,3473.8473999999997,3800.9752
2693,248.03300000000002,184.704,3367.9633,3800.7003
2094,288.4527,200.0317,3310.8327,3799.3170999999998
5583,171.4537,145.5926,3481.5627,3798.609
6611,248.8957,172.8432,3374.5265,3796.2653999999998
1759,296.108,350.2101,3149.3148,3795.6329
7150,419.1956,406.1907,2967.4315,3792.8178
7526,448.2426,346.24399999999997,2998.0762,3792.5628
9109,302.293,214.1086,3275.8411,3792.2427000000002
3782,347.252,342.2771,3092.7139,3782.243
9900,319.3932,234.0906,3228.1094,3781.5932
6943,521.1793,695.3891,2564.209,3780.7774
2865,266.7138,215.8195,3296.5996,3779.1329
2482,300.6983,279.6093,3198.3379,3778.6455
6998,258.6454,219.53140000000002,3296.1501,3774.3269
1043,247.2653,136.5591,3389.5416999999998,3773.3660999999997
1994,280.9285,193.7716,3294.9948,3769.6949
342,245.433,139.2794,3383.6219,3768.3343
3264,314.7633,240.7142,3210.1574,3765.6349
6813,246.3356,172.7078,3345.0706999999998,3764.1141
437,185.1067,96.23389999999999,3478.0187,3759.3593
6489,277.2076,187.6453,3294.1259,3758.9788
3078,222.14249999999998,155.388,3378.3986999999997,3755.9292
7332,197.24880000000002,226.445,3329.8308,3753.5246
4119,242.8043,212.05610000000001,3296.0718,3750.9322
2892,232.52429999999998,181.214,3336.6389,3750.3772
7433,305.5646,245.0503,3199.4610000000002,3750.0759
2194,282.8684,197.11069999999998,3268.1319,3748.111
7824,505.5831,563.4703,2678.1101,3747.1635
8118,204.1989,183.1246,3357.1710000000003,3744.4945000000002
5815,304.4966,222.387,3216.6121,3743.4957
9004,387.4427,285.6394,3067.7951,3740.8772
1240,240.9231,134.12869999999998,3363.0460000000003,3738.0978
756,185.099,252.4853,3298.7705,3736.3548
5742,687.287,467.3538,2581.1356,3735.7764
3795,222.53799999999998,203.2311,3309.0798,3734.8489
8907,285.4334,209.2561,3238.546,3733.2355000000002
6941,445.3927,585.5587,2699.4548,3730.4062
7620,267.69419999999997,239.8697,3222.8217,3730.3856
7187,289.2819,280.9827,3159.4812,3729.7458
2565,232.03300000000002,204.7425,3290.2447,3727.0202
2495,281.7519,197.2766,3246.1267,3725.1552
1142,241.07160000000002,132.0096,3350.5022999999997,3723.5834999999997
2250,182.1632,315.6437,3219.7229,3717.5298000000003
6539,468.7215,559.8805,2688.831,3717.433
940,222.6715,112.1457,3380.2985,3715.1157
3080,238.6457,207.4378,3266.6705,3712.754
759,246.3204,229.3405,3236.8525,3712.5134
6840,444.9937,634.6351,2632.2022,3711.831
4022,303.9524,277.1868,3129.2642,3710.4034
4220,245.63660000000002,218.8699,3243.0839,3707.5904
1887,424.9933,259.20160000000004,3019.7406,3703.9355
3886,280.0204,296.2402,3126.252,3702.5126
351,237.2899,183.4923,3279.5406000000003,3700.3228
4982,255.9092,175.6005,3266.8797,3698.3894
1345,164.8403,191.0563,3339.924,3695.8206
7322,225.6414,259.2265,3210.3106,3695.1785
7321,225.6414,259.2265,3210.3106,3695.1785
1388,263.4259,260.7311,3170.8061,3694.9631
6202,261.5539,205.5787,3227.3188999999998,3694.4515
7695,332.7927,181.9031,3177.1426,3691.8384
7422,227.3673,259.3386,3203.4883999999997,3690.1942999999997
5813,230.6056,172.92829999999998,3281.2044,3684.7383
3268,326.0556,249.7529,3108.0359,3683.8444
2992,231.3007,179.9543,3271.8058,3683.0608
6537,502.484,554.0325,2623.9002,3680.4167
5883,195.6393,145.0858,3338.4166,3679.1416999999997
4773,191.21,234.638,3252.3936000000003,3678.2416000000003
2351,204.8251,293.7218,3178.5779,3677.1248
8648,322.949,288.90659999999997,3064.4847,3676.3403
8547,322.949,288.90659999999997,3064.4847,3676.3403
8548,322.949,288.90659999999997,3064.4847,3676.3403
8647,322.3764,286.847,3066.9099,3676.1333
6841,444.9937,600.6591,2628.9001000000003,3674.5529
6839,446.0724,599.6108,2628.6267000000003,3674.3099
543,245.8476,120.8831,3306.8034,3673.5341
2374,196.0978,140.8667,3332.2158,3669.1803
9115,295.9357,179.9882,3192.9487,3668.8726
1285,261.2348,259.342,3146.447,3667.0238
8748,324.6637,289.269,3052.1113,3666.044
1798,312.4589,233.5125,3119.6453,3665.6167
9780,323.3742,242.5043,3098.7551,3664.6336
8584,271.1663,228.03369999999998,3164.1028,3663.3028
8335,592.556,410.9286,2658.1495,3661.6341
5623,283.2643,220.6499,3157.1635,3661.0777000000003
2891,236.8538,184.4296,3238.5959,3659.8793
7421,249.8541,286.9865,3118.875,3655.7156
5289,261.4155,188.851,3204.6025,3654.869
450,227.92249999999999,178.96,3246.273,3653.1555
2927,256.7999,172.6668,3222.7747,3652.2414
1493,363.4485,308.1042,2979.0992,3650.6519
2072,190.6406,141.6825,3317.4898,3649.8129
8531,291.8285,259.7437,3089.4348,3641.007
9519,324.3638,245.3459,3068.5845,3638.2942000000003
1570,225.7038,190.9536,3216.8609,3633.5183
7702,268.4117,214.2254,3148.0494,3630.6865
2718,239.2281,195.2842,3193.1651,3627.6774
5182,282.3611,192.65519999999998,3148.0593,3623.0756
7833,233.3254,223.7529,3165.5314,3622.6097
3265,307.2735,234.4274,3080.6223,3622.3232
3168,306.53290000000004,235.0864,3080.3681,3621.9874
3263,302.8999,234.1359,3084.7037,3621.7395
9918,274.29110000000003,248.1142,3097.317,3619.7223
7586,429.5324,298.5775,2887.484,3615.5939
9818,325.51800000000003,244.5638,3045.2008,3615.2826
6441,497.53909999999996,617.9882,2497.2475,3612.7747999999997
6842,444.5333,530.2379,2636.469,3611.2402
7521,326.3872,386.9607,2892.5173,3605.8652
3162,1594.2305000000001,153.6405,1854.4933,3602.3643
3373,203.3351,165.7457,3226.2626999999998,3595.3435
8325,244.9009,192.1862,3157.4022,3594.4893
9014,294.0111,178.3074,3121.827,3594.1455
6220,179.7227,152.0486,3261.5855,3593.3568
2694,253.8229,183.7046,3155.0464,3592.5739
6598,230.7595,192.68789999999998,3168.0217,3591.4691
2596,269.5444,192.25639999999999,3128.2594,3590.0602
9388,173.5354,147.1326,3267.9617,3588.6297
8124,235.0931,198.05429999999998,3154.2717,3587.4191
7298,249.4063,224.7107,3112.9081,3587.0251
8702,492.00509999999997,378.8629,2714.4107,3585.2787
7522,301.5025,349.4685,2930.4674,3581.4384
2960,1988.6097,113.5103,1479.3099,3581.4299
9617,314.0459,238.13080000000002,3029.2464,3581.4231
3179,220.2126,206.8127,3152.8539,3579.8792000000003
2394,268.3634,191.7707,3116.8531000000003,3576.9872
661,241.7888,238.4667,3093.0999,3573.3554
1996,272.8862,195.7554,3099.2313,3567.8729
7312,240.5586,195.65789999999998,3127.9267999999997,3564.1432999999997
2869,259.5579,208.0516,3096.1372,3563.7467
3180,218.2186,207.3442,3134.815,3560.3777999999998
5898,207.0463,145.09130000000002,3208.0486,3560.1862
2186,222.4319,186.2991,3150.8704000000002,3559.6014
8911,309.4558,206.7337,3040.9955,3557.185
6415,335.1092,274.0061,2946.0533,3555.1686
10000,278.0183,225.4944,3042.9878,3546.5005
3699,304.8495,242.2858,2997.3443,3544.4796
9010,305.4818,208.2809,3028.9631,3542.7257999999997
544,252.27270000000001,134.0273,3150.5976,3536.8976000000002
4620,231.1324,205.0812,3100.3552,3536.5688
1044,222.4252,141.6317,3171.7529,3535.8098
7729,254.131,191.3222,3088.5338,3533.987
857,227.3516,255.6608,3050.6578,3533.6702
6627,317.4321,243.4972,2970.0209,3530.9502
2498,290.304,192.6149,3046.5109,3529.4298
2251,175.9077,303.8584,3048.818,3528.5841
3683,293.5943,303.776,2930.1338,3527.5041
7329,410.7662,266.055,2849.4867,3526.3079000000002
3392,205.7948,174.4691,3142.7211,3522.985
3391,205.7948,174.4691,3142.7211,3522.985
6887,442.1535,587.158,2492.4858,3521.7973
9215,290.6316,176.7432,3051.9968,3519.3716
5793,210.0116,141.6375,3166.3658,3518.0149
6528,289.4463,273.8766,2953.5442000000003,3516.8671
1286,251.0036,254.2787,3010.2943999999998,3515.5767
5789,307.5945,250.5674,2954.8845,3513.0463999999997
7621,300.5003,352.11740000000003,2860.1399,3512.7576
1947,219.0909,183.0213,3110.6291,3512.7412999999997
7626,343.9925,396.09590000000003,2771.1046,3511.1929999999998
9840,142.7329,90.5788,3276.6679,3509.9796
4384,394.3503,334.3124,2779.9792,3508.6419
9827,277.8227,236.8756,2992.2242,3506.9225
5215,229.0856,155.77519999999998,3119.9399,3504.8007
771,176.0353,128.7036,3199.388,3504.1269
8582,268.9352,220.9152,3014.0373,3503.8877
2594,261.1323,188.7981,3047.0252,3496.9556000000002
241,225.5884,124.78099999999999,3144.8863,3495.2557
3786,270.1181,287.2798,2935.4410000000003,3492.8389
2769,233.5532,181.0558,3076.1686999999997,3490.7777
7222,249.665,250.5042,2990.3037,3490.4729
1997,251.9177,185.4129,3049.5222,3486.8528
3164,296.3698,227.0186,2958.4578,3481.8462
5836,385.17740000000003,247.9244,2847.8474,3480.9492
7414,150.3296,130.1525,3200.1830999999997,3480.6652
1131,202.1567,185.6958,3091.6758,3479.5283
5983,200.8876,178.833,3099.4561000000003,3479.1767
5996,202.0336,135.8953,3140.599,3478.5279
1059,269.5742,265.061,2943.1174,3477.7526
636,179.3161,92.1141,3204.5451,3475.9753
8902,498.15930000000003,384.6601,2590.9782,3473.7976
8912,324.9244,201.5535,2946.3521,3472.83
5493,233.1454,221.8236,3017.5081999999998,3472.4772
9316,287.5067,182.8214,3000.6625,3470.9906
3266,300.1564,228.3025,2941.4139,3469.8728
3797,286.3975,220.446,2959.7391000000002,3466.5826
2295,258.2392,187.6077,3019.0928,3464.9397
2395,258.2392,187.6077,3019.0928,3464.9397
2095,258.2392,187.6077,3019.0928,3464.9397
2297,258.2392,187.6077,3019.0928,3464.9397
2396,258.2392,187.6077,3019.0928,3464.9397
2496,258.2392,187.6077,3019.0928,3464.9397
2397,258.2392,187.6077,3019.0928,3464.9397
2096,258.2392,187.6077,3019.0928,3464.9397
2595,258.2392,187.6077,3019.0928,3464.9397
2296,257.7667,187.215,3018.0969999999998,3463.0787
1995,257.2777,186.808,3017.0685,3461.1542
9639,142.6883,90.1823,3227.6834,3460.554
2978,187.8648,137.1492,3134.1675,3459.1814999999997
8566,325.39709999999997,259.9233,2872.7647,3458.0851
7917,230.0201,213.8338,3014.0876,3457.9415
4888,230.2962,200.4562,3026.6953,3457.4476999999997
4021,295.0188,279.8233,2882.1888,3457.0309
1746,93.5042,136.8523,3225.5182,3455.8747
5942,328.0057,287.8845,2838.2967,3454.1868999999997
3269,313.7876,248.4491,2890.7325,3452.9692
2195,256.0715,184.7782,3008.8574,3449.7071
2196,253.1386,183.4431,3012.6671,3449.2488
7717,155.4302,132.0753,3161.4409,3448.9464
2695,253.3818,182.72209999999998,3011.2217,3447.3256
5533,431.778,268.598,2746.895,3447.271
5633,431.599,268.5779,2746.9491000000003,3447.126
3165,293.615,224.8487,2925.8815,3444.3452
8905,330.7677,242.8154,2869.0547,3442.6378
2350,164.463,287.0713,2990.4964999999997,3442.0308
5433,424.5656,272.6505,2744.1096,3441.3257
7297,241.3547,219.8629,2979.4333,3440.6509
8101,427.8822,336.27250000000004,2674.9735,3439.1282
3399,207.9107,135.7414,3094.9995,3438.6516
6615,287.75870000000003,235.7536,2914.7648,3438.2771
2980,262.7103,200.0233,2972.6011,3435.3347000000003
4086,225.6746,224.45440000000002,2984.3507,3434.4797
6908,230.5354,191.973,3011.3041,3433.8125
8813,347.4115,203.668,2881.0564,3432.1359
6727,317.22520000000003,225.9925,2886.281,3429.4987
8729,288.1468,206.9103,2931.5122,3426.5693
3499,294.8992,230.8701,2899.8751,3425.6444
9011,308.54110000000003,204.5309,2909.0861,3422.1581
4120,284.8889,273.456,2861.5333,3419.8782
7633,332.01079999999996,240.2784,2847.2293,3419.5185
9315,295.0413,178.7015,2939.7766,3413.5194
370,242.585,218.1783,2951.6907,3412.4539999999997
369,242.585,218.1783,2951.6907,3412.4539999999997
5297,243.0216,162.3427,3003.2715,3408.6358
9515,255.516,204.3176,2948.5913,3408.4249
9417,255.065,203.516,2945.3514,3403.9323999999997
8001,358.8744,275.1649,2769.3776000000003,3403.4169
9416,255.6136,202.783,2943.6127,3402.0093
9214,281.9407,180.1261,2938.4113,3400.4781
3577,189.0442,142.9024,3068.5143,3400.4609
7188,214.0095,193.1648,2992.3577,3399.532
5984,249.1148,178.2918,2971.637,3399.0436
3543,173.6693,194.1492,3030.5849,3398.4034
2197,254.7641,185.3879,2958.244,3398.396
9012,313.1769,192.5098,2888.589,3394.2757
3249,147.6405,167.8735,3077.8774,3393.3914
5393,221.5077,203.9486,2967.0914,3392.5477
1437,229.6051,124.76809999999999,3037.9207,3392.2939
2451,168.5501,227.2994,2994.8883,3390.7378
7624,391.907,464.7617,2528.9475,3385.6162
7309,294.0158,208.5371,2882.6959,3385.2488
4221,288.7792,267.2122,2829.1307,3385.1221
9335,198.2828,140.59890000000001,3045.4352,3384.3169
6827,356.3066,246.3749,2780.2043,3382.8858
8780,237.37030000000001,198.9052,2946.1603,3382.4358
9415,267.5849,190.9914,2918.9909000000002,3377.5672
3267,297.4619,228.2043,2844.3417,3370.0079
5994,212.5262,139.5286,3017.2222,3369.277
7732,230.9373,221.2207,2913.9275,3366.0855
5537,399.0387,259.7708,2707.2608,3366.0703
2564,216.6867,190.8958,2957.7028999999998,3365.2853999999998
2551,164.463,223.823,2975.3586,3363.6446
6289,158.4975,108.16029999999999,3096.0981,3362.7559
9502,337.99150000000003,246.9586,2776.4201000000003,3361.3702
4222,286.397,264.883,2809.7428,3361.0228
4020,285.6708,277.727,2796.8726,3360.2704000000003
3817,298.5174,225.433,2833.5078,3357.4582
2651,164.463,216.111,2975.3586,3355.9326
4185,246.5289,240.3588,2868.1374,3355.0251
3169,286.149,226.3141,2838.1476000000002,3350.6107
4985,240.4569,161.0129,2949.0398,3350.5096
3517,241.8847,205.1821,2903.2788,3350.3456
7049,300.0127,313.0504,2733.1457,3346.2088
4284,363.0668,327.1373,2655.8527,3346.0568
4790,868.9555,192.8811,2284.0944,3345.931
9209,309.1356,204.7467,2831.803,3345.6853
3115,220.7542,172.3458,2950.5058,3343.6058000000003
7632,303.58729999999997,239.6805,2799.9209,3343.1887
8356,309.3213,334.5083,2698.2057,3342.0353
7048,331.5754,309.5516,2699.2984,3340.4254
3163,286.2198,219.32410000000002,2834.4152,3339.9591
7623,410.7455,512.4116,2415.6275,3338.7846000000004
8913,326.1566,184.718,2826.3333000000002,3337.2079000000003
6536,493.8073,494.1826,2348.8460999999998,3336.836
7733,232.3083,222.2307,2881.6738,3336.2128
5997,193.7838,130.0258,3007.8805,3331.6901
1700,162.6907,117.4246,3051.1594999999998,3331.2747999999997
3684,267.3123,280.6351,2783.021,3330.9684
3178,196.2383,145.0572,2989.5505000000003,3330.846
2481,223.7526,225.09879999999998,2879.4485,3328.2999
9013,301.2391,176.3201,2847.7884,3325.3476
3167,284.8636,217.9577,2822.3982,3325.2195
4121,282.77549999999997,261.2456,2780.8622,3324.8833
2668,208.04670000000002,170.8979,2945.6622,3324.6068
9216,280.1302,169.5718,2874.6709,3324.3729
9213,281.6671,175.857,2866.2759,3323.8
5895,193.4267,129.7835,3000.3327,3323.5429
5896,193.4267,129.7835,3000.3327,3323.5429
5796,193.4267,129.7835,3000.3327,3323.5429
5795,193.4267,129.7835,3000.3327,3323.5429
5897,193.4267,129.7835,3000.3327,3323.5429
758,200.1521,203.4899,2919.7228,3323.3648000000003
2097,250.2374,182.3525,2890.4224,3323.0123
9114,281.778,170.3519,2869.4484,3321.5783
9113,281.2874,170.0954,2869.1489,3320.5317
8763,301.0841,223.9983,2793.8423,3318.9247
4690,859.783,187.10809999999998,2271.5685,3318.4595999999997
4223,282.40160000000003,260.22970000000004,2775.0967,3317.728
4122,282.1243,260.1023,2773.4401,3315.6666999999998
2959,464.0419,214.221,2626.8595,3305.1224
9312,276.9881,187.246,2836.5912,3300.8253
7923,200.3844,216.7413,2883.0442,3300.1699
7152,171.8089,475.1566,2652.3741,3299.3396000000002
270,220.10070000000002,197.7847,2879.8582,3297.7436
2450,160.8389,218.6301,2918.1643,3297.6333
2449,197.424,282.4736,2813.7511,3293.6487
443,256.7087,131.581,2905.1416999999997,3293.4314
9314,276.5356,168.5363,2845.783,3290.8549
9311,309.9979,203.564,2775.7302,3289.2921
9210,309.8929,203.4834,2774.9029,3288.2792
9110,309.4723,203.2799,2775.243,3287.9952
9111,309.1221,203.08960000000002,2774.9186,3287.1303
2283,196.1837,179.5737,2911.1528,3286.9102
3717,256.9875,212.9733,2816.198,3286.1588
6538,432.0412,514.1792,2339.7968,3286.0172000000002
8565,352.4734,230.31050000000002,2697.3117,3280.0956
558,202.6795,231.77700000000002,2845.5233,3279.9798
4583,189.1917,176.8255,2913.8418,3279.859
6826,319.5503,222.69670000000002,2735.8791,3278.1261
9728,257.8098,218.1153,2801.7833,3277.7084
658,174.4908,190.458,2909.0396,3273.9884
6093,305.8122,232.388,2735.271,3273.4712
7396,295.3053,238.6014,2738.9476,3272.8543
934,111.3352,75.8989,3085.5391,3272.7731999999996
6120,186.1021,154.0331,2929.2961,3269.4312999999997
240,210.9754,101.2939,2953.8856,3266.1549
3599,272.0987,209.1228,2784.1677,3265.3892
9615,272.5327,210.9911,2780.9628,3264.4866
6434,590.1465000000001,460.9538,2211.9541,3263.0544
8802,489.9579,381.1505,2388.9712,3260.0796
1143,176.9703,127.4371,2953.0385,3257.4459
9112,298.7967,186.0793,2772.261,3257.137
7395,293.7572,236.08810000000003,2726.258,3256.1033
368,234.0534,208.316,2811.8701,3254.2395
5693,183.1671,152.9136,2915.3066,3251.3873
3270,264.788,206.4582,2776.226,3247.4722
2740,226.0927,127.9529,2893.2497,3247.2952999999998
9516,247.92759999999998,198.5807,2798.4123,3244.9206
452,190.40449999999998,130.7914,2923.0658,3244.2617
9616,270.3406,209.8753,2761.6864,3241.9023
9212,291.1725,186.0069,2763.3057,3240.4851
560,206.1092,195.373,2834.4718,3235.954
6136,604.1771,500.6701,2130.2814,3235.1286
1941,119.5531,187.3105,2927.9964,3234.86
1571,194.8128,170.52609999999999,2869.3149,3234.6538
3716,261.9987,208.2172,2763.4111000000003,3233.6270000000004
7401,204.7721,163.22039999999998,2864.7384,3232.7309
4885,239.2668,173.7619,2819.5872,3232.6159
9413,251.0609,166.642,2814.6793000000002,3232.3822
551,188.6721,129.9933,2913.7163,3232.3817
8018,162.2047,150.437,2919.2481,3231.8898
7495,301.8085,233.7517,2694.5875,3230.1477
152,222.7397,168.9707,2837.4208,3229.1312
2681,234.8007,201.87820000000002,2791.5196,3228.1985
2839,225.3991,127.4212,2873.783,3226.6033
9414,255.45159999999998,160.8528,2809.9606,3226.265
2942,224.2804,132.4076,2869.4707,3226.1587
8525,263.9806,170.0546,2791.1467,3225.1819
2939,225.4606,127.6293,2871.9078,3224.9977
7798,313.1352,165.626,2744.8131000000003,3223.5743
6614,284.0667,232.1043,2706.9776,3223.1486
2941,225.1979,127.2338,2869.4841,3221.9157999999998
2841,225.1979,127.2338,2869.4841,3221.9157999999998
2840,225.1979,127.2338,2869.4841,3221.9157999999998
2940,225.1979,127.2338,2869.4841,3221.9157999999998
9211,302.5051,197.9592,2721.3304000000003,3221.7947
3041,225.0734,127.8913,2868.1767,3221.1414
1341,141.2392,156.2169,2922.9283,3220.3844
2741,224.4288,127.1674,2868.6666,3220.2628
8681,223.0262,183.2607,2813.3316,3219.6185
253,186.76,129.1106,2903.3941,3219.2647
3689,183.4896,190.4548,2844.8242,3218.7686
3798,265.9384,203.2964,2748.8575,3218.0923
2842,222.69559999999998,127.05099999999999,2866.8253999999997,3216.5719999999997
4683,182.6727,172.6093,2858.7333,3214.0153
7719,163.4024,132.4971,2917.0768,3212.9763
3416,233.45090000000002,199.9488,2778.464,3211.8637
3415,233.4019,199.90959999999998,2778.1899000000003,3211.5014
3615,233.134,199.7536,2778.3579,3211.2455
1471,180.4937,159.9628,2867.3042,3207.7607
3516,230.9785,198.4231,2777.6283,3207.0299
3616,230.815,198.3219,2777.5746,3206.7115
269,201.67079999999999,180.73420000000002,2819.7524,3202.1574
3166,275.7872,210.81029999999998,2715.0767,3201.6742
3241,231.239,210.3415,2759.9186,3201.4991
7534,333.4124,220.3765,2646.9025,3200.6914
3987,219.3862,217.8786,2762.2261,3199.4909
3316,232.6797,199.4665,2767.0105000000003,3199.1567
7818,124.0553,124.1594,2947.7817,3195.9964
3170,250.2867,194.5805,2746.3035,3191.1707
1973,173.308,130.8655,2885.2483,3189.4218
5992,436.9302,328.5716,2422.9857,3188.4875
3515,221.29,192.4426,2774.3518,3188.0843999999997
9331,198.608,144.8513,2843.3962,3186.8555
9310,303.4073,199.7334,2681.775,3184.9157
7533,329.9132,215.3664,2637.544,3182.8236
2742,215.1714,126.8449,2840.1265,3182.1428
545,266.576,143.9741,2768.681,3179.2311
3575,165.7206,123.7925,2885.8493,3175.3624
549,191.0087,135.8302,2847.5193,3174.3581999999997
7301,210.8806,172.3012,2791.1482,3174.33
4892,828.2667,169.3047,2175.3594000000003,3172.9308
3069,273.9369,210.2471,2687.0564,3171.2404
1615,250.3512,173.4939,2743.0982,3166.9433
5593,219.6694,209.2145,2736.9204,3165.8043
1438,196.34470000000002,140.8643,2826.9483,3164.1573
7231,272.0156,243.4966,2647.0009,3162.5131
3514,222.8602,197.4468,2739.8885,3160.1955
7351,151.1322,523.9146999999999,2477.4225,3152.4694
7299,227.7285,201.90619999999998,2720.6353,3150.27
1491,334.141,289.3067,2524.8108,3148.2585
5628,337.3917,211.3279,2597.1893,3145.9089
5214,195.2658,147.5222,2803.0356,3145.8236
353,176.02270000000001,124.1565,2845.4329,3145.6121
3049,139.4,156.7175,2849.0827,3145.2001999999998
6137,466.4796,443.58050000000003,2233.3038,3143.3639
8865,270.8757,201.7911,2667.8227,3140.4895
3371,194.2806,172.3231,2773.2478,3139.8515
5283,240.3502,160.4534,2736.3946,3137.1982
6142,309.9571,271.6908,2552.9815,3134.6294
445,258.1809,167.7691,2706.0359,3131.9858999999997
3372,192.8938,170.5382,2765.8968999999997,3129.3289
6514,294.0483,240.90890000000002,2590.9033,3125.8605000000002
1160,312.9812,321.419,2490.1603999999998,3124.5606
2864,245.3509,192.6604,2684.8917,3122.9030000000002
254,172.2398,122.4102,2825.0094,3119.6594
8202,387.24580000000003,300.5286,2429.1535,3116.9279
3473,183.1296,151.22379999999998,2778.4936,3112.8469999999998
8803,454.5335,352.9465,2305.3658,3112.8458
4673,172.9593,230.6871,2705.9116,3109.558
2519,226.1683,175.9364,2706.9777,3109.0824000000002
1886,182.93869999999998,151.2379,2774.111,3108.2876
2819,216.131,173.2759,2718.3059,3107.7128
8434,395.456,300.1181,2409.9451,3105.5192
9313,243.1995,156.8752,2703.6214,3103.6961
3149,138.0898,155.6986,2809.0126,3102.801
8334,373.087,323.8129,2405.0966,3101.9965
3794,145.23499999999999,140.673,2815.8410000000003,3101.7490000000003
154,195.1499,137.9239,2768.0937,3101.1675
8704,347.5643,273.9796,2479.603,3101.1468999999997
4092,231.7891,150.7248,2718.3281,3100.842
6527,292.2974,230.7844,2576.4627,3099.5445
1024,193.7832,164.5367,2738.2812,3096.6011
2943,211.0341,150.2071,2734.1423,3095.3835
6632,523.3163999999999,573.6546,1997.4474,3094.4184
6532,525.4119,413.0083,2152.4678,3090.888
7400,194.77009999999999,154.407,2737.5922,3086.7693
2434,211.436,152.457,2722.0977000000003,3085.9907
5183,265.6416,176.7541,2635.6798,3078.0755
8630,277.653,197.14800000000002,2600.7502,3075.5512000000003
7725,363.1993,407.4426,2304.844,3075.4859
2822,227.3939,175.8052,2668.7791,3071.9782
2967,243.6809,190.8503,2637.0858,3071.617
2774,240.5829,182.7463,2643.1342,3066.4634
3070,210.479,156.6739,2698.937,3066.0899
3588,212.00209999999998,212.1889,2641.715,3065.906
3641,172.8872,186.427,2704.0981,3063.4123
3997,215.3951,139.1795,2708.3396,3062.9141999999997
4097,215.3951,139.1795,2708.3396,3062.9141999999997
4098,215.3951,139.1795,2708.3396,3062.9141999999997
5083,239.0709,157.24790000000002,2665.5742,3061.893
3996,215.02700000000002,138.8204,2706.2641,3060.1115
4198,214.9946,138.7882,2706.0154,3059.7982
4199,214.9416,138.7372,2705.7104,3059.3892
3998,215.3613,139.6113,2703.8452,3058.8178
5084,233.39319999999998,153.0796,2671.9624,3058.4352
9442,181.846,133.1624,2741.6918,3056.7001999999998
4096,214.3674,138.1933,2703.2516,3055.8123
1241,149.1243,125.7486,2780.6063,3055.4791999999998
2136,125.2151,94.4607,2835.4276,3055.1034
7716,120.59039999999999,101.56490000000001,2830.842,3052.9973
2563,207.8226,180.2826,2664.3571,3052.4623
7615,119.92699999999999,101.4763,2830.793,3052.1963
7616,119.92699999999999,101.4763,2830.793,3052.1963
7515,119.92699999999999,101.4763,2830.793,3052.1963
3077,163.5297,120.5938,2767.575,3051.6985
2619,220.8497,172.8789,2653.6646,3047.3932
4099,214.7654,138.8894,2693.7088,3047.3636
7308,428.8083,175.9736,2440.7039,3045.4858
550,162.1078,121.1257,2761.0875,3044.321
268,171.4744,152.5682,2720.1139,3044.1565
8703,439.60519999999997,339.85630000000003,2263.7889999999998,3043.2505
4791,752.3395,170.6908,2118.925,3041.9553
6400,135.0006,145.5456,2760.7789000000002,3041.3251
666,222.6026,254.6917,2561.9467,3039.241
2547,111.4756,163.3337,2761.9673000000003,3036.7766
3789,177.3888,182.5771,2673.1733,3033.1392
8355,292.331,323.1251,2413.4193,3028.8754
8255,292.331,323.1251,2413.4193,3028.8754
858,190.61950000000002,195.8639,2642.1383,3028.6217
5085,225.4009,147.44129999999998,2655.5006,3028.3428
7496,290.5107,193.5336,2543.9604,3028.0047
168,168.7017,149.5912,2709.2968,3027.5897
2719,219.1005,171.8721,2636.1328000000003,3027.1054
3897,213.8914,138.33780000000002,2674.5703,3026.7995
169,168.5941,149.509,2708.6669,3026.77
2821,218.6943,171.6385,2632.0547,3022.3875
2521,218.6943,171.6385,2632.0547,3022.3875
2820,218.6943,171.6385,2632.0547,3022.3875
2420,218.6943,171.6385,2632.0547,3022.3875
2520,218.6943,171.6385,2632.0547,3022.3875
2621,218.6943,171.6385,2632.0547,3022.3875
2622,218.6943,171.6385,2632.0547,3022.3875
2721,218.6943,171.6385,2632.0547,3022.3875
2722,218.6943,171.6385,2632.0547,3022.3875
2720,218.6943,171.6385,2632.0547,3022.3875
2620,218.6943,171.6385,2632.0547,3022.3875
656,162.39860000000002,194.5767,2664.7751,3021.7504
7601,236.9007,159.2525,2625.5301,3021.6833
3414,225.5433,204.01059999999998,2591.9543,3021.5082
7622,264.4203,324.9026,2430.9659,3020.2888
3896,209.7878,133.6997,2676.68,3020.1675
2421,218.4543,171.4735,2628.5594,3018.4872
4496,197.57229999999998,113.1431,2707.3494,3018.0648
4519,163.4203,133.26749999999998,2721.3702,3018.058
2618,225.8559,169.1546,2622.6193,3017.6298
657,161.7166,192.2763,2662.6036,3016.5965
3271,180.612,152.3594,2683.0054,3015.9768
8430,298.2577,240.9684,2473.1901,3012.4162
352,156.7764,113.8087,2741.5346,3012.1196999999997
7500,216.2056,177.52599999999998,2613.0408,3006.7724
4197,207.9786,131.93189999999998,2665.2805,3005.1910000000003
8728,243.9774,155.1299,2604.4617,3003.569
4200,201.2613,124.85300000000001,2675.1216,3001.2359
757,151.0592,167.8374,2681.4049,3000.3015
4495,206.6644,121.64150000000001,2671.3073,2999.6132
8805,346.5528,262.512,2390.0667,2999.1315
7207,227.5387,192.0371,2578.7021999999997,2998.278
153,198.6787,142.3701,2655.1032999999998,2996.1521
3341,204.62290000000002,207.59890000000001,2581.5443,2993.7661
453,153.2004,113.6248,2722.2319,2989.0571
6019,267.0618,227.7775,2491.7515,2986.5908
9517,251.32,196.8707,2535.5043,2983.695
6729,258.9558,293.096,2430.9661,2983.0179
1914,195.7952,136.9017,2650.0013,2982.6982
6897,204.1267,151.4769,2626.6028,2982.2064
2843,181.4514,127.5059,2668.9888,2977.9461
9739,128.7861,79.4882,2769.1144,2977.3887
5894,180.2469,118.9381,2677.9075,2977.0924999999997
5184,253.5404,168.7965,2546.6501,2968.987
1882,293.1192,135.737,2539.2095,2968.0657
6135,543.8033,443.7539,1980.221,2967.7781999999997
552,149.8982,112.1009,2704.4067,2966.4058
7797,299.0582,159.356,2505.1665,2963.5807
2845,125.7399,161.3597,2671.982,2959.0816
451,148.5162,111.7295,2696.3401,2956.5858
8102,364.4348,284.2961,2306.1823,2954.9132
5723,218.0657,173.6172,2559.7847,2951.4676
655,141.4668,128.1729,2679.2652,2948.9049
643,228.4213,114.0858,2603.2312,2945.7383
6904,264.4121,213.4912,2467.4845,2945.3878
7501,207.1533,149.0913,2586.2914,2942.536
68,174.7902,154.3722,2611.629,2940.7914
5429,331.6263,215.0285,2392.4656,2939.1204
2435,199.5899,150.2147,2587.3815,2937.1861
2082,286.06829999999997,135.2114,2513.37,2934.6497
2382,190.4081,190.77470000000002,2552.8852,2934.068
300,90.6463,88.462,2750.8293,2929.9375999999997
2366,194.885,170.1672,2563.7821,2928.8343
4292,245.426,156.1169,2525.837,2927.3799
6911,182.8657,155.0019,2589.4851,2927.3527
4100,211.7665,143.9438,2570.6471,2926.3574
8425,217.3144,160.9112,2547.1571,2925.3827
98,87.1985,87.23089999999999,2750.2578,2924.6872
299,87.392,87.2564,2749.5396,2924.188
200,87.134,87.1627,2749.4375,2923.7342
97,87.1063,87.15079999999999,2749.4217,2923.6788
196,87.1063,87.15079999999999,2749.4217,2923.6788
195,87.1063,87.15079999999999,2749.4217,2923.6788
198,87.1063,87.15079999999999,2749.4217,2923.6788
96,87.1063,87.15079999999999,2749.4217,2923.6788
94,87.1063,87.15079999999999,2749.4217,2923.6788
197,87.1063,87.15079999999999,2749.4217,2923.6788
296,87.1063,87.15079999999999,2749.4217,2923.6788
297,87.1063,87.15079999999999,2749.4217,2923.6788
199,87.1063,87.15079999999999,2749.4217,2923.6788
95,87.1063,87.15079999999999,2749.4217,2923.6788
298,87.1063,87.15079999999999,2749.4217,2923.6788
99,87.1063,87.15079999999999,2749.4217,2923.6788
100,86.91720000000001,87.0951,2749.3803,2923.3926
252,173.8276,127.62440000000001,2620.866,2922.318
7252,153.3128,500.6124,2267.2964,2921.2216
8767,234.5042,200.9853,2479.8101,2915.2996
2522,210.7823,166.2419,2532.8237,2909.8479
4193,192.0807,116.4265,2601.1587,2909.6659
3400,194.26330000000002,125.4482,2589.4271,2909.1386
6236,570.2768,454.0854,1884.7322,2909.0944
354,141.4312,108.1942,2658.6965,2908.3219
6040,413.2295,365.3848,2124.7464999999997,2903.3608
3900,213.0854,149.899,2538.7667,2901.7511
3785,243.3781,263.00010000000003,2393.1121,2899.4903
7415,120.3456,107.8603,2670.5531,2898.759
4394,186.4108,110.1179,2601.5235,2898.0522
871,152.0828,110.6259,2634.9202999999998,2897.629
7087,345.3314,433.6886,2115.4786,2894.4986
2805,169.948,113.6701,2610.3655,2893.9836
3799,222.82750000000001,161.449,2504.6726,2888.9491
6315,280.2159,234.5142,2373.9391,2888.6692000000003
652,147.2995,107.9489,2633.3889,2888.6373
653,143.98669999999998,107.3221,2632.9287,2884.2375
654,142.0879,106.8847,2632.6651,2881.6376999999998
4475,104.2769,148.8936,2627.4255,2880.596
7595,298.7459,168.0175,2412.7852,2879.5486
6999,213.6958,155.7783,2507.2106,2876.6847
8903,396.1579,305.9466,2172.1538,2874.2583
255,136.4642,105.90220000000001,2631.884,2874.2504
455,136.4642,105.90220000000001,2631.884,2874.2504
554,136.4642,105.90220000000001,2631.884,2874.2504
553,136.4642,105.90220000000001,2631.884,2874.2504
454,136.4642,105.90220000000001,2631.884,2874.2504
355,136.4642,105.90220000000001,2631.884,2874.2504
5694,161.6403,124.1092,2586.5738,2872.3233
899,219.7645,199.45159999999998,2450.9687,2870.1848
7599,295.1252,163.3674,2410.5452999999998,2869.0379
1715,196.0414,135.96269999999998,2536.3136999999997,2868.3178
397,86.3513,86.312,2695.2602,2867.9235
4318,154.1619,126.9699,2586.2699,2867.4017
6925,239.1275,194.1688,2433.3201,2866.6164
7498,290.3387,165.4589,2410.0089,2865.8065
396,86.4171,86.3595,2692.957,2865.7336
1541,97.5325,192.9111,2575.0191999999997,2865.4628
7499,280.3062,164.0188,2420.4996,2864.8246
155,136.6539,106.3558,2619.5424,2862.5521
2140,111.4934,153.1365,2597.6441,2862.274
3278,158.25900000000001,118.8114,2583.8571,2860.9275
9436,170.7541,123.7408,2565.3114,2859.8063
2750,133.0817,176.9752,2548.0551,2858.112
3071,150.7319,121.5813,2585.7639,2858.0771
2971,150.7319,121.5813,2585.7639,2858.0771
2419,211.89440000000002,161.2952,2484.6829,2857.8725
3918,233.386,232.679,2391.0078,2857.0728
7697,291.9373,158.2514,2406.1143,2856.303
7918,107.6803,109.8612,2638.3494,2855.8909
3171,158.9555,125.0402,2570.0715,2854.0672
8627,266.4609,171.3578,2414.1482,2851.9669
3895,187.4702,113.09870000000001,2548.8032000000003,2849.3721
580,132.2679,102.9552,2613.0557,2848.2788
7598,292.6378,160.3694,2395.0374,2848.0446
2972,146.9574,120.6922,2580.1358999999998,2847.7855
3072,146.9574,120.6922,2580.1358999999998,2847.7855
2973,146.9574,120.6922,2580.1358999999998,2847.7855
3074,146.9574,120.6922,2580.1358999999998,2847.7855
3073,146.9574,120.6922,2580.1358999999998,2847.7855
4196,188.2606,115.8471,2542.7384,2846.8461
3999,208.3728,142.1208,2493.8473,2844.3409
4774,189.4067,235.6431,2416.5158,2841.5656
9579,290.5123,227.37630000000001,2323.6217,2841.5103
9580,290.5123,227.37630000000001,2323.6217,2841.5103
9680,290.5123,227.37630000000001,2323.6217,2841.5103
6235,563.2012,444.4033,1833.8241,2841.4286
2966,236.0949,182.6278,2419.866,2838.5887
3075,146.92180000000002,119.3661,2569.7664,2836.0543000000002
3272,152.7554,120.4361,2562.8581,2836.0496
556,128.9073,162.9828,2543.5164,2835.4065
371,212.5144,183.8528,2438.8303,2835.1974999999998
9187,283.477,196.3879,2354.8487,2834.7136
5902,176.10920000000002,141.05089999999998,2510.1866,2827.3467
4095,184.7758,111.065,2531.0518,2826.8926
2872,146.303,119.968,2559.5126,2825.7835999999998
557,124.0339,158.1463,2542.7066,2824.8867999999998
3618,236.947,223.1723,2363.8033,2823.9226
7497,282.3204,158.5343,2382.5252,2823.3799
3600,215.2465,153.9359,2453.3367,2822.5191
271,203.0481,168.0673,2451.1575000000003,2822.2729
3172,147.844,117.17620000000001,2555.8671,2820.8873
2647,103.9622,159.0316,2555.7999999999997,2818.7938
170,162.9506,143.5284,2510.2478,2816.7268
345,215.61860000000001,164.2289,2436.86,2816.7075
3273,147.39509999999999,116.6687,2552.3364,2816.4002
7596,290.4628,155.8921,2368.6573,2815.0122
1436,182.9883,91.5254,2540.142,2814.6557
8501,373.5466,274.6417,2165.8418,2814.0301
3894,181.0637,114.69239999999999,2517.4998,2813.2559
7698,291.7517,154.6091,2365.6914,2812.0522
2206,164.6425,107.9887,2538.8923,2811.5235000000002
8024,161.266,165.1945,2485.0265,2811.487
7696,291.2923,154.5076,2365.6528,2811.4527
4598,173.9771,99.5436,2536.7498,2810.2705
4474,88.748,140.0738,2581.3735,2810.1953000000003
4194,181.294,105.8629,2522.9819,2810.1388
2604,166.4395,112.7959,2530.2459,2809.4813
3173,148.25039999999998,115.5663,2544.7538,2808.5705
4298,182.6574,107.1867,2518.2622,2808.1063
2605,166.2363,112.2821,2529.2121,2807.7305
4299,182.565,107.0968,2517.7276,2807.3894
3124,425.90819999999997,455.88300000000004,1925.0622,2806.8534
1145,127.5499,150.0607,2528.1732,2805.7838
1916,194.9104,134.618,2474.6926,2804.221
3694,139.5018,136.4727,2527.6841,2803.6586
2704,167.2651,110.7791,2525.4524,2803.4966
4094,181.5115,108.49900000000001,2512.5567,2802.5672
3898,206.5069,141.1363,2451.4563,2799.0995
6797,192.1183,136.3675,2469.8512,2798.337
6799,192.1183,136.3675,2469.8512,2798.337
6798,192.1183,136.3675,2469.8512,2798.337
6898,192.1183,136.3675,2469.8512,2798.337
6899,192.1183,136.3675,2469.8512,2798.337
2085,153.6765,139.49960000000002,2504.5927,2797.7688
3174,148.3336,114.1155,2535.2156999999997,2797.6648
3177,148.8677,113.7791,2534.0622,2796.709
9412,228.606,159.7175,2408.0415000000003,2796.365
4195,180.7961,107.7676,2507.5212,2796.0849
3994,181.8936,111.48,2502.4118,2795.7854
3175,148.6736,113.8873,2533.1623,2795.7232
1975,245.9336,111.0802,2437.6347,2794.6485000000002
3474,148.8665,113.7702,2531.9243,2794.561
3176,148.7208,113.6995,2531.8694,2794.2897
3477,148.7208,113.6995,2531.8694,2794.2897
3476,148.7208,113.6995,2531.8694,2794.2897
3276,148.7208,113.6995,2531.8694,2794.2897
3478,148.7208,113.6995,2531.8694,2794.2897
3475,148.7208,113.6995,2531.8694,2794.2897
3576,148.7208,113.6995,2531.8694,2794.2897
3378,148.7208,113.6995,2531.8694,2794.2897
3277,148.7208,113.6995,2531.8694,2794.2897
3376,148.7208,113.6995,2531.8694,2794.2897
3275,148.7208,113.6995,2531.8694,2794.2897
3377,148.7208,113.6995,2531.8694,2794.2897
3375,148.7208,113.6995,2531.8694,2794.2897
1384,126.988,120.85940000000001,2545.7273999999998,2793.5748
4784,186.1201,149.3631,2457.6559,2793.1391
3374,148.0474,113.4802,2531.5796,2793.1072
976,147.2234,107.8586,2538.0078,2793.0898
2265,182.7127,195.547,2414.4856,2792.7453
3274,146.7428,113.2107,2532.0318,2791.9853
3995,179.7467,104.3414,2507.0667,2791.1548
555,129.8228,105.3001,2553.5105,2788.6334
2706,162.0104,106.9037,2519.5993,2788.5134
2405,162.0104,106.9037,2519.5993,2788.5134
2606,162.0104,106.9037,2519.5993,2788.5134
2607,162.0104,106.9037,2519.5993,2788.5134
2506,162.0104,106.9037,2519.5993,2788.5134
2505,161.9515,106.8564,2519.268,2788.0759
2306,162.8329,106.9875,2517.4936,2787.314
6237,550.3337,434.1797,1802.7377999999999,2787.2511999999997
457,117.8147,151.26239999999999,2517.5529,2786.63
2915,259.5616,152.7686,2374.2380000000003,2786.5682
2081,302.9597,120.6736,2362.5192,2786.1525
4296,180.2813,104.5702,2501.2293,2786.0808
6517,225.5805,183.1243,2377.0827,2785.7875
2406,162.332,106.5488,2515.9168,2784.7976
2305,163.4534,106.54849999999999,2514.5825,2784.5844
2814,256.9796,151.93,2373.5538,2782.4634
4498,178.4754,103.0253,2500.4663,2781.967
2974,145.1498,114.0252,2522.7124,2781.8874
2813,256.5034,151.7754,2373.4278,2781.7066
2914,259.00440000000003,152.5071,2369.6146,2781.1261
8302,339.5263,260.9019,2180.21,2780.6382
8904,372.6511,286.7978,2117.9732,2777.4221000000002
2463,169.0455,158.2939,2449.8276,2777.167
6987,360.9735,464.0742,1949.4662,2774.5139
4497,178.3384,102.9664,2493.1862,2774.491
4297,178.3384,102.9664,2493.1862,2774.491
4398,178.3384,102.9664,2493.1862,2774.491
4397,178.3384,102.9664,2493.1862,2774.491
4396,178.3344,102.9626,2493.1799,2774.4769
6341,369.70889999999997,443.6117,1958.6659,2771.9865
356,121.89920000000001,127.8275,2522.1821,2771.9088
7597,277.9497,151.5909,2342.3107,2771.8513000000003
4399,177.7778,102.352,2491.4831,2771.6129
1234,193.2283,93.1324,2483.9714,2770.3321
456,118.0764,140.2761,2511.2974,2769.6499
3076,145.8754,111.9582,2509.1059,2766.9395
2205,163.5451,105.291,2497.3347,2766.1708
470,208.0234,192.1981,2365.5103,2765.7318
398,87.72879999999999,85.7325,2591.65,2765.1113
735,99.8938,65.1082,2598.7709,2763.7729
6498,148.7333,138.0892,2476.3536,2763.1761
3899,206.37,145.5431,2411.262,2763.1751
4000,206.37,145.5431,2411.262,2763.1751
1946,175.6296,148.9265,2438.4873,2763.0434
2464,165.0576,156.696,2440.1461,2761.8997
2879,207.788,166.9953,2387.0249,2761.8082
4191,239.8194,144.8981,2377.0572,2761.7747
4295,178.73080000000002,103.1474,2479.6864,2761.5646
2970,191.608,141.7527,2427.3579,2760.7186
2873,144.56289999999998,111.8582,2504.0434999999998,2760.4646
6036,464.6665,353.2965,1941.9225,2759.8855
7111,175.5478,160.2833,2422.8035,2758.6346000000003
4293,187.5574,115.11959999999999,2454.5895,2757.2665
2815,255.0752,150.9383,2350.6574,2756.6709
2207,157.54780000000002,103.3035,2494.4645,2755.3158
4395,181.91330000000002,103.8041,2469.1479,2754.8653
2307,157.475,103.2444,2494.0519,2754.7713
1242,107.8751,121.78620000000001,2524.7719,2754.4332
5825,269.3892,204.4785,2278.6392,2752.5069
7819,92.6204,92.7428,2565.8829,2751.2461
2364,162.2729,155.5807,2433.3855,2751.2391000000002
2363,162.2729,155.5807,2433.3855,2751.2391000000002
2465,162.2729,155.5807,2433.3855,2751.2391000000002
2263,162.7712,156.31719999999999,2431.3779,2750.4663
2504,158.2407,104.3589,2487.7012,2750.3008
2968,233.1827,179.4712,2336.4561,2749.11
5695,153.7645,118.6366,2475.7954,2748.1965
7720,84.746,58.952,2603.7164,2747.4144
2137,117.4054,81.5809,2548.0153,2747.0016
2365,161.5327,153.4247,2430.5178,2745.4752
4590,616.092,146.62539999999998,1982.3642,2745.0816
1144,105.2856,127.6074,2511.863,2744.756
7452,131.0855,491.2153,2121.3447,2743.6455
2036,116.6132,81.5565,2544.6958,2742.8655
2262,162.5142,154.9323,2424.5621,2742.0086
2507,161.8033,107.4099,2471.6594,2740.8726
2743,119.7423,135.1252,2482.3776,2737.2451
2037,116.9459,81.1428,2538.8314,2736.9201
4192,196.4059,117.6695,2421.6501,2735.7255
5383,187.5775,131.6138,2416.3178,2735.5091
1698,309.9205,236.4787,2188.836,2735.2352
2707,171.7499,108.89099999999999,2454.0183,2734.6592
1739,116.445,81.8386,2535.2444,2733.5280000000002
1738,116.445,81.7036,2535.2444,2733.393
1839,116.445,81.7036,2535.2444,2733.393
1838,116.445,81.7036,2535.2444,2733.393
1737,116.445,81.7036,2535.2444,2733.393
1937,116.445,81.7036,2535.2444,2733.393
1837,116.445,81.7036,2535.2444,2733.393
1938,116.445,81.4974,2535.2444,2733.1868
1638,116.445,81.3259,2535.2444,2733.0153
7316,116.47359999999999,106.26480000000001,2509.9906,2732.729
2038,116.445,80.9386,2535.2444,2732.628
1939,116.445,80.7661,2535.2444,2732.4555
2039,116.445,80.5776,2535.2444,2732.2670000000003
2138,116.445,80.1812,2535.2444,2731.8706
2139,116.445,79.5572,2535.2444,2731.2466
7398,206.5144,180.9516,2343.3017,2730.7677
3490,206.04569999999998,160.47899999999998,2363.8514,2730.3761
8329,240.0483,179.5942,2307.2075,2726.85
1940,116.096,82.3146,2527.6337,2726.0443
2183,150.7761,147.5893,2426.3185,2724.6839
2264,165.9688,172.16400000000002,2386.0573,2724.1901
2058,217.7613,229.8948,2275.5981,2723.2542
8804,362.7155,277.7443,2082.4095,2722.8693
3586,225.2986,239.7483,2256.2385999999997,2721.2855
2679,223.7971,192.8466,2304.6315999999997,2721.2753
3125,419.86089999999996,453.1535,1842.6124,2715.6268
1840,115.5641,84.7005,2514.7613,2715.0259
3783,249.4675,249.98819999999998,2210.7069,2710.1625999999997
9912,181.7839,122.9285,2405.2794,2709.9918000000002
4093,182.1117,109.6117,2416.3843,2708.1077
2466,162.4251,153.4536,2391.8953,2707.774
2320,198.9881,154.2772,2354.4422,2707.7075
6912,179.3553,153.7377,2372.4982,2705.5912
2016,215.6555,141.7231,2340.7878,2698.1664
6440,377.9404,450.4294,1869.3069,2697.6767
6439,377.7549,448.8152,1868.2504,2694.8205
4789,302.6282,177.5399,2214.4584,2694.6265
1936,116.3641,81.4324,2496.1338,2693.9303
6310,203.1517,173.3874,2317.0902,2693.6293
764,228.7548,269.7028,2192.3871,2690.8447
2678,189.5571,144.2635,2355.9924,2689.813
962,297.4221,295.4714,2096.6833,2689.5768000000003
1162,297.4221,295.4714,2096.6833,2689.5768000000003
1161,297.4221,295.4714,2096.6833,2689.5768000000003
6438,385.73109999999997,446.7778,1856.9511,2689.46
7221,186.1165,225.50150000000002,2276.7952,2688.4132
3889,170.4526,170.99710000000002,2346.1733,2687.623
2844,104.3514,138.9242,2443.7418,2687.0174
3068,237.9571,181.0207,2267.7392,2686.717
2878,143.9715,102.86370000000001,2439.8765,2686.7117
2804,156.54500000000002,103.5687,2425.7049,2685.8186
2863,231.017,177.1234,2274.4557,2682.5960999999998
2778,167.2899,123.712,2390.9559,2681.9578
4300,173.6079,98.7071,2409.0111,2681.3261
2165,166.5542,194.8792,2319.1959,2680.6293
2166,166.5416,194.8864,2319.1862,2680.6142
5936,326.3179,186.6924,2166.7841,2679.7943999999998
3784,244.71200000000002,249.8301,2185.1967,2679.7388
2107,156.5707,103.11189999999999,2418.8523999999998,2678.535
6092,343.5088,257.0698,2077.8273,2678.4059
1859,233.4407,279.7636,2163.9133,2677.1176
6805,253.1886,204.4795,2214.9764,2672.6445
8765,257.9064,147.2049,2265.7469,2670.8582
1062,293.8206,291.6214,2085.2241,2670.6661
2975,142.08520000000001,102.72080000000001,2425.3435,2670.1495
4818,146.7096,119.3937,2403.3929,2669.4962
2080,284.7413,109.4661,2270.7066,2664.914
1637,116.30160000000001,81.2286,2466.8428,2664.373
8766,235.36010000000002,138.9374,2289.112,2663.4094999999998
4019,239.7573,240.7102,2182.4665,2662.9339999999997
2874,141.8561,101.8737,2418.044,2661.7738
7313,181.9487,163.3533,2315.5466,2660.8486
6037,333.5718,283.9046,2043.1512,2660.6276000000003
2977,140.8866,100.2361,2416.8956,2658.0183
8665,269.827,158.8543,2228.6691,2657.3504
5790,263.3163,230.1544,2163.4696,2656.9403
2976,143.8636,101.2786,2408.8748,2654.017
2777,141.5836,100.8706,2409.4069,2651.8611
1344,92.2777,121.4807,2436.9594,2650.7178
2849,129.4519,156.4707,2363.0416,2648.9642
7220,190.8671,224.0802,2226.8392,2641.7865
6518,120.37180000000001,104.5153,2416.8662,2641.7533
295,83.74510000000001,83.2903,2473.8279,2640.8633
5438,217.3117,696.9138,1723.8783,2638.1038
6435,534.8858,415.6125,1687.6015,2638.0998
9429,163.6763,117.4055,2355.9985,2637.0803
3445,126.8417,181.4766,2328.4694,2636.7877
861,228.109,219.68859999999998,2188.6888,2636.4864
458,140.5971,152.5529,2342.19,2635.34
6437,499.7179,432.3295,1703.0238,2635.0712
2776,142.1512,100.5782,2391.9273,2634.6567
8666,261.0343,154.8893,2218.1281,2634.0517
7108,192.6601,168.4095,2272.6566,2633.7262
6339,370.0978,408.6353,1853.7996,2632.5327
1245,91.9986,121.4924,2417.9073,2631.3983
2806,190.4427,112.7051,2328.1521000000002,2631.2999
1343,90.8581,120.1521,2419.2308,2630.241
1342,90.8581,120.1521,2419.2308,2630.241
1243,90.8581,120.1521,2419.2308,2630.241
3500,191.2739,128.9795,2309.7919,2630.0452999999998
1244,90.8581,120.7272,2417.9184999999998,2629.5038
2167,166.6245,189.92159999999998,2269.9967,2626.5428
6340,365.1406,405.1574,1855.4064,2625.7044
3594,159.1846,153.8149,2310.3575,2623.357
1565,163.917,143.9404,2313.6448,2621.5022
2876,147.2157,103.1114,2370.1114,2620.4384999999997
5538,157.5181,402.7462,2059.2829,2619.5472
2875,141.6877,99.67139999999999,2377.3342,2618.6933
4986,189.17340000000002,142.4683,2286.1911999999998,2617.8329
4190,187.2418,150.99869999999999,2279.4851,2617.7256
5940,410.2995,310.5685,1896.7483,2617.6163
2677,139.8625,100.6335,2376.5226,2617.0186
1980,278.5559,105.5734,2232.5025,2616.6318
6990,199.8106,177.15189999999998,2239.4209,2616.3834
6338,449.788,409.1423,1756.7579,2615.6882
1978,278.8247,105.2879,2231.4568,2615.5694
6436,537.9456,424.5302,1652.1808999999998,2614.6567
6399,114.434,122.6506,2377.5092,2614.5938
3224,387.1363,435.63620000000003,1791.4222,2614.1947
3887,225.2767,238.3591,2149.7663,2613.4021
7210,180.2733,158.4799,2273.134,2611.8872
4792,564.8701,145.0126,1899.6336000000001,2609.5163000000002
1061,282.99670000000003,279.373,2046.7893000000001,2609.159
7399,197.5877,169.8582,2240.9858,2608.4317
6888,315.6532,417.0702,1874.9281,2607.6515
3787,233.4534,249.4326,2123.8468,2606.7327999999998
2567,157.2009,134.0688,2315.1939,2606.4636
1979,277.3901,104.4024,2224.0625,2605.855
6301,166.35569999999998,136.8876,2301.7679,2605.0112
5733,343.8491,217.1422,2043.0507,2604.042
8700,158.9379,132.81380000000001,2311.6634,2603.4151
8530,256.2338,183.3288,2161.4694,2601.032
7300,177.6984,143.6189,2279.086,2600.4033
8428,260.3438,186.35860000000002,2153.6232999999997,2600.3257
3519,221.5766,216.2981,2162.3868,2600.2615
6336,537.9456,409.8443,1652.1173,2599.9072
6337,537.9456,409.8443,1652.1173,2599.9072
8628,256.2599,178.3042,2165.3097000000002,2599.8738
5516,205.3286,141.2287,2252.6457,2599.203
6334,537.3864,409.608,1651.9759999999999,2598.9704
1699,245.6484,186.3821,2165.7639,2597.7944
6335,536.2035,409.1083,1651.5982999999999,2596.9101
469,197.5307,183.4603,2212.4154,2593.4064
1981,278.441,110.66369999999999,2202.3595,2591.4642
5904,198.37969999999999,165.4869,2227.3848,2591.2514
6041,376.3322,318.8709,1895.8769,2591.08
4294,174.3369,101.1913,2311.3043,2586.8325
8527,257.9793,182.5816,2145.0177,2585.5786
2877,142.9681,97.4501,2343.8858,2584.304
862,288.25509999999997,289.4463,2004.1404,2581.8418
8429,258.2386,183.8709,2139.3396,2581.4491
2779,214.4451,182.16410000000002,2184.4994,2581.1086
2356,193.3187,197.9169,2189.6663,2580.9019
2762,224.2942,173.9418,2181.7047000000002,2579.9407
8201,312.7924,235.92190000000002,2030.8913,2579.6056
9717,256.7214,196.566,2126.2855,2579.5729
3126,378.536,310.4466,1889.8921,2578.8747
2181,287.51800000000003,108.998,2180.6793,2577.1953
4491,329.10360000000003,130.4063,2117.5837,2577.0936
4999,194.8778,110.4503,2271.7026,2577.0307
2580,211.7772,184.7697,2179.5928,2576.1396999999997
4418,136.2601,114.79429999999999,2325.0505,2576.1049
996,300.0931,266.5616,2009.1142,2575.7689
7532,257.9037,174.8948,2140.3005000000003,2573.099
8528,257.0095,182.6575,2132.732,2572.399
3686,219.3823,237.1225,2112.5053,2569.0101
2508,178.266,116.0738,2274.4971,2568.8369000000002
6138,349.8053,327.8532,1891.0812999999998,2568.7398
6618,113.0099,98.01429999999999,2357.0203,2568.0445
6619,113.0099,98.01429999999999,2357.0203,2568.0445
6520,113.0099,98.01429999999999,2357.0203,2568.0445
6620,113.0099,98.01429999999999,2357.0203,2568.0445
6519,113.0099,98.01429999999999,2357.0203,2568.0445
2473,145.1661,109.0795,2313.4343,2567.6799
3042,184.2965,152.4149,2230.8795,2567.5909
2775,138.6865,99.8231,2326.8761,2565.3857
8529,256.3029,181.7104,2127.102,2565.1153
2812,239.6631,141.7231,2183.4549,2564.8411
1880,249.409,102.1795,2210.5014,2562.0899
9306,215.734,155.5547,2189.984,2561.2727
7929,156.5187,133.8028,2270.5216,2560.8431
7217,215.7919,225.8131,2117.6255,2559.2305
156,139.9483,107.6776,2308.639,2556.2649
3687,225.99769999999998,241.0352,2088.699,2555.7318999999998
4393,195.6461,118.81700000000001,2240.2709,2554.734
8129,160.792,173.71550000000002,2219.6124,2554.1198999999997
3800,179.0128,118.7122,2256.1624,2553.8874
2705,153.539,101.6877,2298.5885,2553.8152
2949,121.1854,142.4843,2290.1287,2553.7984
8629,254.61530000000002,180.1062,2118.4982,2553.2197
6242,308.1284,344.9799,1898.4299,2551.5382
9309,263.3981,176.48420000000002,2111.5087,2551.391
444,221.6548,120.91130000000001,2206.4889,2549.055
2871,138.2105,110.8555,2298.0541,2547.1201
3700,181.2724,121.1348,2244.2549,2546.6621
7148,242.1296,248.4084,2055.7604,2546.2984
2608,212.165,119.3225,2214.3028,2545.7903
4576,203.2295,257.7279,2084.1173,2545.0747
2157,181.1757,200.5675,2163.1468,2544.89
665,197.9963,264.7752,2079.3797,2542.1512
3816,272.6743,196.6826,2072.3201,2541.677
9503,293.8261,213.4898,2031.6977,2539.0135999999998
7219,196.5291,211.9599,2129.5672,2538.0562
4793,556.8971,137.3493,1842.6155999999999,2536.862
9307,235.20600000000002,170.2302,2129.4851,2534.9213
6238,380.9099,336.4139,1816.9682,2534.292
9479,224.07489999999999,198.4541,2110.3979,2532.9269
256,122.4606,108.1311,2296.6129,2527.2046
2680,208.9552,179.4118,2138.4585,2526.8255
1977,257.3209,100.4703,2168.7156,2526.5068
3921,248.4106,252.0909,2025.6706000000001,2526.1721000000002
3441,169.8255,204.2398,2150.0276,2524.0929
7031,330.4114,453.0514,1739.5836,2523.0464
2747,97.44200000000001,154.0741,2270.2234,2521.7395
3063,225.7344,171.3971,2123.2122,2520.3437
2963,225.7344,171.3971,2123.2122,2520.3437
3065,225.7344,171.3971,2123.2122,2520.3437
3064,225.7344,171.3971,2123.2122,2520.3437
2964,225.7344,171.3971,2123.2122,2520.3437
3067,225.7344,171.3971,2123.2122,2520.3437
2965,225.7344,171.3971,2123.2122,2520.3437
3066,225.7344,171.3971,2123.2122,2520.3437
1879,208.8388,98.7467,2204.8539,2512.4393999999998
2862,225.138,171.0357,2114.6781,2510.8518
6141,329.7934,318.9049,1861.3958,2510.0941000000003
2924,251.8451,192.446,2065.5311,2509.8222
6140,349.2251,317.8523,1840.4397,2507.5171
2550,116.6331,170.0891,2220.6598,2507.382
7008,175.0776,156.0283,2174.8854,2505.9913
6203,215.1431,171.7283,2118.5575,2505.4289
357,106.82639999999999,138.6147,2259.8051,2505.2462
7149,317.93600000000004,353.92699999999996,1833.3142,2505.1772
2969,224.8632,171.2919,2108.9118,2505.0669
3718,210.1874,204.8942,2089.7029,2504.7845
7218,208.6976,221.5208,2074.0828,2504.3012
8581,213.7956,159.556,2129.4351,2502.7867
8225,172.867,137.78459999999998,2190.8685,2501.5201
2407,153.58350000000002,103.53059999999999,2243.8649,2500.979
9514,201.0901,153.8101,2144.1331,2499.0333
9813,168.06889999999999,113.4517,2216.3864,2497.907
8301,301.73,226.4276,1969.4721,2497.6297
971,141.6564,99.849,2253.6759,2495.1813
5702,184.73,144.0188,2166.4008,2495.1495999999997
4392,245.4828,133.8141,2115.4322,2494.7291
2715,225.0815,134.4366,2133.2656,2492.7837
3688,194.7264,207.0816,2090.1288999999997,2491.9369
1875,159.1069,98.5718,2233.348,2491.0267
5812,165.8941,123.6958,2201.002,2490.5919
6719,110.9473,96.07249999999999,2283.3846,2490.4044
4597,166.1437,95.4864,2224.1247,2485.7548
2781,199.5808,166.1193,2119.583,2485.2831
6139,345.61809999999997,315.17379999999997,1824.4423,2485.2342
6240,345.61809999999997,315.17379999999997,1824.4423,2485.2342
6239,345.61809999999997,315.17379999999997,1824.4423,2485.2342
1836,115.9275,79.99170000000001,2289.1796,2485.0987999999998
6420,126.4664,108.1031,2248.0244,2482.5939
2335,174.3989,135.344,2172.6612,2482.4040999999997
6726,246.6114,184.928,2050.8228,2482.3622
5791,227.2672,198.80790000000002,2053.4301,2479.5052
7117,206.1018,218.64010000000002,2054.4579,2479.1998
2827,162.3951,117.0424,2198.3676,2477.8051
6720,110.9171,96.0744,2269.0786,2476.0701
7432,219.85920000000002,165.2499,2086.8085,2471.9175999999998
1878,175.7527,96.3458,2198.5897,2470.6882
6241,330.9983,314.5795,1822.9944,2468.5722
1982,268.5692,106.211,2090.9665,2465.7467
69,152.6167,130.9154,2178.616,2462.1481
5292,153.4879,133.5126,2175.1295,2462.13
2714,225.0891,135.1003,2100.7684,2460.9578
4291,225.6311,132.9664,2101.1084,2459.7059
6039,346.6872,308.8463,1803.835,2459.3685
1772,175.4746,176.5036,2107.3532,2459.3314
2913,225.5841,137.0507,2095.1052,2457.7400000000002
1881,253.7617,103.2487,2099.3401,2456.3505
7820,95.0003,96.221,2264.6163,2455.8376
961,246.5704,245.5358,1962.9069,2455.0131
1674,136.7265,120.7904,2197.4868,2455.0036999999998
7352,112.5582,510.2014,1831.9172,2454.6768
4691,553.7661,137.6938,1761.7664,2453.2263
2807,223.201,119.3889,2107.5754,2450.1653
1877,158.0261,94.2186,2193.9977,2446.2424
1815,160.8702,113.9375,2170.9761,2445.7838
1915,160.8702,113.9375,2170.9761,2445.7838
3788,206.3132,215.4183,2023.4397,2445.1711999999998
1271,136.443,129.9862,2178.7211,2445.1503000000002
5903,191.6122,160.5484,2092.3306000000002,2444.4912
2182,167.24009999999998,122.1823,2154.2124,2443.6348
4391,222.3548,131.3863,2089.5182,2443.2593
2708,224.8287,119.7212,2096.6151,2441.165
1669,171.9296,161.4173,2107.6194,2440.9663
6910,162.2505,142.459,2136.1408,2440.8503
2362,152.40699999999998,145.13309999999998,2143.1536,2440.6937000000003
3715,187.9474,169.5296,2081.4581,2438.9351
2713,219.6739,131.0313,2088.1132,2438.8184
2075,197.8907,95.41109999999999,2144.9125,2438.2143
3722,250.7763,264.6501,1922.7818,2438.2082
1872,173.1135,172.7311,2091.3498,2437.1944000000003
5188,176.4376,165.3284,2093.8607,2435.6267
6421,131.3298,111.5775,2190.2512,2433.1585
9539,111.2503,70.176,2251.4953,2432.9216
5941,369.5327,293.0488,1770.0605,2432.642
3818,206.5496,203.2574,2022.4205000000002,2432.2275
4987,181.1113,152.4283,2097.1439,2430.6835
6321,133.0502,112.7991,2184.6052,2430.4545
6221,133.0502,112.7991,2184.6052,2430.4545
6320,133.0502,112.7991,2184.6052,2430.4545
6322,133.0502,112.7991,2184.6052,2430.4545
3822,253.1807,256.3872,1920.6443,2430.2122
2171,138.3181,104.2435,2186.2115,2428.7731
3248,120.4003,146.5492,2160.2197,2427.1692
3247,120.4003,146.5492,2160.2197,2427.1692
1871,173.4816,173.8647,2079.0389,2426.3852
6929,320.7378,433.78340000000003,1671.6124,2426.1336
1775,113.6421,94.98830000000001,2216.4139,2425.0443
1675,113.6421,94.98830000000001,2216.4139,2425.0443
1876,149.4489,91.588,2183.5669,2424.6038
3315,190.1404,174.2123,2058.9049,2423.2576
664,192.1355,260.3122,1970.4222,2422.8699
6414,242.6009,206.9805,1972.3281,2421.9095
2846,115.5781,156.0632,2149.1636,2420.8049
6408,241.75730000000001,246.4669,1929.9949000000001,2418.2191000000003
6508,238.9682,247.2443,1931.3948,2417.6073
6308,238.9682,247.2443,1931.3948,2417.6073
6207,238.9682,247.2443,1931.3948,2417.6073
6206,238.9682,247.2443,1931.3948,2417.6073
6307,238.9682,247.2443,1931.3948,2417.6073
6306,238.8414,247.0384,1929.9454,2415.8251999999998
6699,164.7468,141.8449,2108.234,2414.8257
1673,175.586,166.4074,2070.8357,2412.8291
6234,498.0811,376.5962,1537.2619,2411.9392000000003
1335,176.1616,85.6403,2149.9467,2411.7486
6208,230.2982,235.50220000000002,1942.6947,2408.4951
5086,166.9025,135.0924,2106.2763,2408.2712
6004,188.8006,160.7992,2057.5612,2407.161
2235,174.9476,129.2166,2102.9633,2407.1275
2282,133.4098,129.7802,2143.274,2406.464
1639,102.3289,96.0172,2207.2448,2405.5909
2905,161.3795,125.26129999999999,2118.7019,2405.3427
2808,230.0712,120.6908,2052.828,2403.59
5724,124.0128,95.63470000000001,2182.1137,2401.7612
1672,173.9746,167.1552,2058.6575,2399.7873
1971,169.1858,166.487,2063.8695,2399.5423
5197,164.8662,108.6813,2125.6098,2399.1573
2709,226.7992,118.9113,2051.3527,2397.0632
2079,269.5478,98.3577,2028.933,2396.8385
6407,236.9152,244.72129999999999,1914.7714,2396.4079
399,85.1951,80.5364,2227.6844,2393.4159
1773,169.1766,164.6448,2057.066,2390.8874
1676,110.3132,91.7523,2187.6005,2389.666
1678,110.3132,91.7523,2187.6005,2389.666
1677,110.3132,91.7523,2187.6005,2389.666
1477,110.3132,91.7523,2187.6005,2389.666
1576,110.3132,91.7523,2187.6005,2389.666
1578,110.3132,91.7523,2187.6005,2389.666
1577,110.3132,91.7523,2187.6005,2389.666
1776,110.3132,91.7523,2187.6005,2389.666
1777,110.2,91.682,2187.0152,2388.8972
8664,240.33509999999998,143.2843,2004.3115,2387.9309
4808,117.8317,77.06049999999999,2192.074,2386.9662
4591,480.3902,129.9977,1775.8078,2386.1957
372,154.9438,116.3528,2113.7109,2385.0075
536,105.4137,63.535000000000004,2215.3157,2384.2644
1774,136.4691,117.6062,2129.6787,2383.754
2040,100.0805,99.0028,2184.4989,2383.5822000000003
1779,109.2974,91.1255,2182.3659,2382.7888
1060,240.5172,247.32920000000001,1894.8871,2382.7335
7397,213.3387,170.817,1997.7168,2381.8725
1778,109.0439,90.9687,2181.0574,2381.0699999999997
2066,160.84380000000002,170.9227,2048.7291999999998,2380.4957
1780,109.0073,91.0121,2180.3442,2380.3636
863,268.0639,275.3557,1836.4849,2379.9045
2078,270.1361,98.5343,2007.9495,2376.6199
1771,170.13479999999998,169.4331,2031.4953,2371.0632
6309,194.6297,187.1953,1988.9957,2370.8206999999998
6714,194.7346,152.33849999999998,2023.4258,2370.4989
5638,169.5125,180.18,2020.3562,2370.0487
50,168.11610000000002,134.4443,2067.0079,2369.5683
7215,88.1176,80.029,2200.2493,2368.3959
7315,88.1176,80.029,2200.2493,2368.3959
7216,93.2398,86.4369,2187.9501999999998,2367.6269
565,203.43110000000001,267.0414,1895.5385999999999,2366.0110999999997
2408,155.2758,106.94630000000001,2102.5204,2364.7425
2609,224.8481,120.55539999999999,2017.1994,2362.6029
7115,87.3487,79.4791,2193.5639,2360.3916999999997
2135,158.1198,115.55250000000001,2085.9413999999997,2359.6137
7924,278.4884,306.2895,1774.7851,2359.563
2472,133.8482,100.1747,2123.3713000000002,2357.3942
3587,196.63660000000002,206.4886,1952.8501,2355.9753
5696,138.6361,109.4859,2107.3508,2355.4728
4612,116.2876,75.6769,2163.2986,2355.2631
4511,116.2876,75.6769,2163.2986,2355.2631
4513,116.2876,75.6769,2163.2986,2355.2631
4313,116.2876,75.6769,2163.2986,2355.2631
4312,116.2876,75.6769,2163.2986,2355.2631
343,207.5838,125.6344,2021.8337999999999,2355.052
4611,115.4858,77.0237,2162.3607,2354.8702000000003
1679,109.13929999999999,91.7408,2153.955,2354.8351000000002
4411,115.9889,75.5504,2162.6078,2354.1471
4512,115.965,75.5407,2162.5526,2354.0583
4311,115.9033,75.51469999999999,2162.4118,2353.8298
2907,226.0257,119.0796,2008.5331,2353.6384
7208,163.1245,148.49,2041.7006000000001,2353.3151
4711,115.5205,75.5092,2161.612,2352.6417
4412,115.31779999999999,75.2673,2161.0598,2351.6449000000002
4413,115.31779999999999,75.2673,2161.0598,2351.6449000000002
3614,170.52179999999998,162.1819,2017.5832,2350.2869
2509,227.3407,128.5401,1992.6755,2348.5563
2308,142.6583,96.2109,2109.0973,2347.9665
9513,163.9663,115.6198,2067.9821,2347.5682
4707,115.88499999999999,75.5937,2153.0136,2344.4923
9941,112.2097,66.306,2165.9131,2344.4288
1476,106.8224,89.7196,2147.0245,2343.5665
5741,579.3753,375.9353,1387.1725000000001,2342.4831
5185,183.3116,123.895,2033.6166,2340.8232
2945,113.99990000000001,154.0067,2071.8847,2339.8913
2870,189.125,140.0923,2009.3885,2338.6058000000003
4410,111.5104,73.6577,2152.2694,2337.4375
8427,231.7372,163.76149999999998,1941.9152,2337.4139
6829,328.19780000000003,432.6436,1576.2619,2337.1032999999998
2962,214.0929,164.3428,1957.0036,2335.4393
4710,115.55189999999999,75.3451,2143.3446,2334.2416
6909,161.4465,135.5309,2036.0817,2333.0591
4499,160.6533,89.1962,2080.8901,2330.7396
2175,134.4595,86.0232,2109.6354,2330.1181
1670,166.5042,158.2217,2005.2255,2329.9514
1573,135.28640000000001,140.4768,2053.7091,2329.4723
2334,165.0455,119.7138,2044.2509,2329.0102
9188,215.5851,151.7716,1958.9832,2326.3399
2946,113.99990000000001,137.3881,2071.8847,2323.2727
3146,113.99990000000001,136.9736,2071.8848000000003,2322.8583
2948,113.99990000000001,136.9527,2071.8847,2322.8373
2947,113.99990000000001,136.9527,2071.8847,2322.8373
3147,113.99990000000001,136.9527,2071.8847,2322.8373
3148,113.99990000000001,136.9527,2071.8847,2322.8373
3048,113.99990000000001,136.9527,2071.8847,2322.8373
3047,113.99990000000001,136.9527,2071.8847,2322.8373
3046,113.99990000000001,136.9527,2071.8847,2322.8373
7009,162.4,147.4545,2011.1553000000001,2321.0098
2847,113.99990000000001,140.0839,2065.2331,2319.3169
4809,115.1571,74.9333,2129.2257,2319.3161
3888,184.7458,188.173,1945.1994,2318.1182
7088,175.674,158.3505,1983.2640999999999,2317.2886
2275,127.0703,84.5265,2104.1463,2315.7431
4290,199.9965,127.0524,1987.853,2314.9019
4510,111.9004,73.7577,2128.4116,2314.0697
9911,167.9014,113.4967,2032.1585,2313.5566
561,184.6791,194.3562,1930.5615,2309.5968
2134,161.0388,116.9166,2031.6232,2309.5786000000003
8526,214.7799,136.7573,1957.2884999999999,2308.8257
2848,113.17580000000001,142.7455,2051.426,2307.3473
6507,230.476,234.3835,1842.0611,2306.9206
2071,142.1751,114.3366,2047.5184,2304.0301
1671,167.4952,160.5952,1974.1335,2302.2239
1972,146.9024,124.5083,2030.79,2302.2007
8680,205.81719999999999,148.9841,1946.0416,2300.8429
4594,244.3491,140.0315,1915.9824999999998,2300.3631
4596,171.6773,93.4964,2033.2401,2298.4138000000003
1579,108.0777,92.0834,2094.4229,2294.584
1484,112.8942,115.0527,2066.3392,2294.2861
6302,205.6671,165.1244,1921.4348,2292.2263
1572,140.4135,141.2517,2010.2873,2291.9525
1371,128.7861,125.3577,2037.4889,2291.6327
4089,160.8071,140.7569,1989.8717,2291.4357
814,126.2054,87.0221,2072.9456999999998,2286.1731999999997
2880,189.7781,160.4052,1935.2531,2285.4364
1575,103.5069,89.8929,2091.1865,2284.5863
1474,123.5617,131.8785,2027.0492,2282.4894
6422,130.11950000000002,108.0526,2041.4778000000001,2279.6499
2208,140.1286,95.0093,2043.3672,2278.5051
6629,198.0581,258.4125,1821.0224,2277.493
1970,164.4239,161.871,1950.3726,2276.6675
1870,164.3929,161.8303,1949.94,2276.1632
1782,143.0342,125.352,2005.0430999999999,2273.4293
1640,85.9362,172.8624,2014.5606,2273.3592
9332,138.9316,104.1964,2028.0778,2271.2058
4385,267.663,214.2498,1787.6929,2269.6057
1574,116.4559,121.1308,2024.6958,2262.2825
4708,113.0474,74.092,2073.8905,2261.0299
6038,324.6951,267.6755,1666.7418,2259.1124
3014,167.6336,124.22139999999999,1966.9857,2258.8406999999997
2234,150.5063,109.5638,1998.4288000000001,2258.4989
2164,145.0469,167.4918,1945.7115,2258.2502
1976,180.3886,84.696,1993.0445,2258.1291
7209,152.8331,141.5905,1963.1411,2257.5647
1770,163.1665,160.2059,1932.5129,2255.8853
1287,159.9551,161.7772,1933.0283,2254.7606
7110,152.5265,141.3424,1958.8267,2252.6956
7109,152.5265,141.3424,1958.8267,2252.6956
2070,157.2808,148.8707,1945.1147,2251.2662
171,139.1189,108.42320000000001,2003.306,2250.8481
1263,253.4142,257.0908,1738.478,2248.983
2067,162.2125,159.3731,1925.6516000000001,2247.2372
6889,206.0586,171.415,1869.5398,2247.0134
8579,207.7885,147.56,1891.1069,2246.4554
6591,147.1555,125.9114,1971.7539000000002,2244.8208
3989,154.0889,141.9212,1946.0841,2242.0942
4595,155.97129999999999,89.0331,1996.0132,2241.0176
781,45.6178,49.816700000000004,2145.2635,2240.698
6521,106.6518,89.7257,2044.0196999999998,2240.3972
1642,69.113,165.4591,2002.6363,2237.2084
1868,161.9289,158.5683,1914.9438,2235.441
1968,161.9289,158.5683,1914.9438,2235.441
1967,161.9289,158.5683,1914.9438,2235.441
1869,161.9289,158.5683,1914.9438,2235.441
2068,161.9289,158.5683,1914.9438,2235.441
1969,161.9289,158.5683,1914.9438,2235.441
1767,161.6559,158.4581,1914.8337999999999,2234.9478
1867,161.2329,158.2875,1914.6628,2234.1832
1667,161.9305,158.2955,1913.9371999999998,2234.1632
1769,160.96,158.1775,1914.5527,2233.6902
5841,347.587,296.727,1587.9916,2232.3056
1768,161.5545,158.3471,1911.6625,2231.5641
7314,97.6153,89.1656,2042.7362,2229.5171
2069,161.2991,157.5656,1910.5316,2229.3963
8400,125.196,111.461,1992.2794999999999,2228.9365
167,130.6315,98.4185,1999.8699000000001,2228.9199
2404,123.0302,81.964,2023.2525999999998,2228.2468
3413,176.9985,174.8149,1875.3892,2227.2026
174,121.4759,86.0575,2017.6864,2225.2198000000003
9614,224.5606,166.8855,1833.2819,2224.728
782,45.3638,49.4925,2129.591,2224.4473
4689,368.6157,138.9768,1716.7823,2224.3748
4118,115.798,101.5103,2006.4577,2223.766
272,123.3044,87.5996,2012.1044,2223.0084
2511,223.4026,115.86840000000001,1881.0028,2220.2738
2773,125.5785,91.1565,2003.5176999999999,2220.2527
4494,157.1046,91.3876,1970.8224,2219.3146
67,170.53889999999998,146.5139,1900.8635,2217.9163
2780,185.16240000000002,158.5503,1873.0016,2216.7143
4189,153.0588,134.6405,1928.8306,2216.5299
7631,174.9241,146.5225,1893.9302,2215.3768
5000,187.2003,97.8681,1930.0423,2215.1107
337,116.0973,66.6289,2030.2788,2213.005
4414,107.57639999999999,78.8515,2024.8204,2211.2483
2518,175.256,123.56139999999999,1912.2907,2211.1081
267,130.2283,95.2009,1984.2722,2209.7014
7011,150.5137,139.879,1919.2272,2209.6199
2014,154.0287,110.0692,1943.6032,2207.7011
1261,264.9721,268.1239,1674.2862,2207.3822
239,161.1832,82.5526,1963.3262,2207.062
2462,149.2709,137.8159,1917.9723,2205.0591
373,119.648,84.5908,1999.9517,2204.1905
78,119.79690000000001,84.283,2000.0189,2204.0988
76,119.79690000000001,84.283,2000.0189,2204.0988
77,119.79690000000001,84.283,2000.0189,2204.0988
178,119.79690000000001,84.283,2000.0189,2204.0988
176,119.79690000000001,84.283,2000.0189,2204.0988
177,119.79690000000001,84.283,2000.0189,2204.0988
378,119.79690000000001,84.283,2000.0189,2204.0988
274,119.79690000000001,84.283,2000.0189,2204.0988
279,119.79690000000001,84.283,2000.0189,2204.0988
79,119.79690000000001,84.283,2000.0189,2204.0988
179,119.79690000000001,84.283,2000.0189,2204.0988
278,119.79690000000001,84.283,2000.0189,2204.0988
275,119.79690000000001,84.283,2000.0189,2204.0988
276,119.79690000000001,84.283,2000.0189,2204.0988
75,119.79690000000001,84.283,2000.0189,2204.0988
175,119.79690000000001,84.283,2000.0189,2204.0988
375,119.79690000000001,84.283,2000.0189,2204.0988
374,119.79690000000001,84.283,2000.0189,2204.0988
273,119.79610000000001,84.2825,2000.0186,2204.0972
376,119.7283,84.2504,1999.9878,2203.9665
74,119.2848,84.0393,1999.7872000000002,2203.1113
173,119.0986,83.9504,1999.7032000000002,2202.7522
172,118.6356,83.7302,1999.4935,2201.8593
4090,150.802,138.38660000000002,1910.6636,2199.8522
4484,238.6595,190.7961,1770.2907,2199.7463
4091,168.9738,132.7365,1897.5427,2199.253
5483,117.3895,98.9996,1980.2781,2196.6672
7116,68.4389,72.934,2054.1565,2195.5294
4509,108.7594,72.2881,2013.0267,2194.0742
73,118.22999999999999,83.5606,1992.0917,2193.8823
2823,189.6318,146.786,1856.978,2193.3958
883,45.9652,50.1702,2096.3553,2192.4907
564,200.7612,265.8415,1724.8034,2191.4061
1736,115.346,77.9632,1993.0687,2186.3779
379,118.8739,83.9938,1983.2979,2186.1656000000003
1478,102.6771,86.0737,1997.0843,2185.8351
2411,199.7022,107.5198,1878.3249,2185.5469
6406,222.4883,220.45469999999997,1742.4201,2185.3631
8580,204.5401,145.3226,1834.7901,2184.6528
7330,230.233,167.7996,1785.7873,2183.8199
2381,156.1108,138.1709,1888.6715,2182.9532
4310,114.4361,77.8343,1989.9409,2182.2113
7630,167.2503,144.1923,1870.4864,2181.929
7200,146.3791,126.91159999999999,1908.6255,2181.9162
277,118.6101,83.5459,1975.2268000000001,2177.3828
2579,194.8722,167.3475,1812.9366,2175.1563
5213,159.3,119.5515,1894.9075,2173.759
3062,233.0095,155.0555,1784.1756,2172.2406
4314,105.8907,83.2963,1982.5355,2171.7225
2510,212.4597,109.8098,1849.0496,2171.3191
242,174.80870000000002,128.2058,1867.5562,2170.5707
4692,375.2347,125.4714,1669.4205,2170.1266
3246,104.8641,139.6065,1925.2556,2169.7262
566,187.6185,165.86849999999998,1812.809,2166.296
6205,221.0769,218.1604,1725.6615,2164.8988
4285,203.8628,185.19389999999999,1774.0312,2163.0879
5937,281.9208,137.0588,1743.2876,2162.2672000000002
1668,156.8576,154.2071,1849.7798,2160.8445
7010,149.0351,137.3559,1872.303,2158.694
1766,155.4702,151.1355,1847.0431,2153.6488
1966,155.4702,151.1355,1847.0431,2153.6488
1866,155.4702,151.1355,1847.0431,2153.6488
2710,219.3029,114.465,1818.728,2152.4959
1666,156.01420000000002,150.1722,1844.9769000000001,2151.1633
3045,103.7406,132.7178,1913.335,2149.7934
2015,155.6601,107.7028,1885.3882,2148.7511
1874,128.8804,103.2595,1916.6056,2148.7455
7015,75.4923,71.1612,1996.8878,2143.5413
471,179.4679,158.9033,1804.3736000000001,2142.7448
2809,217.6876,115.3021,1809.354,2142.3437
8328,167.7187,107.9691,1865.7167,2141.4045
3821,231.1695,240.3681,1668.3978,2139.9354
7212,161.1808,146.5351,1830.0371,2137.753
2906,186.8144,108.39020000000001,1840.599,2135.8035999999997
3920,229.0803,238.3287,1666.9729,2134.3819
4810,108.0803,70.4731,1955.6807999999999,2134.2342
7118,184.559,188.6235,1758.2183,2131.4008
194,77.6859,76.3303,1976.7707,2130.7869
367,164.302,120.7264,1844.9092,2129.9376
1473,114.9222,119.502,1892.2450999999999,2126.6693
6825,201.176,161.3906,1764.036,2126.6025999999997
2035,116.8333,86.516,1922.944,2126.2933
2703,115.3709,77.3868,1933.0694,2125.8271
1873,140.5909,121.0341,1863.8038999999999,2125.4289
6924,191.059,159.1463,1773.7551999999998,2123.9605
5840,276.4977,183.6557,1661.7501,2121.9035
2267,132.8679,144.2449,1844.3768,2121.4896
762,214.7237,261.4713,1644.4397,2120.6347
2944,102.5331,143.7682,1872.6018,2118.9031
3990,138.0375,137.4538,1834.7416,2110.2329
1987,119.8694,100.1808,1889.6775,2109.7277
1986,119.8694,100.1808,1889.6775,2109.7277
2086,119.8694,100.1808,1889.6775,2109.7277
2087,119.8694,100.1808,1889.6775,2109.7277
1814,148.9176,108.1994,1852.2676999999999,2109.3847
461,175.6279,172.5584,1759.0988,2107.2851
1372,117.893,118.1839,1866.6771,2102.754
65,175.6529,151.5742,1775.4307,2102.6578
8864,209.8576,156.9862,1735.5058,2102.3496
66,174.2149,150.1618,1776.6234,2101.0001
1472,114.2105,117.4686,1868.0554,2099.7345
5098,133.6045,84.4881,1881.4291,2099.5217
4693,359.3624,118.4586,1621.0961,2098.9171
9927,187.9658,143.75379999999998,1767.1786,2098.8982
3493,134.2343,138.8089,1825.7073,2098.7505
4409,102.5027,73.1205,1919.2028,2094.826
3513,146.1704,143.3885,1803.0066,2092.5655
882,50.044200000000004,52.4895,1989.4053999999999,2091.9391
2676,118.0453,91.53490000000001,1881.381,2090.9612
2650,93.0376,147.192,1848.3337999999999,2088.5634
1373,114.0519,115.9006,1858.1205,2088.073
7825,304.1057,322.57320000000004,1454.8868,2081.5657
7214,107.8103,98.9736,1873.6831,2080.467
3890,133.6876,137.8429,1807.6974,2079.2279
3993,155.3081,93.4777,1828.5661,2077.3519
4390,180.4396,121.12,1775.4402,2076.9998
1382,56.2243,61.8301,1957.6955,2075.7499000000003
1262,256.35630000000003,262.7247,1556.4299,2075.5109
1383,79.2891,88.8653,1905.3077,2073.4620999999997
1272,111.99940000000001,112.3802,1845.8781999999999,2070.2578
7114,108.5375,99.6722,1861.6319,2069.8416
55,111.4298,100.0378,1856.6849,2068.1525
56,108.5727,84.4648,1874.4809,2067.5184
4514,103.2847,74.3968,1886.9878,2064.6693
5792,194.9196,167.9545,1701.5033,2064.3774
5842,274.7463,257.9268,1531.41,2064.0831
2108,136.9555,95.3882,1831.6624,2064.0061
7014,108.04769999999999,99.259,1856.16,2063.4667
460,166.6443,182.2843,1713.8672,2062.7958
54,133.3256,109.431,1819.7109,2062.4675
3025,321.89639999999997,318.5292,1421.2245,2061.6501
2121,153.2345,119.7123,1786.3209,2059.2677
474,111.8203,80.9503,1864.6193,2057.3899
4807,96.2222,63.813199999999995,1896.6136000000001,2056.649
9915,194.7466,145.47439999999997,1714.2671,2054.4881
465,177.6516,190.6002,1685.5452,2053.797
960,179.8769,195.1128,1677.4607,2052.4504
3491,131.4233,137.1755,1783.614,2052.2128000000002
3690,131.4233,137.1755,1783.614,2052.2128000000002
3593,131.4233,137.1755,1783.614,2052.2128000000002
3691,131.4233,137.1755,1783.614,2052.2128000000002
3590,131.4233,137.1755,1783.614,2052.2128000000002
3492,131.4233,137.1755,1783.614,2052.2128000000002
3791,131.4233,137.1755,1783.614,2052.2128000000002
3790,131.4233,137.1755,1783.614,2052.2128000000002
2811,207.6912,115.7371,1728.7216,2052.1499
3591,131.3881,137.0971,1783.5715,2052.0567
3592,131.2108,136.7077,1783.3613,2051.2798000000003
8679,201.4097,139.9887,1709.7147,2051.1131
3692,130.9613,136.1578,1783.0652,2050.1843
1442,98.6539,130.07729999999998,1819.507,2048.2382
3693,130.362,135.70770000000002,1777.8153,2043.885
4887,179.4483,148.2829,1713.8594,2041.5906
2412,199.8084,104.15950000000001,1736.9514,2040.9193
8500,119.4756,108.90950000000001,1812.3336,2040.7187
8600,119.2945,108.79169999999999,1812.1575,2040.2437
6192,231.317,169.3699,1638.6698999999999,2039.3568
467,197.6574,147.2765,1693.6411,2038.575
1680,100.84100000000001,93.888,1842.8803,2037.6092999999998
896,259.0396,227.2261,1551.209,2037.4747
4909,98.7339,64.7926,1873.5627,2037.0892000000001
1374,107.9255,105.7656,1822.4295,2036.1206
1490,279.41949999999997,243.421,1511.1628,2034.0033
5621,186.1234,121.96340000000001,1725.3596,2033.4464
2662,190.656,153.581,1686.3026,2030.5396
4490,273.7582,121.03529999999999,1632.6241,2027.4176
9938,103.9004,59.6982,1863.5083,2027.1069
6718,97.5723,83.8557,1841.6009000000001,2023.0289
6222,122.0651,101.3746,1798.1025,2021.5422
1740,85.6709,115.4033,1820.1689999999999,2021.2432
6621,99.4183,80.8086,1839.1517999999999,2019.3787
5087,144.5158,145.8458,1727.8367,2018.1983
466,190.1564,138.6773,1687.1383,2015.972
9305,205.9432,146.9303,1659.9601,2012.8336
4610,104.2337,70.1622,1835.3756,2009.7715
400,79.1857,73.5885,1855.2885,2008.0627
4592,313.218,111.86410000000001,1582.7547,2007.8368
3891,129.189,133.5627,1744.3626,2007.1143
3988,161.0471,154.5336,1691.3426,2006.9233
459,145.0328,160.4432,1701.3243,2006.8002999999999
3721,205.9464,216.7253,1584.056,2006.7277
1376,86.5738,77.8667,1841.5765000000001,2006.017
9308,220.3733,154.73930000000001,1630.5123999999998,2005.625
7201,157.95420000000001,134.0169,1713.483,2005.4541
2034,139.0143,100.9068,1763.4634,2003.3845000000001
2712,199.8268,109.7287,1693.0294,2002.5849
4788,175.69819999999999,145.0439,1681.4605,2002.2026
712,150.3826,126.3686,1725.2051,2001.9562999999998
1464,159.22320000000002,149.0644,1693.5629000000001,2001.8505
2610,193.8152,99.1232,1705.662,1998.6004
9404,243.9606,176.0007,1578.2462,1998.2075
2077,246.2987,83.947,1667.0852,1997.3309
3893,144.0822,103.307,1748.4011,1995.7903
5430,273.221,157.1801,1565.2099,1995.611
1538,87.8749,84.04899999999999,1822.8105,1994.7344
8778,256.7328,176.6954,1560.5024,1993.9306
4613,103.7942,69.5661,1818.6085,1991.9688
7002,227.54,189.1045,1574.1367,1990.7812000000001
1898,157.43970000000002,119.52040000000001,1713.6899,1990.65
4492,210.0042,107.9575,1672.2796,1990.2413
52,132.2211,106.6289,1746.5502,1985.4002
2319,157.7416,111.5285,1712.5379,1981.808
180,109.5082,82.7101,1785.7777,1977.996
2512,210.01000000000002,109.8365,1656.8885,1976.7350000000001
1395,161.0594,101.3681,1713.5644,1975.9919
5889,232.3885,192.2842,1546.2776000000001,1970.9503
570,180.4348,151.2955,1637.4188,1969.1491
2810,209.67499999999998,110.8624,1648.5167999999999,1969.0542
468,152.2758,136.5551,1677.1974,1966.0283
783,39.2046,45.512,1879.7595,1964.4760999999999
667,165.0671,153.4159,1645.6515,1964.1345
6824,180.9375,151.4307,1631.1307,1963.4989
6106,195.3118,191.1968,1575.5214,1962.03
475,107.33500000000001,80.3821,1774.2207,1961.9378000000002
1475,84.0729,86.6177,1790.3316,1961.0221999999999
1816,140.8627,104.88680000000001,1714.9881,1960.7376
3792,127.4355,131.1715,1701.0907,1959.6977
1460,129.9671,144.4198,1684.3449,1958.7318
464,167.407,215.5896,1573.3681,1956.3646999999999
7527,122.588,139.0055,1694.6535,1956.247
7528,122.5937,139.00889999999998,1694.6444000000001,1956.247
4712,102.2509,68.8295,1783.037,1954.1174
72,110.7801,85.1751,1757.9068,1953.862
344,146.8582,107.1822,1698.7765,1952.8169
2612,208.2389,108.8935,1635.4731,1952.6055000000001
3409,139.8628,138.0044,1673.1035,1950.9707
4017,150.1638,154.4886,1645.4739,1950.1263000000001
6823,180.3379,151.347,1618.1517,1949.8365999999999
3820,195.1477,206.6016,1547.9524999999999,1949.7018
3619,194.9445,206.4113,1547.2703,1948.6261
5284,139.4502,93.8937,1712.95,1946.2939000000001
3793,121.2295,123.0479,1700.6056999999998,1944.8830999999998
6209,137.1698,123.1883,1683.6622,1944.0203000000001
360,148.7423,142.1815,1648.2327,1939.1565
5701,170.3503,135.2656,1632.9761,1938.592
1483,90.623,98.0037,1746.1984,1934.8251
9812,154.5903,104.4526,1674.3642,1933.4071
9930,150.1818,120.0701,1662.9683,1933.2202
2711,205.371,107.3265,1619.0803,1931.7778
2321,151.5446,125.2797,1654.2429,1931.0672
9928,149.9603,119.93509999999999,1660.4515000000001,1930.3469
9929,149.9603,119.93509999999999,1660.4515000000001,1930.3469
2611,200.9649,102.5321,1626.0723,1929.5693
4088,153.48579999999998,142.7107,1626.6417999999999,1922.8383
53,122.2249,100.6859,1689.2308,1912.1416
51,121.8189,100.2936,1689.3916,1911.5040999999999
6616,130.1084,108.6222,1671.0262,1909.7568
2281,202.445,88.6884,1611.4043,1902.5377
2418,155.88150000000002,106.1041,1640.3049,1902.2905
6814,146.4983,112.1768,1642.7255,1901.4006
860,137.57750000000001,150.8174,1612.3593,1900.7542
3992,134.96,113.3018,1652.1898,1900.4516
4117,95.271,87.1591,1716.5947,1899.0248
2556,152.4168,123.9938,1621.91,1898.3206
4516,94.56,86.4284,1716.5526,1897.541
4718,94.5583,86.4316,1716.5502999999999,1897.5402
4216,94.5583,86.4316,1716.5502999999999,1897.5402
4315,94.5583,86.4316,1716.5502999999999,1897.5402
4617,94.5583,86.4316,1716.5502999999999,1897.5402
4317,94.5583,86.4316,1716.5502999999999,1897.5402
4719,94.5583,86.4316,1716.5502999999999,1897.5402
4316,94.5583,86.4316,1716.5502999999999,1897.5402
4416,94.5583,86.4316,1716.5502999999999,1897.5402
4417,94.5583,86.4316,1716.5502999999999,1897.5402
4618,94.5583,86.4316,1716.5502999999999,1897.5402
4517,94.5583,86.4316,1716.5502999999999,1897.5402
4518,94.5583,86.4316,1716.5502999999999,1897.5402
4217,94.5583,86.4316,1716.5502999999999,1897.5402
4415,94.5583,86.4316,1716.5502999999999,1897.5402
4619,94.5583,86.4316,1716.5502999999999,1897.5402
9538,116.7682,70.0139,1710.0157,1896.7978
9828,147.98499999999999,116.1538,1632.2142,1896.353
567,158.0285,132.2947,1605.9038,1896.227
763,197.3492,251.45159999999998,1447.0252,1895.826
5893,150.936,89.4512,1655.3778,1895.765
668,153.0001,141.1213,1600.3858,1894.5072
5827,281.9197,203.2355,1408.7347,1893.8899000000001
5828,281.7985,203.00639999999999,1408.0129,1892.8178
4616,95.5303,84.1558,1712.4348,1892.1209000000001
6607,198.133,183.4285,1509.6743999999999,1891.2359
6105,190.282,183.0212,1517.6044,1890.9076
4515,96.23140000000001,82.74810000000001,1711.3842,1890.3637
2163,123.8609,121.4463,1643.9867,1889.2939000000001
5823,113.8082,88.14699999999999,1685.7419,1887.6970999999999
4211,100.8326,80.51050000000001,1705.6219,1886.965
9411,210.1575,140.3447,1536.0636,1886.5657999999999
4717,94.625,85.0939,1706.6388,1886.3577
5890,237.9765,203.8411,1444.4583,1886.2759
2168,129.2037,121.03970000000001,1635.7435,1885.9868999999999
5891,237.5168,203.4611,1441.5117,1882.4895999999999
2012,145.31640000000002,105.4563,1630.5335,1881.3062
2010,145.31640000000002,105.4563,1630.5335,1881.3062
2110,145.31640000000002,105.4563,1630.5335,1881.3062
1912,145.31640000000002,105.4563,1630.5335,1881.3062
2212,145.31640000000002,105.4563,1630.5335,1881.3062
7628,119.0245,134.9663,1627.2439,1881.2347
6499,89.7386,91.11019999999999,1700.2188,1881.0676
7428,123.5018,136.175,1619.4564,1879.1332
2013,145.1437,105.35849999999999,1628.21,1878.7122
9830,120.9524,93.8657,1663.1544,1877.9725
4493,187.3294,96.2843,1594.2163,1877.83
1360,115.3903,164.9884,1597.3837,1877.7624
9931,133.3276,105.6582,1637.7014,1876.6871999999998
5116,164.4158,109.13119999999999,1603.016,1876.563
6803,222.83419999999998,186.2295,1467.2743,1876.338
6804,222.83419999999998,186.2295,1467.2743,1876.338
6903,222.83419999999998,186.2295,1467.2743,1876.338
6703,222.7826,186.1904,1466.9467,1875.9197000000001
6902,222.83419999999998,186.2295,1466.6767,1875.7404
3521,178.8476,191.6522,1503.9674,1874.4672
5722,195.5095,128.33679999999998,1549.7162,1873.5625
1537,91.6103,75.9343,1704.7905,1872.3351
6035,310.1295,237.8101,1323.9123,1871.8519
2112,143.3072,103.8311,1624.3767,1871.515
2398,174.9754,134.4185,1561.0732,1870.4671
9829,140.9944,111.1185,1616.1533,1868.2662
5727,278.5017,196.1577,1393.5985,1868.2579
2111,142.6334,103.2864,1622.3114,1868.2312
3712,138.7851,144.6302,1583.9138,1867.3291
4116,100.5742,98.11749999999999,1668.0717,1866.7634
4087,149.3318,139.2012,1577.2437,1865.7767
6599,92.4011,94.8663,1677.627,1864.8944
5928,277.9369,198.8474,1387.569,1864.3533
6333,385.6622,280.4395,1197.9983,1864.1000000000001
2211,141.7048,102.535,1619.4647,1863.7045
3621,177.9552,190.4872,1490.458,1858.9004
361,129.4883,119.75150000000001,1609.1649,1858.4047
3720,177.8143,190.3551,1489.9897,1858.1591
2271,112.88480000000001,85.4433,1659.6429,1857.971
3719,177.75459999999998,190.2988,1489.7892,1857.8426
3520,177.75459999999998,190.2988,1489.7892,1857.8426
3620,177.75459999999998,190.2988,1489.7892,1857.8426
3819,177.75459999999998,190.2988,1489.7892,1857.8426
2009,141.8238,102.5633,1613.4553999999998,1857.8425
70,123.1143,104.5514,1630.0992,1857.7649000000001
6802,220.3355,184.263,1452.2493,1856.8478
2162,131.2468,122.7602,1602.6301,1856.6371
6704,218.5515,183.0122,1454.8588,1856.4225000000001
6211,180.8525,163.9418,1507.2477,1852.042
3892,122.1429,122.662,1606.7377000000001,1851.5426
2011,139.1902,100.5012,1611.7581,1851.4495
1781,91.5,91.5603,1667.8875,1850.9478
1645,85.1965,130.004,1635.304,1850.5045
58,122.3897,107.20270000000001,1616.4585,1846.0509
6590,97.5387,82.7537,1664.5446,1844.837
80,100.957,78.3852,1658.6441000000002,1837.9863
2109,136.4194,98.2606,1603.2685999999999,1837.9486
584,37.3144,44.3791,1755.7499,1837.4434
2312,139.3488,100.688,1597.1778,1837.2146
1096,205.6162,181.39290000000003,1449.0497,1836.0588
6930,294.7425,433.5258,1106.8345,1835.1028000000001
2772,116.9141,84.218,1632.6372000000001,1833.7693
683,34.6636,41.3722,1753.9850000000001,1830.0208
2410,158.42589999999998,98.226,1570.1525,1826.8044
859,137.634,153.2334,1535.4685,1826.3359
4709,98.0895,66.776,1661.2177000000001,1826.0832
4215,99.1871,97.9298,1627.913,1825.0299
6931,294.1887,433.2761,1097.0081,1824.4729
6830,294.1887,433.2223,1097.0086000000001,1824.4196
4694,182.9995,85.3052,1555.7946,1824.0993
479,100.1773,78.1411,1644.5197,1822.8381
2409,135.8209,96.8049,1588.7976,1821.4234000000001
1959,148.9446,167.2694,1501.9692,1818.1832
6500,94.4175,90.7724,1632.9075,1818.0974
6831,312.02139999999997,442.87579999999997,1062.8693,1817.7665
1273,89.9221,77.2872,1649.9551999999999,1817.1644999999999
2617,150.5339,101.285,1565.2326,1817.0515
1072,98.4328,73.3117,1645.1288,1816.8733
1911,140.7523,101.3211,1574.2883,1816.3617
1375,85.0275,74.5851,1653.5734,1813.186
6104,176.5688,150.4464,1485.5487,1812.5638999999999
5101,161.0825,125.75800000000001,1524.3999,1811.2404
2422,140.4158,117.837,1551.014,1809.2667999999999
7012,144.4236,135.96269999999998,1528.5791,1808.9654
473,99.7531,77.8936,1631.3073,1808.954
4886,156.0691,120.68860000000001,1531.7498,1808.5075
2961,154.4197,138.2465,1514.4218,1807.088
569,133.7981,119.9054,1552.8692,1806.5727
57,92.6003,78.566,1635.1522,1806.3184999999999
5712,139.1343,104.0878,1561.8539,1805.076
2106,107.53020000000001,69.358,1627.0825,1803.9706999999999
476,99.1811,77.8276,1626.6381000000001,1803.6468
2414,143.9289,95.0831,1564.3355000000001,1803.3475
2218,149.5823,100.3959,1553.1336999999999,1803.1118999999999
2113,141.6122,103.8339,1557.5212,1802.9672999999998
1173,90.5081,72.8221,1638.7934,1802.1236
2115,149.5736,100.4196,1551.746,1801.7392
2017,149.5736,100.4196,1551.746,1801.7392
2216,149.5736,100.4196,1551.746,1801.7392
2116,149.5736,100.4196,1551.746,1801.7392
2215,149.5736,100.4196,1551.746,1801.7392
2214,149.5736,100.4196,1551.746,1801.7392
2317,149.5736,100.4196,1551.746,1801.7392
2315,149.5736,100.4196,1551.746,1801.7392
2318,149.5736,100.4196,1551.746,1801.7392
2314,149.5736,100.4196,1551.746,1801.7392
2316,149.5736,100.4196,1551.746,1801.7392
2416,149.5736,100.4196,1551.746,1801.7392
2516,149.5117,100.37,1551.5569,1801.4386
2210,128.8609,92.14659999999999,1580.1032,1801.1107
6800,102.5307,80.5232,1617.255,1800.3089
2133,107.9111,78.38600000000001,1613.7003,1799.9974
2417,149.0715,100.0144,1550.2095000000002,1799.2954
2517,148.9928,99.9501,1549.9657,1798.9086
2513,157.2408,95.5179,1545.6351,1798.3938
568,132.2455,120.1793,1544.5034,1796.9282
5989,206.0471,157.7249,1432.8251,1796.5971
900,115.0665,100.72099999999999,1578.9278,1794.7152999999998
5818,240.9577,154.2557,1399.45,1794.6634
158,110.1335,110.1538,1573.7037,1793.991
2313,147.67849999999999,100.77300000000001,1545.5391,1793.9906
1033,69.053,53.7398,1670.4075,1793.2003
2217,148.5479,99.5925,1544.851,1792.9914
2233,110.40289999999999,79.7448,1602.7006999999999,1792.8484
5834,258.5618,167.9777,1365.1002,1791.6397
1174,88.9285,71.637,1630.9189000000001,1791.4844
1172,85.4788,71.0756,1632.396,1788.9504
5584,114.231,111.502,1560.3857,1786.1187
2616,146.3324,97.3602,1539.2794000000001,1782.972
3919,176.57330000000002,188.9947,1417.2888,1782.8568
2310,124.7702,88.7866,1567.2703999999999,1780.8272
2912,155.86169999999998,104.61789999999999,1519.9918,1780.4714
484,34.3022,41.0389,1703.9928,1779.3339
4018,147.3083,149.0948,1482.0514,1778.4545
1389,145.9496,146.4087,1484.5714,1776.9297000000001
59,111.5685,93.0454,1571.6629,1776.2767999999999
2433,128.6041,91.0894,1555.9807,1775.6742
2909,177.8092,102.9893,1494.2399,1775.0384000000001
5601,164.7227,131.4485,1478.1243,1774.2955
5501,164.7227,131.4485,1478.1243,1774.2955
5502,164.7227,131.4485,1478.1243,1774.2955
5602,164.7227,131.4485,1478.1243,1774.2955
5402,164.7227,131.4485,1478.1243,1774.2955
71,114.0727,97.687,1562.0495999999998,1773.8093
2515,143.68880000000001,95.6459,1533.6297,1772.9644
5803,142.328,116.6333,1513.8004,1772.7617
2311,123.1998,87.4164,1561.879,1772.4952
2213,142.4258,102.2362,1527.4114,1772.0734
2209,122.6204,87.0985,1560.9768000000001,1770.6957
2119,146.888,98.8767,1524.8226,1770.5873
2018,147.5666,99.8482,1520.4929,1767.9077
8326,112.8347,79.593,1574.7459,1767.1735999999999
2415,142.2268,94.4776,1529.2317,1765.9361
2118,146.2275,98.2108,1521.3611,1765.7993999999999
462,158.138,164.5198,1442.5255,1765.1833
2309,121.4199,86.1276,1557.297,1764.8445
2615,139.4507,89.5777,1535.3552,1764.3836000000001
305,131.4248,95.1275,1537.4201,1763.9724
6989,156.0327,140.5125,1466.2316,1762.7768
2613,150.7641,89.6675,1522.253,1762.6846
6107,178.6479,171.4869,1411.8975,1762.0323
7016,80.3426,79.0097,1599.4663,1758.8186
385,38.5757,44.0288,1674.717,1757.3215
9932,103.45219999999999,79.9843,1573.4943,1756.9308
1391,250.4407,227.7954,1278.0298,1756.2658999999999
7726,177.1039,192.7036,1386.1295,1755.9370000000001
6913,146.3802,132.4191,1476.795,1755.5943
304,130.1284,94.07600000000001,1530.2906,1754.495
306,129.8472,93.853,1528.5795,1752.2797
9601,229.1563,164.72469999999998,1358.1109999999999,1751.992
6900,96.3549,69.5416,1585.6238,1751.5203
366,115.3387,72.7082,1562.8384,1750.8853000000001
6111,163.7279,145.3274,1439.059,1748.1143
5728,265.1454,171.4693,1308.4016,1745.0163
5397,156.4179,113.7606,1474.5173,1744.6958
359,122.8671,121.2895,1499.68,1743.8366
307,128.8545,92.9388,1521.6039,1743.3971999999999
7122,173.0414,167.7365,1400.8006,1741.5785
6705,201.1336,169.5079,1370.0871,1740.7286
1275,81.7611,65.968,1592.923,1740.6521
308,128.6485,92.65870000000001,1519.1731,1740.4803
205,128.1821,92.5134,1519.1192,1739.8147000000001
203,128.1715,92.5047,1519.058,1739.7341999999999
9,128.1694,92.503,1519.0461,1739.7185
7,128.1694,92.503,1519.0461,1739.7185
109,128.1694,92.503,1519.0461,1739.7185
6,128.1694,92.503,1519.0461,1739.7185
8,128.1694,92.503,1519.0461,1739.7185
309,128.1694,92.503,1519.0461,1739.7185
108,128.1694,92.503,1519.0461,1739.7185
105,128.1694,92.503,1519.0461,1739.7185
209,128.1694,92.503,1519.0461,1739.7185
208,128.1694,92.503,1519.0461,1739.7185
204,128.1694,92.503,1519.0461,1739.7185
206,128.1694,92.503,1519.0461,1739.7185
207,128.1694,92.503,1519.0461,1739.7185
103,128.1694,92.503,1519.0461,1739.7185
107,128.1694,92.503,1519.0461,1739.7185
106,128.1694,92.503,1519.0461,1739.7185
3,128.1694,92.503,1519.0461,1739.7185
104,128.1694,92.503,1519.0461,1739.7185
6305,190.8901,169.0895,1378.2446,1738.2242
9736,110.2973,75.5846,1551.0235,1736.9053999999999
358,95.2194,103.0848,1538.2206999999999,1736.5249
1274,81.2153,65.6211,1589.4669000000001,1736.3033
6988,191.6925,213.9802,1329.8279,1735.5006
1175,80.5615,65.3644,1589.2086,1735.1345000000001
201,127.15990000000001,91.6129,1515.2798,1734.0526
2375,110.6806,75.40469999999999,1547.5338,1733.6191
959,120.4479,131.8836,1480.4103,1732.7418
1913,135.4564,97.5839,1498.537,1731.5773
1196,175.8658,157.2572,1398.3044,1731.4274
2,126.3274,90.8794,1512.8605,1730.0673000000002
1390,246.1611,223.9346,1258.9286,1729.0243
2114,143.4781,99.8027,1484.3126,1727.5934
4485,167.0585,131.3316,1428.8513,1727.2413999999999
245,115.6045,103.1585,1508.0874000000001,1726.8504
101,126.2959,91.0249,1508.9229,1726.2437
5201,160.9928,128.4027,1436.5527,1725.9482
6923,173.4275,154.7573,1397.7421,1725.9269
1392,243.1907,221.4703,1260.1987,1724.8597
5826,258.0691,189.7913,1276.6566,1724.517
166,106.6486,65.7536,1550.8877,1723.2899
1291,242.7909,221.121,1259.215,1723.1269
6600,85.0195,85.0224,1551.4554,1721.4973
1,124.5957,89.3531,1507.0482,1720.997
365,106.3064,65.29310000000001,1549.2255,1720.825
266,106.3064,65.29310000000001,1549.2255,1720.825
265,106.3064,65.29310000000001,1549.2255,1720.825
2727,118.1963,94.5232,1507.9998,1720.7193
583,31.0021,36.9709,1651.2704999999999,1719.2435
2904,108.0676,81.8376,1527.9473,1717.8525
2861,149.15609999999998,120.2938,1446.8659,1716.3158
7100,97.1098,75.6662,1542.0720000000001,1714.848
1714,130.5924,96.5247,1486.9705000000001,1714.0876
2219,141.8173,95.9605,1473.9951,1711.7729
4400,139.2348,73.8248,1498.5534,1711.613
8029,53.5882,50.234500000000004,1607.725,1711.5477
2514,130.6151,84.8877,1492.4974,1708.0002
2626,118.0048,94.8513,1494.511,1707.3671
5211,102.3052,75.6913,1528.1036000000001,1706.1001
4508,89.4459,67.7893,1548.3615,1705.5967
2726,118.3081,95.3794,1491.4619,1705.1494
9637,108.3152,64.3898,1532.4431,1705.1480999999999
4589,179.1553,109.4441,1414.8294,1703.4288
1377,84.9034,73.7642,1543.0234,1701.691
165,109.206,74.6729,1517.6417,1701.5205999999998
2413,135.1638,85.7403,1479.5289,1700.433
1292,236.94819999999999,216.0262,1244.8472,1697.8216
2424,117.9186,94.8036,1484.3819,1697.1041
303,119.3163,84.6469,1490.9655,1694.9287
4,119.5835,84.9365,1490.2154,1694.7354
5401,157.1362,125.496,1408.8062,1691.4384
2614,129.4991,82.3324,1479.5227,1691.3542
5927,249.8843,177.2906,1263.0795,1690.2544
3145,75.8128,131.25310000000002,1481.7878,1688.8537
6134,277.8007,208.3703,1202.4934,1688.6644
258,97.409,107.2161,1483.6825999999999,1688.3076999999998
2525,117.48859999999999,95.21679999999999,1475.1878,1687.8932
8779,186.2803,121.3616,1377.7022,1685.3441
1482,94.8538,108.398,1481.4805,1684.7323
7721,90.1356,88.429,1504.8297,1683.3943
684,37.2273,43.6065,1602.4827,1683.3165000000001
9933,92.7521,70.1575,1520.29,1683.1996
5824,115.5672,88.431,1477.5316,1681.5298
280,92.8756,75.8553,1512.2215,1680.9524000000001
4706,80.8306,62.1183,1537.7444,1680.6933
6091,213.4209,162.7688,1302.2903000000001,1678.48
1580,96.8601,101.7617,1478.3341,1676.9559
7112,140.9584,131.3963,1403.6328,1675.9875
682,31.8546,36.5623,1605.5008,1673.9177
6210,140.2855,118.1991,1415.2566,1673.7412
1074,83.3008,65.6772,1524.2061,1673.1841
202,124.0519,89.6906,1458.7646,1672.5071
7629,118.42240000000001,122.1076,1430.5565,1671.0865
681,44.2372,45.4151,1580.8872,1670.5394999999999
362,105.9587,95.8556,1468.3666,1670.1809
7627,115.2217,128.1215,1424.3589,1667.7021
4593,230.9864,85.0423,1350.3885,1666.4171999999999
157,82.3687,98.618,1484.7951,1665.7818
975,103.4947,73.9691,1487.7969,1665.2606999999998
2304,96.9114,66.7722,1500.8994,1664.583
6721,92.8573,74.876,1495.6884,1663.4216999999999
1813,134.0135,99.7038,1426.3625,1660.0798
9537,106.13839999999999,62.995400000000004,1490.7338,1659.8676
4489,133.2971,110.0099,1414.8994,1658.2064
4212,102.9507,91.0662,1462.7242,1656.7411
260,92.1202,78.2039,1486.0625,1656.3866
159,92.2904,78.4365,1485.4199,1656.1468
4775,245.6707,294.6841,1114.3051,1654.6599
160,91.93769999999999,78.1459,1483.3679,1653.4515000000001
5990,198.9136,169.3169,1285.0175,1653.248
1393,229.3278,208.99360000000001,1211.9882,1650.3096
7001,191.8318,158.8854,1297.9874,1648.7046
4305,84.6636,75.0369,1487.8220999999999,1647.5226
5302,144.0749,112.7249,1390.6317,1647.4315000000001
669,126.0907,101.4757,1419.2529,1646.8192999999999
478,91.1096,75.3018,1480.2198,1646.6312
477,91.7516,73.8882,1480.7645,1646.4043000000001
2771,109.6664,80.8004,1455.7424,1646.2092
2826,115.5022,94.8236,1435.7127,1646.0385
472,103.7534,85.331,1456.5175,1645.6019
259,100.0643,89.4533,1455.1866,1644.7042
4488,132.8045,109.065,1402.4611,1644.3306
4187,118.9508,112.6509,1412.6005,1644.2022
4787,139.398,111.21390000000001,1392.1946,1642.8065
2333,111.941,79.8371,1450.3842,1642.1623
4309,106.7585,78.4035,1456.8263,1641.9883
4205,84.788,75.7123,1479.93,1640.4303
3991,116.8992,113.7276,1409.1671,1639.7939
2423,117.22370000000001,95.4445,1426.552,1639.2202
5935,234.9558,167.7525,1235.6025,1638.3108
563,165.2574,244.2014,1228.6902,1638.1490000000001
142,107.1904,99.6415,1431.2999,1638.1317999999999
244,107.1904,99.6415,1431.2999,1638.1317999999999
6731,284.19579999999996,391.7358,962.1169,1638.0485
310,122.371,89.07,1425.8338,1637.2748000000001
257,78.0174,99.6973,1459.0487,1636.7634
1945,58.6103,110.1756,1467.2076,1635.9935
143,107.0243,99.4702,1428.172,1634.6665
9629,97.3088,78.7661,1455.6879000000001,1631.7628
5993,193.6731,134.50300000000001,1302.9909,1631.167
302,106.4693,73.2491,1450.1505,1629.8689
4487,132.2862,108.0721,1389.3799,1629.7382
2908,162.0189,91.2591,1375.7640999999999,1629.0421000000001
8401,183.7986,127.8401,1317.2667,1628.9054
5301,151.76069999999999,120.6947,1355.8618000000001,1628.3172
3043,110.0458,141.9479,1375.8595,1627.8532
1073,85.3045,65.905,1476.6209,1627.8304
2117,135.2425,90.24289999999999,1401.153,1626.6384
8426,154.8806,101.47030000000001,1369.774,1626.1249
9529,99.0398,77.7189,1448.3281,1625.0868
795,226.04070000000002,204.74790000000002,1193.1665,1623.9551
4188,111.2637,106.55789999999999,1405.5889,1623.4105
2571,154.1415,120.7099,1348.371,1623.2224
3708,95.9625,103.1663,1423.7867999999999,1622.9156
4389,126.0772,106.529,1389.3591999999999,1621.9654
7113,140.0585,128.8084,1352.0382,1620.9051
7213,139.9636,128.9719,1350.9076,1619.8431
895,224.2429,204.3036,1190.3041,1618.8506
7013,139.4438,129.4022,1349.0497,1617.8957
4105,82.7529,76.06869999999999,1458.6997,1617.5212999999999
834,63.8005,47.9986,1505.3724,1617.1715
261,90.447,77.5996,1446.8582,1614.9048
9729,88.9401,67.7287,1457.2363,1613.9051
571,123.5969,96.68339999999999,1391.5258999999999,1611.8062
5017,185.8982,114.863,1310.192,1610.9532
5432,244.2716,125.18169999999999,1240.9299,1610.3832
663,159.51670000000001,238.5246,1210.3754,1608.4167
5829,249.7023,142.2241,1216.0312,1607.9576
4306,83.1431,73.637,1450.9886,1607.7686999999999
6723,160.0746,139.3371,1307.404,1606.8156999999999
4206,83.266,74.0815,1448.9081,1606.2556
6901,187.5629,157.4797,1261.0974,1606.14
6432,316.0885,224.75050000000002,1063.8648,1604.7038
9831,89.638,68.813,1446.2,1604.651
776,101.1555,72.3259,1430.7682,1604.2496
4407,81.9131,73.0939,1447.7164,1602.7233999999999
4186,111.9066,107.6115,1382.4954,1602.0135
4204,83.2957,73.3679,1445.2636,1601.9271999999999
60,89.93469999999999,77.412,1434.295,1601.6417
9287,99.89020000000001,79.35249999999999,1418.7864,1598.0291
6506,180.9323,152.9022,1264.0347,1597.8691999999999
4106,81.0193,73.1619,1440.7773,1594.9585
6724,157.73770000000002,135.317,1301.0991,1594.1538
4486,130.4668,105.2318,1355.8823,1591.5809
5529,243.69729999999998,126.4881,1220.7697,1590.9551000000001
6011,122.6545,97.36200000000001,1370.6863,1590.7028
9934,87.6998,67.37349999999999,1435.3291000000002,1590.4024000000002
141,125.8368,95.1225,1368.2832,1589.2425
3114,118.3903,93.7951,1375.6382,1587.8236000000002
42,104.4801,96.8232,1385.5554,1586.8587
6529,154.0309,229.812,1200.0836,1583.9265
931,81.5714,66.2715,1435.5133,1583.3562
6108,147.8311,132.8257,1302.0047,1582.6615
1711,111.883,72.6965,1397.0089,1581.5884
4108,91.2967,75.4333,1414.6317999999999,1581.3618
9913,105.3961,71.2666,1401.7579,1578.4206000000001
4005,82.1246,72.1255,1424.0912,1578.3413
4210,81.8796,71.0718,1424.6476,1577.599
1363,184.8303,196.7057,1193.2721999999999,1574.8082
4107,79.2873,71.9042,1422.687,1573.8785
4104,80.5969,74.4096,1418.7968,1573.8033
2748,64.2864,127.79079999999999,1381.4851,1573.5623
4386,116.2207,101.776,1354.4984,1572.4950999999999
2008,117.0842,80.76820000000001,1374.2812,1572.1336
3808,83.1291,73.8184,1414.2728,1571.2203
4408,80.1703,69.9861,1420.1751,1570.3315
3909,83.6996,84.4956,1401.4168,1569.612
5892,195.2702,153.8942,1219.0198,1568.1842
4605,82.1181,71.3783,1414.2304,1567.7268
5830,244.9854,136.481,1185.6475,1567.1139
4404,81.905,71.2235,1413.7057,1566.8342
4304,81.905,71.2235,1413.7057,1566.8342
3807,81.905,71.2235,1413.7057,1566.8342
3707,81.905,71.2235,1413.7057,1566.8342
3806,81.905,71.2235,1413.7057,1566.8342
4505,81.905,71.2235,1413.7057,1566.8342
4405,81.905,71.2235,1413.7057,1566.8342
4504,81.905,71.2235,1413.7057,1566.8342
3908,81.3259,72.1962,1413.0284,1566.5505
4008,79.4427,74.4391,1412.1189,1566.0007
4109,81.2984,71.8438,1412.7802,1565.9224
3026,228.0643,172.8196,1164.5491,1565.433
93,70.9669,68.6135,1425.8138999999999,1565.3943
3906,81.5654,71.0725,1412.583,1565.2209
4209,81.1148,72.6009,1411.1079,1564.8236
6715,93.792,79.5616,1391.2884,1564.642
3905,81.55720000000001,71.042,1411.2367,1563.8359
3907,80.6829,71.2864,1411.1991,1563.1684
4007,77.7564,73.1206,1411.3665,1562.2435
5711,107.0902,76.53150000000001,1378.5935,1562.2151999999999
4387,115.3773,100.8141,1343.1134,1559.3048
2480,165.3991,117.0358,1276.1504,1558.5853
798,97.4859,82.8956,1378.1504,1558.5319
670,112.9675,87.0268,1357.412,1557.4063
4006,77.5098,76.7991,1402.9614,1557.2703
102,126.397,91.7829,1338.5545,1556.7344
6617,95.8352,80.05409999999999,1379.7771,1555.6664
3557,82.04,58.109,1415.288,1555.437
4388,112.746,100.1004,1342.2125,1555.0589
3542,71.8329,117.1033,1365.3807,1554.3169
4203,80.5315,70.1064,1401.9763,1552.6142
2749,61.7477,127.2512,1363.3927,1552.3916
243,96.6906,88.3353,1367.3631,1552.389
2603,81.7902,58.6186,1408.9966,1549.4054
2562,154.1418,121.2433,1273.9021,1549.2872
5588,150.227,160.2046,1238.4641,1548.8957
4688,130.2603,103.1981,1314.5311,1547.9895
5,111.1682,79.6497,1356.8494,1547.6672999999998
6423,115.5702,85.1966,1346.6404,1547.4071999999999
4208,76.541,68.99,1401.6084,1547.1394
4308,76.53359999999999,68.9536,1401.3054,1546.7926
3809,101.1498,114.937,1330.4119,1546.4987
4307,76.2713,68.8432,1400.6992,1545.8137
3008,112.2988,90.9254,1342.1013,1545.3255
8879,177.2734,116.09570000000001,1251.1854,1544.5545
3608,103.1608,125.8122,1315.1309,1544.1039
5929,241.6957,161.0151,1141.2712999999999,1543.9821
4588,129.2324,102.2162,1312.2725,1543.7211
4606,81.2196,70.5016,1390.1166,1541.8378
1812,121.3779,83.7674,1335.5385,1540.6838
6204,174.7053,145.6591,1218.0627,1538.4271
4685,129.0197,101.8091,1306.911,1537.7398
4786,129.0197,101.8091,1306.911,1537.7398
4785,129.0197,101.8091,1306.911,1537.7398
4684,129.0197,101.8091,1306.911,1537.7398
4587,129.0197,101.8091,1306.911,1537.7398
4687,129.0197,101.8091,1306.911,1537.7398
4586,129.0197,101.8091,1306.911,1537.7398
4584,129.0197,101.8091,1306.911,1537.7398
4686,129.0197,101.8091,1306.911,1537.7398
4585,129.0197,101.8091,1306.911,1537.7398
662,145.7856,223.8537,1166.6833,1536.3226
2723,114.2844,106.7778,1315.1308000000001,1536.193
9839,91.0368,49.4683,1395.3893,1535.8944
4110,80.6441,70.7831,1383.8986,1535.3258
4303,79.4085,69.0213,1386.0819,1534.5117
4009,78.1252,70.5002,1384.872,1533.4974
463,149.7712,191.6313,1189.3566,1530.7591
5926,227.2321,178.3202,1124.1951,1529.7474
5494,125.0622,116.4369,1286.0901,1527.5892000000001
2926,111.9893,95.4401,1318.6276,1526.057
9288,97.1896,76.8669,1350.9479,1525.0044
4406,80.62259999999999,70.53960000000001,1372.9967,1524.1589
6604,176.06,144.1977,1202.563,1522.8207
7119,137.3094,138.535,1246.9316,1522.776
6716,89.3793,75.9606,1354.4964,1519.8363
562,147.9624,194.1829,1177.0394,1519.1847
33,82.55,66.0095,1369.0698,1517.6293
286,38.3988,43.4801,1435.5371,1517.416
1581,96.46,109.4701,1311.2853,1517.2154
933,75.3389,58.8332,1381.8983,1516.0704
5594,123.7272,114.3049,1277.6065,1515.6386
5991,187.8584,160.5205,1165.903,1514.2819
380,84.5491,72.5725,1356.7221,1513.8437
2770,126.70570000000001,77.8756,1308.7906,1513.3719
4207,77.019,68.8184,1366.4776,1512.315
5532,238.8985,121.7647,1151.409,1512.0722
5730,238.8985,121.7647,1151.409,1512.0722
5729,238.8985,121.7647,1151.409,1512.0722
5631,238.8985,121.7647,1151.409,1512.0722
5632,238.8985,121.7647,1151.409,1512.0722
5530,238.8985,121.7647,1151.409,1512.0722
5630,238.8985,121.7647,1151.409,1512.0722
5629,238.8985,121.7647,1151.409,1512.0722
5531,238.8985,121.7647,1151.409,1512.0722
5731,238.8985,121.7647,1151.409,1512.0722
4608,86.5463,61.7328,1361.6335,1509.9126
9737,91.4305,49.8842,1366.6458,1507.9605
4289,97.5799,93.7413,1316.6045,1507.9257
6606,174.6152,142.6342,1190.6406,1507.89
6304,174.6152,142.6342,1190.0889,1507.3383000000001
6605,174.6152,142.6342,1189.6758,1506.9252000000001
6404,174.6152,142.6342,1189.6758,1506.9252000000001
6503,174.6152,142.6342,1189.6758,1506.9252000000001
6505,174.6152,142.6342,1189.6758,1506.9252000000001
6504,174.6152,142.6342,1189.6758,1506.9252000000001
6109,99.0809,69.8449,1337.3239,1506.2497
5187,110.3835,117.251,1278.4023,1506.0368
5619,229.45080000000002,147.7283,1128.7491,1505.9282
9914,106.6341,79.5549,1319.1521,1505.3410999999999
6303,173.3642,142.0539,1189.1570000000002,1504.5751
6425,130.7942,114.3579,1257.7877,1502.9398
4506,79.866,69.6616,1353.2391,1502.7667
6403,172.5624,141.6815,1188.2015000000001,1502.4454
497,78.4247,68.5432,1355.3733,1502.3412
4288,98.4666,96.3937,1307.2213,1502.0816
5431,235.2259,120.5502,1146.2471,1502.0232
6110,98.5778,69.5953,1333.2503,1501.4234
3706,75.53330000000001,66.03699999999999,1359.0664,1500.6367
677,101.4548,76.5549,1320.3761,1498.3858
2431,107.9173,76.1115,1313.9417,1497.9705000000001
2232,107.9173,76.1115,1313.9417,1497.9705000000001
2331,107.9173,76.1115,1313.9417,1497.9705000000001
2332,107.9173,76.1115,1313.9417,1497.9705000000001
2432,107.9173,76.1115,1313.9417,1497.9705000000001
9636,89.02,67.5724,1341.34,1497.9324000000001
1681,94.279,106.8511,1296.7661,1497.8962000000001
6405,171.5781,141.21359999999999,1185.0183,1497.8100000000002
6010,98.3536,68.9836,1330.2335,1497.5707
301,91.62819999999999,61.4221,1343.7846,1496.8349
5910,98.3536,68.9836,1329.0744,1496.4116
5911,98.3536,68.9836,1329.0744,1496.4116
1627,114.6267,91.1668,1290.2865,1496.08
2161,120.6602,111.3547,1261.2513,1493.2662
6005,150.3411,133.9003,1208.5859,1492.8273
6603,172.1591,141.9011,1178.1706,1492.2308
6522,108.6216,81.7239,1301.5156,1491.8611
983,57.6475,56.3259,1377.8807,1491.8541
3805,74.4482,65.1582,1350.0375999999999,1489.644
5811,98.3536,68.9836,1321.8526,1489.1898
9940,89.8084,48.492000000000004,1350.7206,1489.0210000000002
9939,89.8084,48.492000000000004,1350.7206,1489.0210000000002
9738,89.8084,48.492000000000004,1350.7206,1489.0210000000002
9838,89.8084,48.492000000000004,1350.7206,1489.0210000000002
6490,66.7103,66.4114,1354.6997,1487.8214
5618,233.524,149.55010000000001,1104.592,1487.6661
2523,109.3963,97.6406,1280.1523,1487.1892
1076,97.9888,69.4301,1318.8126,1486.2314999999999
2625,107.9101,93.3189,1284.8776,1486.1066
1192,202.8825,184.60410000000002,1098.5734,1486.06
9837,92.1898,49.6713,1342.9491,1484.8102
5439,34.217,557.1818000000001,889.7912,1481.19
6725,153.9322,135.1333,1191.6537,1480.7192
2548,58.0865,125.5047,1296.8517,1480.4429
2549,58.0865,125.4991,1296.8517,1480.4373
2649,58.0865,125.4991,1296.8517,1480.4373
2648,58.0865,125.4991,1296.8517,1480.4373
2675,93.48179999999999,79.9229,1306.1739,1479.5785999999998
496,72.6378,66.3816,1340.5137,1479.5331
7000,76.6376,52.7427,1349.7539,1479.1342
576,90.5122,73.91329999999999,1313.6442,1478.0697
572,99.2474,73.6561,1304.5225,1477.426
578,85.6495,73.6587,1317.4016,1476.7098
4908,66.0845,45.7756,1364.468,1476.3281
671,99.12769999999999,73.499,1303.6627,1476.2894
4004,72.4015,65.1677,1337.5101,1475.0793
577,86.004,73.28,1313.6557,1472.9397000000001
4604,73.7471,62.8858,1336.1859,1472.8188
1582,98.0394,102.9794,1271.4627,1472.4815
1284,89.3649,87.4631,1292.6852,1469.5132
5585,102.4429,99.4639,1267.3353,1469.2421
4674,102.82860000000001,181.39069999999998,1184.7407,1468.96
6391,65.2795,65.6114,1335.9482,1466.8391000000001
6491,65.1152,65.5767,1336.0459,1466.7378
1910,116.1503,79.03150000000001,1271.1155999999999,1466.2974
364,94.3357,62.0941,1309.8201,1466.2499
1682,99.73400000000001,102.7213,1263.5996,1466.0549
881,56.413999999999994,55.4332,1353.9421,1465.7893
64,125.5239,119.7647,1220.4841,1465.7727
1539,63.518299999999996,123.8373,1278.1659,1465.5215
6424,119.7379,95.272,1250.3193999999999,1465.3292999999999
406,90.625,61.1719,1312.8158,1464.6127000000001
144,98.8266,90.9717,1273.6071,1463.4054
6426,156.7511,139.7503,1166.4591,1462.9605
4812,90.7645,68.932,1302.2791,1461.9756
1479,75.55709999999999,65.9088,1320.4311,1461.897
6700,78.7712,73.164,1309.8319999999999,1461.7672
579,83.541,72.7044,1304.0559,1460.3013
9817,181.8332,145.9229,1132.4176,1460.1737
678,99.471,74.8253,1285.7477,1460.0439999999999
6390,64.8472,65.1637,1327.8225,1457.8334
7101,161.6164,134.7243,1156.7767000000001,1453.1174
5285,98.0903,84.2466,1268.697,1451.0339
676,96.4366,69.9644,1284.33,1450.731
9333,86.6599,68.4014,1294.4608,1449.5221000000001
1434,129.3747,95.2646,1224.7295,1449.3688
6717,83.8597,71.2471,1292.1472,1447.254
5587,130.3441,140.2293,1172.2830000000001,1442.8564000000001
3007,122.495,87.3491,1232.7368,1442.5809
4287,89.9084,89.09,1261.4464,1440.4448
4286,89.9084,89.09,1261.4464,1440.4448
575,90.51219999999999,68.6273,1281.2598,1440.3993
5288,115.9746,102.0881,1221.655,1439.7177
573,93.1991,67.9822,1274.9794,1436.1607
6523,133.6333,113.4399,1188.5050999999999,1435.5783
6914,135.4676,109.8794,1188.446,1433.7930000000001
4893,372.6324,74.0406,983.8187,1430.4917
6524,144.383,128.453,1157.1513,1429.9873
5384,97.22109999999999,90.0556,1241.7383,1429.015
2220,118.8947,83.7332,1226.0146,1428.6425000000002
873,94.1093,66.9083,1267.6164999999999,1428.6341
875,94.1093,66.9083,1267.6164999999999,1428.6341
674,94.1093,66.9083,1267.6164999999999,1428.6341
675,94.1093,66.9083,1267.6164999999999,1428.6341
672,94.1093,66.9083,1267.6164999999999,1428.6341
772,94.1093,66.9083,1267.6164999999999,1428.6341
773,94.1093,66.9083,1267.6164999999999,1428.6341
774,94.1093,66.9083,1267.6164999999999,1428.6341
775,94.1093,66.9083,1267.6164999999999,1428.6341
673,94.1093,66.9083,1267.6164999999999,1428.6341
973,94.1093,66.9083,1267.6164999999999,1428.6341
974,94.1093,66.9083,1267.6164999999999,1428.6341
874,94.1093,66.9083,1267.6164999999999,1428.6341
872,94.1093,66.9083,1267.6164999999999,1428.6341
972,93.8887,66.8035,1267.5168,1428.209
6526,151.9754,135.7516,1139.6641,1427.3911
784,36.9623,42.2369,1346.4969,1425.6961000000001
9430,82.9867,66.4059,1275.8665,1425.2591
6006,144.7793,126.9675,1153.2052,1424.952
2169,98.0397,74.4683,1252.0113999999999,1424.5194
574,88.7501,65.7955,1265.4187,1419.9643
6622,101.9871,81.979,1234.8587,1418.8247999999999
635,62.2874,44.5306,1311.4527,1418.2707
1276,76.174,62.1254,1279.9001,1418.1995
5920,219.212,160.31550000000001,1038.6188,1418.1462999999999
5720,217.4786,137.9584,1061.3389,1416.7759
6525,146.92849999999999,131.0681,1137.999,1415.9956
5515,152.059,109.026,1154.5091,1415.5941
7701,98.4385,77.3781,1238.7564,1414.573
485,36.9492,42.1725,1334.4265,1413.5482000000002
5484,100.2052,103.6213,1208.5149,1412.3414
407,92.4505,63.3246,1256.1941,1411.9692
2524,104.3649,92.6173,1214.431,1411.4132
3541,79.7775,148.7275,1182.3803,1410.8853000000001
7120,145.0269,161.9998,1101.9538,1408.9805000000001
2910,122.2135,86.7775,1199.9373,1408.9283
5713,140.1946,102.9947,1165.1356,1408.3249
6625,148.4368,132.6198,1126.6671999999999,1407.7238
6624,148.4368,132.6198,1126.6671999999999,1407.7238
6626,148.4368,132.6198,1126.6671999999999,1407.7238
6623,148.3637,132.4595,1126.1503,1406.9735
9638,87.1195,47.49,1272.3449,1406.9544
5732,226.62290000000002,119.1,1060.07,1405.7929
1283,64.1578,65.9283,1274.9424,1405.0285
4573,89.5557,288.4397,1026.8792,1404.8746
5617,229.5528,143.3402,1030.467,1403.36
41,113.0386,107.5048,1182.8066,1403.35
6402,161.1781,132.5358,1109.3096,1403.0235
8327,94.7426,57.5162,1250.3457,1402.6045
3006,106.2966,82.1622,1212.4035000000001,1400.8623
2019,125.4381,93.3466,1181.2581,1400.0428
5202,122.7857,97.2833,1179.0594,1399.1284
6631,214.9863,283.1367,898.9617,1397.0846999999999
2170,95.3928,74.3871,1226.7242,1396.5041
2526,103.4564,82.9474,1209.1847,1395.5885
2627,101.2824,81.04260000000001,1212.4417,1394.7667000000001
6034,212.0883,153.4703,1029.1668,1394.7254
8764,162.6892,106.1116,1125.8535,1394.6543
2430,107.9726,75.73530000000001,1210.9311,1394.6390000000001
7828,112.6426,116.2932,1164.1631,1393.0989
4599,116.13029999999999,60.6062,1213.8883,1390.6248
6815,79.4568,67.8299,1242.2537,1389.5404
1917,124.3666,93.4644,1168.6751,1386.5061
9730,79.2498,62.732,1244.3422,1386.324
5611,119.1842,85.7698,1177.3422,1382.2962
4615,73.0805,67.3017,1241.3591999999999,1381.7413999999999
4716,72.4869,68.2369,1240.1537,1380.8775
1334,168.7226,75.7633,1134.6387,1379.1245999999999
3314,125.6849,123.687,1129.7016,1379.0735
1743,42.282,120.55030000000001,1215.9511,1378.7834
5719,220.9785,138.1783,1017.8013,1376.9581
3410,114.0284,129.5747,1132.3234,1375.9265
5820,217.52,136.3145,1020.2779,1374.1124
4817,71.9227,68.47240000000001,1233.6884,1374.0835
5919,220.3852,155.6876,992.6644,1368.7372
5616,194.6204,130.794,1040.2993999999999,1365.7138
1481,83.463,89.166,1191.6931,1364.3221
5396,103.002,89.5561,1171.7119,1364.27
2065,91.6277,99.8772,1172.2325,1363.7374
498,76.156,65.2903,1217.9391,1359.3854
408,105.9942,76.3265,1176.8425,1359.1632
5113,123.4173,93.4727,1141.5724,1358.4624000000001
4403,64.8719,56.3118,1236.3427,1357.5264
5925,198.3761,182.1295,976.9307,1357.4363
2669,117.6367,72.9453,1164.4339,1355.0159
1362,162.4944,173.3568,1018.9618,1354.813
5939,269.7282,116.1801,968.5329,1354.4412
4910,75.2604,51.9259,1225.6607,1352.847
6915,76.4273,65.0863,1211.0192,1352.5328
5485,92.64699999999999,96.4445,1161.589,1350.6805
6009,95.1445,65.7312,1187.767,1348.6426999999999
2578,121.0361,81.9448,1145.1221,1348.103
2180,233.7482,70.1656,1042.6290999999999,1346.5429
6429,174.4438,167.1644,1002.7627,1344.3709
32,68.4284,51.8542,1224.0076,1344.2902
3512,108.5341,123.7048,1110.6688,1342.9077
4103,66.112,57.444,1219.0264,1342.5824
9504,208.11589999999998,150.4766,982.6911,1341.2836
6816,75.772,64.81139999999999,1200.5829,1341.1663
5497,100.3282,88.82600000000001,1151.4940000000001,1340.6482
6819,77.1983,65.8215,1196.9889,1340.0087
7331,124.8341,115.7692,1099.2675,1339.8708000000001
794,180.3043,164.9672,994.2425,1339.514
6730,159.63719999999998,285.2894,894.3222000000001,1339.2488
6028,214.0074,163.0341,961.6757,1338.7172
6918,75.4766,64.5694,1197.2441000000001,1337.2901
6917,75.4766,64.5694,1197.2441000000001,1337.2901
6916,75.4766,64.5694,1197.2441000000001,1337.2901
6817,75.4766,64.5694,1197.2441000000001,1337.2901
6818,75.55199999999999,64.6018,1196.2138,1336.3676
238,99.9332,62.3157,1173.6802,1335.9291
5716,224.17170000000002,137.6726,973.7973,1335.6416
5718,224.6338,137.7693,972.4619,1334.865
9832,77.2646,61.608,1192.0045,1330.8771
2060,105.7443,101.1416,1123.8383,1330.7242
145,92.4634,84.3752,1153.6354000000001,1330.474
2925,112.33070000000001,100.1268,1117.3758,1329.8333
5821,193.7182,126.9174,1009.0069,1329.6425
2277,229.48149999999998,63.1647,1035.874,1328.5202
2623,101.2371,98.2191,1128.9479,1328.4041
2261,116.6389,106.419,1104.8913,1327.9492
210,107.1395,80.2188,1139.9635,1327.3218
140,104.5271,64.9086,1157.4664,1326.9021
9431,76.6315,61.7239,1188.3928,1326.7482
9602,196.7774,145.1927,982.4974,1324.4675
7018,80.5047,68.8182,1175.0823,1324.4052
9935,77.1459,56.7656,1189.9988,1323.9103
5488,118.4428,130.2248,1075.119,1323.7866000000001
3211,108.3209,85.6279,1129.4131,1323.3619
7017,77.4518,66.3865,1178.5999,1322.4382
43,92.0744,83.9717,1146.305,1322.3511
3607,63.0869,60.1654,1198.5158,1321.7681
2371,90.3626,69.6176,1161.4368,1321.417
6919,76.8873,68.75099999999999,1175.0988,1320.7371
6722,121.5127,102.0077,1097.0656,1320.586
5394,114.8047,104.9974,1100.0267,1319.8288
2911,110.9564,82.3861,1126.21,1319.5525
264,85.5196,65.2603,1168.5868,1319.3667
9536,79.3137,59.0918,1180.9237,1319.3292000000001
9814,100.3863,71.3608,1147.3997,1319.1468
2725,99.9834,91.7487,1127.3922,1319.1243
4676,159.7554,244.73149999999998,911.5134,1316.0003
436,61.3583,44.0966,1207.7022,1313.1571
634,79.5438,62.9142,1170.4422,1312.9002
699,79.6424,65.4094,1167.7527,1312.8045
598,79.6424,65.4094,1167.7527,1312.8045
799,79.6424,65.4094,1167.7527,1312.8045
698,79.6424,65.4094,1167.7527,1312.8045
599,79.2119,65.2775,1167.8272,1312.3165999999999
5114,117.5181,89.3373,1104.8431,1311.6985
7728,114.7976,120.2882,1075.3704,1310.4562
5597,99.3776,88.17,1122.1872,1309.7348
5717,223.2283,135.8476,950.6201,1309.696
700,77.4147,64.6615,1167.4589,1309.5351
600,76.5567,64.4579,1168.225,1309.2396
4713,80.3032,58.077,1170.503,1308.8832
6090,143.65720000000002,118.7707,1045.2995,1307.7274
499,74.44590000000001,63.815799999999996,1168.6548,1306.9165
5612,139.4096,101.9029,1064.6054,1305.9179
500,73.5591,63.5445,1168.8087,1305.9123
800,74.9084,63.820299999999996,1167.1282,1305.8569
5620,198.5634,129.5933,977.5358,1305.6925
894,173.57240000000002,157.589,972.5811,1303.7425
2177,219.5126,61.814,1020.9427000000001,1302.2693
534,78.0103,61.1255,1163.0058,1302.1416
2629,106.9954,72.822,1122.0144,1301.8318
5819,215.6869,132.8274,951.6254,1300.1397
5938,249.9543,99.8645,949.5383,1299.3571
5296,98.93700000000001,87.952,1111.2594,1298.1484
6822,147.6245,137.8317,1012.125,1297.5811999999999
5595,98.9725,87.9733,1110.5429,1297.4886999999999
5496,98.6989,87.8095,1109.7955,1296.3039
5596,98.6989,87.8095,1109.7955,1296.3039
5395,98.6989,87.8095,1109.7955,1296.3039
5495,98.6989,87.8095,1109.7955,1296.3039
5112,119.6331,91.4777,1085.0316,1296.1424
5487,102.2408,111.7539,1081.7218,1295.7165
4609,79.7543,57.8084,1155.3546,1292.9173
5014,79.7543,57.8084,1155.3546,1292.9173
3310,103.6116,87.9535,1100.8107,1292.3758
5839,241.7822,100.7349,948.7781,1291.2952
9410,172.5505,118.49069999999999,1000.048,1291.0892
1846,57.483,94.8371,1137.8707,1290.1908
3215,104.7816,86.5063,1098.8322,1290.1200999999999
2176,201.8663,58.6473,1028.954,1289.4676
6702,147.87890000000002,127.20660000000001,1013.5486,1288.6341
8125,97.9154,74.0291,1114.5483,1286.4928
232,74.304,57.3637,1154.657,1286.3247
7529,102.0257,104.6592,1079.4803,1286.1652
4607,70.5989,55.2645,1159.2243,1285.0877
2624,98.367,91.4286,1095.2764,1285.0720000000001
131,64.2032,47.161899999999996,1172.031,1283.3961
5822,117.21470000000001,87.4199,1078.6206,1283.2552
4813,79.8408,58.0756,1145.2528,1283.1692
2803,72.9756,49.784099999999995,1157.6661,1280.4258
3309,101.8947,81.1877,1096.2052,1279.2876
3109,101.8854,81.1497,1096.1769,1279.212
3210,101.8854,81.1497,1096.1769,1279.212
3208,101.8854,81.1497,1096.1769,1279.212
3108,101.8854,81.1497,1096.1769,1279.212
3107,101.8854,81.1497,1096.1769,1279.212
3308,101.8854,81.1497,1096.1769,1279.212
3110,101.8854,81.1497,1096.1769,1279.212
3009,101.8854,81.1497,1096.1769,1279.212
3010,101.8854,81.1497,1096.1769,1279.212
3011,101.8854,81.1497,1096.1769,1279.212
3209,101.8854,81.1497,1096.1769,1279.212
3111,101.87440000000001,81.1411,1096.1168,1279.1323
377,78.1666,58.4845,1140.337,1276.9881
5016,138.8278,93.4952,1043.5414,1275.8644
3012,102.0026,80.8124,1092.0298,1274.8448
777,89.5958,65.96549999999999,1119.176,1274.7373
7151,50.3409,300.6091,923.4379,1274.3879
9435,74.1297,59.9697,1140.0322999999999,1274.1317
3112,101.95570000000001,80.7112,1091.0517,1273.7186
3214,101.13850000000001,80.5472,1091.9707,1273.6564
9937,71.8009,39.3622,1162.2465,1273.4096
1282,65.8649,66.9862,1140.0286999999998,1272.8798
6428,183.1112,183.4116,904.3625,1270.8853000000001
2825,95.9987,89.6108,1083.4072,1269.0167000000001
3213,101.6226,80.2416,1086.9404,1268.8046
4705,56.2607,50.294,1162.1262,1268.6809
5586,87.7328,80.2437,1100.2858,1268.2622999999999
2724,96.06700000000001,90.2227,1081.608,1267.8977
4917,120.2697,87.7952,1059.3156,1267.3805
6431,208.1702,167.6517,891.2333,1267.0552
4213,94.7877,105.183,1066.9747,1266.9454
1535,158.6387,165.0075,942.9728,1266.619
9731,74.3674,60.0381,1130.3799,1264.7854
9630,74.3674,60.0381,1130.3799,1264.7854
9530,74.3674,60.0381,1130.3799,1264.7854
9533,74.3674,60.0381,1130.3799,1264.7854
9633,74.3674,60.0381,1130.3799,1264.7854
9732,74.3674,60.0381,1130.3799,1264.7854
9834,74.3674,60.0381,1130.3799,1264.7854
9734,74.3674,60.0381,1130.3799,1264.7854
9733,74.3674,60.0381,1130.3799,1264.7854
9833,74.3674,60.0381,1130.3799,1264.7854
9632,74.3674,60.0381,1130.3799,1264.7854
3408,100.2529,99.9493,1064.4844,1264.6866
9531,74.2513,59.9876,1130.3322,1264.5711
2659,247.2467,142.8581,874.4653,1264.5701
5013,86.123,67.1977,1110.9043,1264.225
9334,74.0479,59.8997,1130.2489,1264.1965
9631,74.0479,59.8997,1130.2489,1264.1965
9432,73.2753,59.552600000000005,1130.0874999999999,1262.9154
9532,73.2003,59.5272,1129.9581,1262.6856
9433,73.0618,59.4722,1129.8442,1262.3781999999999
3212,101.8045,79.9812,1080.2652,1262.0509
9634,72.7835,59.3511,1129.7301,1261.8646999999999
9434,72.61749999999999,59.2782,1129.6434,1261.5391
3113,102.3623,79.7776,1079.2976,1261.4375
5934,199.8587,140.7789,919.9891,1260.6267
5738,136.7776,100.2908,1023.4348,1260.5032
34,84.6226,61.632,1113.8609999999999,1260.1156
9735,71.4362,58.7674,1129.1769,1259.3805
3013,102.4317,79.5776,1076.8327,1258.842
3345,50.5178,128.8118,1078.9102,1258.2398
1909,103.175,70.5643,1083.2803000000001,1257.0196
9534,69.9923,58.139700000000005,1128.5535,1256.6855
9635,69.2182,57.7973,1128.3731,1255.3886
5721,184.9353,117.9151,951.7384,1254.5888
780,71.2207,54.733,1127.5928,1253.5465
533,70.1218,53.813900000000004,1125.9487,1249.8844
3207,97.7986,77.88589999999999,1073.5884,1249.2729
6820,84.7367,84.7649,1079.5541,1249.0557000000001
831,83.3531,59.0051,1104.7172,1247.0754
39,93.7222,70.4875,1082.7948,1247.0045
5186,82.9042,85.1429,1078.5644,1246.6115
6089,130.041,94.40159999999999,1021.3995,1245.8421
132,62.3225,46.0679,1137.0618,1245.4522
3916,166.052,143.7264,934.8953,1244.6737
404,74.9169,50.5985,1118.7454,1244.2608
3044,54.4483,127.57679999999999,1062.0344,1244.0595
1811,100.4663,64.8207,1077.8343,1243.1213
4913,74.7414,58.3946,1109.4987,1242.6347
7121,144.9603,152.5465,944.3601,1241.8669
5414,144.4992,104.4303,992.3525,1241.282
6328,203.8885,160.6255,876.4736,1240.9876
2076,173.1735,54.2367,1012.4373,1239.8475
480,72.1978,63.61,1103.0117,1238.8195
9510,548.7829,89.5903,600.2363,1238.6095
1636,98.826,65.1212,1074.4816,1238.4288
5295,97.21640000000001,84.9827,1055.8771,1238.0762
5905,128.9316,108.4134,999.4906,1236.8355999999999
3709,97.004,120.5406,1017.4659,1235.0104999999999
2059,98.5468,99.0069,1035.5747999999999,1233.1285
7019,116.7707,102.8583,1012.7798,1232.4088
40,92.6193,70.1835,1067.6602,1230.463
2824,89.6348,85.413,1055.3069,1230.3547
403,72.95700000000001,48.969500000000004,1108.0583,1229.9848
4214,95.1852,120.8455,1012.809,1228.8397
9535,69.4302,57.6487,1100.8800999999999,1227.959
5714,131.6018,95.5927,999.8283,1227.0228
4010,91.0085,96.8299,1038.6271,1226.4655
2377,168.4769,53.5513,1003.5282,1225.5564
1333,147.8204,68.84309999999999,1006.0594,1222.7229
4698,75.0411,48.980199999999996,1098.48,1222.5013000000001
1716,110.348,91.0832,1019.5826000000001,1221.0138
9917,159.8678,134.573,925.7090000000001,1220.1498000000001
9910,129.5838,87.4633,1002.2512,1219.2983
3142,57.1383,126.5778,1035.4074,1219.1235
1176,78.2596,58.2451,1080.6874,1217.1921
9835,74.4065,58.16,1084.3073,1216.8738
4016,98.3159,126.8714,990.5287,1215.716
1212,91.6898,72.1846,1051.7598,1215.6342
6630,132.4757,232.8161,846.8275,1212.1193
6920,104.7722,110.2191,995.7586,1210.7499
2479,210.5631,75.7176,923.5287,1209.8094
5286,79.73,83.6997,1042.037,1205.4667
5387,79.73,83.6997,1042.037,1205.4667
6821,108.8083,113.3214,980.9991,1203.1288
1191,158.77270000000001,145.5425,897.6168,1201.932
6427,170.39,160.2401,870.6958999999999,1201.326
5115,116.31099999999999,84.7065,999.8846,1200.9021
5102,92.6195,73.6745,1033.2713,1199.5653
5386,78.3156,82.4216,1038.5798,1199.317
5831,204.0342,114.1514,880.4793,1198.6649
5111,58.2141,48.0777,1089.6607000000001,1195.9525
5486,76.79350000000001,80.1722,1037.8611,1194.8268
6020,172.7841,147.876,873.9654,1194.6254999999999
433,65.0363,49.1832,1079.951,1194.1705
6531,144.0074,173.9094,874.9644,1192.8812
1713,98.5309,64.7794,1029.2361,1192.5464
2471,84.9471,65.8128,1041.6568,1192.4167
2470,84.9471,65.8128,1041.6568,1192.4167
2370,84.9471,65.8128,1041.6568,1192.4167
2270,84.9471,65.8128,1041.6568,1192.4167
4811,69.4698,47.3503,1073.6019000000001,1190.422
5838,240.50400000000002,93.6539,856.1724,1190.3303
7251,54.3362,312.7323,822.4027,1189.4712
6128,201.85819999999998,159.6206,827.3588000000001,1188.8376
5287,78.6537,82.441,1027.3132,1188.4079
5810,91.7599,62.299,1032.7332000000001,1186.7921000000001
6430,195.9736,160.24269999999999,830.4679,1186.6842
5385,74.2316,78.7735,1032.0885,1185.0936
5196,75.097,66.1018,1043.1075,1184.3063
734,58.8417,43.9507,1080.8658,1183.6582
9705,153.98770000000002,116.3276,910.6791,1180.9944
2570,88.0596,65.3922,1027.3702,1180.8220000000001
830,59.178399999999996,45.1474,1074.6751,1179.0009
9407,169.6622,119.6851,887.7942,1177.1415
6330,198.6773,157.4637,820.8627,1177.0037
928,60.1763,43.5084,1073.3178,1177.0025
623,58.7464,44.8819,1072.8214,1176.4497000000001
922,58.7464,44.8819,1072.8214,1176.4497000000001
622,58.7464,44.8819,1072.8214,1176.4497000000001
624,58.7464,44.8819,1072.8214,1176.4497000000001
625,58.7464,44.8819,1072.8214,1176.4497000000001
626,58.7464,44.8819,1072.8214,1176.4497000000001
921,58.7464,44.8819,1072.8214,1176.4497000000001
722,58.7464,44.8819,1072.8214,1176.4497000000001
724,58.7464,44.8819,1072.8214,1176.4497000000001
723,58.7464,44.8819,1072.8214,1176.4497000000001
721,58.7464,44.8819,1072.8214,1176.4497000000001
727,58.7464,44.8819,1072.8214,1176.4497000000001
821,58.7464,44.8819,1072.8214,1176.4497000000001
822,58.7464,44.8819,1072.8214,1176.4497000000001
829,58.7464,44.8819,1072.8214,1176.4497000000001
823,58.7464,44.8819,1072.8214,1176.4497000000001
824,58.7632,44.8356,1072.8255,1176.4243
930,58.7464,44.8551,1072.8214,1176.4229
1935,92.5937,62.0027,1021.8058,1176.4022
932,58.7464,44.8205,1072.8214,1176.3883
730,58.7984,44.7403,1072.8346000000001,1176.3733
524,58.803,44.728,1072.8359,1176.3669
728,58.8337,44.6441,1072.8437000000001,1176.3215
828,58.7935,44.6664,1072.8333,1176.2932
725,58.8338,44.5942,1072.8437000000001,1176.2717
726,58.8182,44.6086,1072.8398,1176.2666
731,58.799299999999995,44.625,1072.8347,1176.259
2276,136.322,48.5741,991.2247,1176.1208
825,59.6333,43.356,1073.0962,1176.0855
627,59.0841,43.9626,1072.9087,1175.9554
729,59.1064,43.902499999999996,1072.915,1175.9239
832,58.7464,44.2984,1072.8214,1175.8662
827,59.0485,43.8921,1072.8996,1175.8402
525,59.165099999999995,43.7423,1072.9298000000001,1175.8372
231,59.538199999999996,42.7991,1073.4422,1175.7795
923,58.7206,44.8654,1072.1573,1175.7433
820,58.775,44.9093,1071.9424,1175.6267
526,59.3459,43.250299999999996,1072.9771,1175.5733
732,58.8202,43.816900000000004,1072.8402,1175.4773
633,58.7624,43.8827,1072.8253,1175.4704
630,59.4281,43.0274,1072.9984,1175.4539
833,58.7464,43.8837,1072.8214,1175.4515000000001
733,58.7464,43.8837,1072.8214,1175.4515000000001
532,58.7464,43.8575,1072.8214,1175.4253
632,58.907399999999996,43.6541,1072.863,1175.4245
631,59.2697,43.1749,1072.9571,1175.4017000000001
826,59.2856,43.1489,1072.9616,1175.3961
628,59.468399999999995,42.9169,1073.0088,1175.3941
331,59.3997,42.9608,1072.9909,1175.3514
531,59.4893,42.8226,1073.0141,1175.326
527,59.5165,42.7867,1073.0216,1175.3248
431,59.5047,42.8001,1073.0182,1175.323
528,59.5184,42.7808,1073.0218,1175.321
529,59.5184,42.7808,1073.0218,1175.321
31,59.5184,42.7808,1073.0218,1175.321
129,59.5184,42.7808,1073.0218,1175.321
429,59.5184,42.7808,1073.0218,1175.321
228,59.5184,42.7808,1073.0218,1175.321
327,59.5184,42.7808,1073.0218,1175.321
329,59.5184,42.7808,1073.0218,1175.321
427,59.5184,42.7808,1073.0218,1175.321
130,59.5184,42.7808,1073.0218,1175.321
229,59.5184,42.7808,1073.0218,1175.321
230,59.5184,42.7808,1073.0218,1175.321
629,59.5184,42.7808,1073.0218,1175.321
330,59.5184,42.7808,1073.0218,1175.321
428,59.5184,42.7808,1073.0218,1175.321
430,59.5184,42.7808,1073.0218,1175.321
426,59.5184,42.7808,1073.0218,1175.321
530,59.5184,42.7808,1073.0218,1175.321
328,59.5184,42.7808,1073.0218,1175.321
425,59.5184,42.7808,1073.0218,1175.321
435,59.4737,42.7656,1073.0101,1175.2494
332,59.0774,43.187599999999996,1072.9072,1175.1722
235,59.5785,42.8793,1072.6415,1175.0993
335,59.277,42.6984,1072.9592,1174.9346
336,59.1397,42.6522,1072.9233,1174.7152
234,58.915099999999995,42.6788,1072.8648,1174.4587
334,58.8822,42.6224,1072.8565,1174.3611
434,58.8607,42.5572,1072.8509,1174.2688
233,58.7964,42.5352,1072.8344,1174.166
333,58.7464,42.5182,1072.8214,1174.086
7429,99.9353,98.4192,975.4121,1173.7666
326,59.589,42.8479,1070.8978,1173.3347
128,59.6175,42.8748,1070.0098,1172.5021000000002
927,59.8063,43.0138,1069.4088,1172.2289
925,61.1135,44.0843,1066.5922,1171.79
4115,94.4484,123.5669,952.7254,1170.7407
405,74.9366,52.359,1043.4389,1170.7345
926,60.594500000000004,43.6237,1066.3671,1170.5853
1463,123.3412,128.8608,918.0661,1170.2681
924,59.3146,44.5077,1065.9099,1169.7322
1133,52.776,40.580400000000004,1075.4345,1168.7909
4914,67.2624,59.2698,1041.078,1167.6102
929,59.224000000000004,44.1443,1064.0532,1167.4215
30,59.8131,43.0592,1064.1648,1167.0371
2568,83.6802,57.0403,1024.9393,1165.6598
920,58.3979,44.8127,1062.4037,1165.6143
7531,99.8172,97.7638,967.9802,1165.5612
236,66.5216,47.829,1050.6770999999999,1165.0277
7431,99.75800000000001,97.7409,967.5045,1165.0034
7430,99.75800000000001,97.7409,967.5045,1165.0034
7530,99.75800000000001,97.7409,967.5045,1165.0034
797,89.2047,72.8111,1002.9172,1164.933
227,59.9125,43.153,1061.135,1164.2005
1183,70.1493,71.5684,1021.7565,1163.4742
4695,64.1747,46.5318,1051.5495,1162.256
6228,197.0222,156.0429,809.0835000000001,1162.1486
7021,141.5683,144.1217,876.3164,1162.0064
2860,77.892,58.1262,1025.6433,1161.6615000000002
6530,130.995,179.1678,847.7752,1157.9379999999999
6921,134.205,136.5008,887.0252,1157.731
7022,143.4446,145.7427,868.4512,1157.6385
4500,107.0448,54.5696,995.9667999999999,1157.5811999999999
523,59.4255,45.5234,1052.3288,1157.2777
1280,79.6982,72.8004,1003.7351,1156.2337
4507,67.82300000000001,61.6902,1025.8214,1155.3346
3411,95.3377,109.0517,950.7431,1155.1325
135,71.8682,52.61,1030.637,1155.1152
2425,91.9173,73.4883,989.607,1155.0126
4614,64.6592,60.001,1030.2694,1154.9296
597,71.3432,59.7089,1023.5732,1154.6253
1184,69.12650000000001,70.2031,1014.8236999999999,1154.1533
3711,99.5608,120.5005,933.7914,1153.8527
5837,171.4877,77.3412,903.9676,1152.7965
3904,56.4914,48.2236,1047.4998,1152.2148
5413,140.613,102.0677,908.9328,1151.6135
5514,140.613,102.0677,908.9326,1151.6133
6922,142.8381,144.735,863.2751,1150.8482
1435,130.73499999999999,70.7201,949.0129000000001,1150.468
3313,95.27799999999999,79.562,975.5201000000001,1150.3601
5512,140.43030000000002,101.9209,907.7449,1150.0961
237,78.2201,55.2947,1016.441,1149.9558
5513,140.362,101.8669,907.3027,1149.5316
136,79.9023,56.3336,1011.6296,1147.8655
139,79.9487,56.3435,1011.5588,1147.8509999999999
38,79.9487,56.3435,1011.5588,1147.8509999999999
35,79.9487,56.3435,1011.5588,1147.8509999999999
36,79.9487,56.3435,1011.5588,1147.8509999999999
37,79.9487,56.3435,1011.5588,1147.8509999999999
138,79.903,56.327799999999996,1011.5468,1147.7776
137,79.6102,56.2285,1011.4707,1147.3094
1185,77.3672,80.6453,989.0174,1147.0299
3714,97.6866,118.77,929.9797,1146.4363
3245,43.285399999999996,123.4144,979.1516,1145.8514
7727,109.5036,116.4653,919.466,1145.4349
3910,95.064,118.5956,930.3345,1143.9941
2500,137.25300000000001,105.4605,900.5592,1143.2727
5388,79.6691,81.6146,981.7121999999999,1142.9959
1182,67.83,67.61749999999999,1005.6305,1141.078
5613,139.3243,101.0376,900.5771,1140.939
7928,26.9862,29.1016,1084.7999,1140.8877
8228,34.3467,32.0756,1074.4651000000001,1140.8874
1480,65.7523,61.9707,1012.9254,1140.6484
2231,92.7009,64.77,981.2668,1138.7377
1810,93.06179999999999,58.1121,986.5842,1137.7581
1712,93.06179999999999,58.1121,986.5842,1137.7581
1710,93.0412,58.0999,986.3571999999999,1137.4983
2269,80.5011,61.2933,995.3913,1137.1857
2221,107.8042,97.72330000000001,931.437,1136.9645
5615,138.9928,100.7035,897.2272,1136.9234999999999
5614,138.6792,100.5217,896.3726,1135.5735
2478,222.4782,66.5728,845.9977,1135.0487
424,60.688,44.8956,1029.4112,1134.9948
720,59.722500000000004,45.8915,1028.4544,1134.0684
3444,42.4943,122.853,968.2058,1133.5531
679,79.7969,59.6009,991.9941,1131.3919
133,57.578,42.0457,1031.3151,1130.9388
2674,82.5977,69.1031,978.3464,1130.0472
7827,99.0693,105.60239999999999,924.972,1129.6437
2367,73.7299,56.6916,998.5918,1129.0133
982,62.2245,58.6301,1007.556,1128.4106
29,61.2373,44.402699999999996,1021.2319,1126.8719
1378,63.346000000000004,57.735099999999996,1005.1578999999999,1126.239
6331,193.2195,147.8779,785.015,1126.1124
9905,136.3403,103.8054,884.7534,1124.8991
5412,137.8221,99.4978,887.0897,1124.4096
4912,66.4472,68.2636,989.4485,1124.1593
2278,225.1205,63.3948,835.5518,1124.0671
2380,224.7054,63.569900000000004,835.1998,1123.4750999999999
2379,225.0917,63.4018,834.5048,1122.9983
2280,225.0917,63.4018,834.5048,1122.9983
4600,103.1462,52.5291,966.0378,1121.7131
4800,103.1423,52.5252,966.03,1121.6975
4900,103.1466,52.4626,965.8786,1121.4878
4700,103.0586,52.4435,965.8835,1121.3856
4794,108.1031,44.2346,969.0363,1121.374
4699,103.0354,52.4902,965.4614,1120.987
3143,41.7904,122.5664,956.0493,1120.4061
3243,41.7904,122.5664,956.0493,1120.4061
3242,41.7904,122.5664,956.0493,1120.4061
3344,41.7904,122.5664,956.0493,1120.4061
3342,41.7904,122.5664,956.0493,1120.4061
3443,41.7904,122.5664,956.0493,1120.4061
3442,41.7904,122.5664,956.0493,1120.4061
3343,41.7904,122.5664,956.0493,1120.4061
3144,41.7904,122.5664,956.0493,1120.4061
3244,41.7904,122.5664,956.0493,1120.4061
2178,224.6859,63.1518,832.4141,1120.2518
2179,223.47809999999998,62.4687,834.1922999999999,1120.1391
2279,224.6674,63.14,832.3175,1120.1249
9904,136.3403,103.8054,879.8667,1120.0124
9805,136.3403,103.8054,879.7294,1119.8751
294,65.6699,62.52869999999999,991.4097,1119.6083
2378,217.4114,61.8228,840.1812,1119.4154
9804,136.3403,103.8054,878.5091,1118.6548
9803,136.3403,103.8054,878.3171,1118.4628
9702,136.3403,103.8054,878.3171,1118.4628
9903,136.3403,103.8054,878.2939,1118.4396
9802,136.2884,103.787,878.2234,1118.2988
1083,65.4605,63.5826,989.1587999999999,1118.2019
1281,65.3699,63.4865,986.4935,1115.3499
884,36.9929,40.7502,1037.4788,1115.2219
7020,133.2615,133.67079999999999,847.8693000000001,1114.8016
4111,88.0318,106.95700000000001,919.4883,1114.4771
9902,134.7016,103.2279,875.8129,1113.7424
9836,68.7979,46.968799999999995,997.3459,1113.1126
6229,191.6434,145.92430000000002,772.8894,1110.4571
713,80.1707,55.4864,974.3447,1110.0018
1032,56.3816,43.3392,1009.7962,1109.517
4916,71.4795,66.5917,971.1667,1109.2379
2670,103.6019,62.4406,942.0341,1108.0766
4714,61.3021,59.9666,986.552,1107.8207
4814,61.3021,59.9666,986.552,1107.8207
4697,55.4315,43.5224,1008.5113,1107.4652
4696,55.4315,43.5224,1008.5113,1107.4652
4799,98.521,51.2226,954.395,1104.1386
2298,134.937,108.8416,859.977,1103.7556
409,87.4375,64.4045,951.6967,1103.5387
621,59.6365,46.0093,997.6206999999999,1103.2665
8127,25.7358,25.6902,1051.1872,1102.6132
2499,139.1564,108.88029999999999,854.4732,1102.5099
8128,25.1245,25.4183,1051.619,1102.1618
3509,96.04480000000001,118.05720000000001,887.9915,1102.0935
8028,23.6694,24.8298,1053.467,1101.9662
6233,213.6522,143.3415,743.6967999999999,1100.6905
8126,26.6164,26.078500000000002,1047.3851,1100.08
8027,23.967299999999998,24.9826,1050.6083,1099.5582
2672,81.6767,60.4225,957.4479,1099.5471
3815,165.2853,136.5862,796.6895999999999,1098.5611
1809,89.8739,56.1634,951.3348,1097.3721
2572,90.5657,70.122,936.5195,1097.2072
9603,134.9929,101.55720000000001,860.0405000000001,1096.5906
432,55.9849,41.1109,998.5346,1095.6304
3814,108.0091,119.5967,867.8544,1095.4602
9409,158.23590000000002,109.3197,827.7031,1095.2587
8227,28.4735,26.7024,1039.948,1095.1239
134,58.66,44.322900000000004,991.9406,1094.9234999999999
9604,130.7483,98.8901,864.9014,1094.5398
5715,152.8975,102.0531,839.1276,1094.0782
6129,190.6516,142.0924,761.3301,1094.0741
6323,97.85640000000001,75.112,920.7379,1093.7063
9901,131.3736,101.1058,861.2033,1093.6827
2369,76.3854,57.661,959.3629,1093.4093
1082,62.8796,59.187,971.2148,1093.2814
3511,95.5307,118.3187,878.439,1092.2884
1181,62.7569,58.978,970.3602,1092.0951
1277,62.6912,58.8652,969.9023,1091.4587
1278,62.6912,58.8652,969.9023,1091.4587
1180,62.6912,58.8652,969.9023,1091.4587
1279,62.6912,58.8652,969.9023,1091.4587
981,62.6912,58.8652,969.9023,1091.4587
1081,62.6912,58.8652,969.9023,1091.4587
1179,62.6912,58.8652,969.9023,1091.4587
1080,62.6903,58.8648,969.8946,1091.4497000000001
5212,122.0478,87.41329999999999,881.7976,1091.2586999999999
1178,62.6326,58.8242,969.4419,1090.8987
695,141.1755,122.9478,826.5658999999999,1090.6892
8226,26.2195,26.0517,1038.4067,1090.6779000000001
1079,62.5725,58.782500000000006,968.9703,1090.3253
395,65.3226,62.1293,962.832,1090.2839000000001
8025,69.7024,73.2761,947.1346,1090.1131
3412,90.1151,102.3874,897.4630999999999,1089.9656
325,62.5548,45.6467,981.5139,1089.7154
127,62.5959,45.6917,979.1831000000001,1087.4707
1379,61.9075,56.9475,968.6059,1087.4609
161,70.0206,70.1173,946.6172,1086.7551
6230,189.2004,140.5727,755.9014999999999,1085.6746
1380,61.6337,56.7024,967.3362,1085.6723
6329,181.3812,142.2617,761.0885,1084.7314
9704,131.7147,99.2293,853.431,1084.375
9408,146.2646,101.6075,835.9456,1083.8177
4899,78.6466,46.9083,957.4069,1082.9618
1381,61.1219,56.7497,964.0083000000001,1081.8799
880,60.6252,57.1459,962.7438999999999,1080.515
10,94.5087,72.8411,912.2805999999999,1079.6304
980,61.4161,57.9747,959.8758,1079.2666
2120,97.9984,79.3839,901.0998,1078.4821
5511,130.6773,93.8679,853.8596,1078.4048
2160,96.0538,86.1211,896.2196,1078.3945
697,71.8979,58.0912,945.9451,1075.9342
110,94.2668,72.7,907.9023,1074.8691
3710,95.0674,118.0629,860.391,1073.5213
522,62.4715,48.3984,960.5247,1071.3946
164,71.4699,68.8695,930.1566,1070.496
1078,63.2354,57.4208,949.4218,1070.078
979,60.5139,57.2348,951.2869000000001,1069.0356
1177,66.3152,57.4735,945.19,1068.9787000000001
9703,130.3651,99.176,838.8878,1068.4289
3510,93.9262,116.6265,857.8066,1068.3593
5012,68.0778,64.0049,934.0368,1066.1195
4704,51.5506,41.3537,973.0886,1065.9929
4816,57.112300000000005,60.4575,948.2244,1065.7942
4715,57.112300000000005,60.4575,948.2244,1065.7942
4815,57.112300000000005,60.4575,948.2244,1065.7942
4915,57.4229,59.2998,947.1067,1063.8294
1031,54.7054,41.9419,965.0993,1061.7466
6121,96.24080000000001,74.5174,889.4676999999999,1060.2259
226,63.6663,46.695299999999996,948.028,1058.3896
7927,28.0124,31.6892,996.8977,1056.5993
778,78.5564,56.592999999999996,920.605,1055.7544
2569,86.0712,56.165,912.855,1055.0912
2204,66.70270000000001,48.4703,938.7706,1053.9436
1899,152.7497,115.101,784.7909,1052.6416
879,70.1449,56.3897,924.304,1050.8386
5930,183.6715,118.66,747.513,1049.8445
81,73.7886,63.1602,912.5259,1049.4747
1230,79.0409,75.3704,895.0197,1049.431
3915,122.3449,128.8392,797.9197,1049.1038
3609,91.3488,115.3783,841.6866,1048.4137
9801,127.6333,96.7916,822.1543,1046.5792
1411,79.67660000000001,51.2906,915.2574,1046.2246
2469,72.2306,53.7045,919.4277,1045.3628
978,73.4545,56.100699999999996,915.0378,1044.593
1084,62.2146,62.7541,918.5331,1043.5018
1633,101.468,83.1262,858.9012,1043.4954
423,63.4685,49.321600000000004,930.6342,1043.4243
7925,133.3241,143.5259,763.8502,1040.7002
483,44.4777,40.8643,954.4671999999999,1039.8092
877,77.6995,55.821200000000005,906.1922,1039.7129
2022,93.0838,80.5095,866.043,1039.6363000000001
5097,51.7483,41.958999999999996,945.7315,1039.4388
1077,76.19120000000001,55.8609,907.3716999999999,1039.4238
582,32.486200000000004,32.7768,974.0557,1039.3187
6326,135.70409999999998,124.3524,777.6676,1037.7241
779,77.5764,55.7384,903.4885,1036.8033
977,77.5764,55.7384,903.4885,1036.8033
878,77.5764,55.7384,903.4885,1036.8033
3311,82.0164,70.5706,883.9501,1036.5371
535,53.9536,39.2514,943.1196,1036.3246
2322,94.6307,83.5129,857.2751,1035.4187
1612,84.977,53.1692,897.1836,1035.3298
323,64.0003,48.8867,922.3983000000001,1035.2853
324,64.4871,47.4695,923.2924,1035.249
225,64.51219999999999,47.493900000000004,922.5313,1034.5374
819,56.5911,44.0631,933.8262,1034.4804
3106,68.9708,54.8548,910.0152,1033.8408
422,63.6113,49.5062,920.5905,1033.708
1934,98.8867,73.6813,860.7908,1033.3588
1918,103.90429999999999,87.4226,840.6666,1031.9935
2671,74.8027,55.680800000000005,899.8355,1030.319
28,62.671,46.0944,920.7232,1029.4886
1908,89.7633,62.4818,876.7402999999999,1028.9854
9405,139.8471,97.9244,790.0740000000001,1027.8455000000001
6027,148.8833,131.95080000000002,746.6354,1027.4695
4998,44.5866,39.0677,942.6737,1026.328
4795,44.4636,39.0654,942.7396,1026.2686
4895,44.4636,39.0654,942.7396,1026.2686
4996,44.4636,39.0654,942.7396,1026.2686
4997,44.4636,39.0654,942.7396,1026.2686
5096,44.4636,39.0654,942.7396,1026.2686
4796,44.4636,39.0654,942.7396,1026.2686
4896,44.4636,39.0654,942.7396,1026.2686
4897,44.453,39.0554,942.7213,1026.2297
4898,44.4435,39.0463,942.7048,1026.1946
4797,44.4266,39.0293,942.6745,1026.1304
4798,44.3921,38.9809,942.0207,1025.3937
2376,61.3289,38.9861,923.358,1023.673
6133,178.2,118.3013,726.6313,1023.1326
1311,73.8975,46.0597,902.5443,1022.5015
680,68.8411,53.745,897.6477,1020.2338
3610,90.5373,114.5237,813.0527,1018.1137
3611,90.5121,114.61019999999999,812.8792,1018.0015
1718,102.59100000000001,86.8764,824.8474,1014.3148
6033,177.2157,117.2799,717.8439,1012.3395
224,63.4396,46.8019,900.6222,1010.8637
919,52.5122,42.1932,916.0948,1010.8002
5313,126.0865,88.6982,795.2541,1010.0388
1506,80.3575,52.9399,876.1215000000001,1009.4189
4114,88.4359,121.7878,798.4872,1008.7108999999999
4015,88.4359,121.7878,798.4872,1008.7108999999999
4014,88.4338,121.7794,798.4787,1008.6919
2061,79.082,74.8015,854.107,1007.9905
5411,124.58579999999999,87.7936,794.918,1007.2974
126,63.276199999999996,46.696,897.2946000000001,1007.2668
4113,89.0436,119.6095,798.5713,1007.2244
3914,91.4455,119.37490000000001,795.2211,1006.0415
3713,89.5231,113.6249,799.4898999999999,1002.6379
6189,69.1826,42.9251,890.1876,1002.2953
3911,90.3941,113.66340000000001,798.1573999999999,1002.2149
384,39.0991,37.4551,924.478,1001.0322
262,66.6335,68.8769,863.68,999.1904
9605,124.90990000000001,90.9504,782.9778,998.8381
6291,59.9215,45.5156,892.6995,998.1365999999999
1394,122.655,109.7565,763.8223,996.2338
3810,91.09049999999999,113.3372,791.1028,995.5305
4112,88.6689,111.9919,793.6627,994.3235
1511,76.0967,48.2521,869.6775,994.0263
4011,88.4744,111.9093,793.213,993.5967
2020,108.0215,93.1941,791.7077,992.9233
4013,86.8528,114.68299999999999,791.3438,992.8796
1293,123.2568,111.1366,756.787,991.1804
2268,66.7051,49.3667,873.9975,990.0693
4012,86.5432,113.29299999999999,789.9462,989.7823999999999
1560,59.745799999999996,69.4212,860.136,989.303
6502,110.9769,94.7581,782.3718,988.1068
3612,88.859,114.8987,784.2266999999999,987.9844
4995,45.5817,38.9799,902.8985,987.4601
2257,100.055,80.5792,806.6627,987.2969
2467,65.6726,47.3586,873.5391,986.5703
9701,120.1566,90.6567,774.9255,985.7388000000001
612,77.4573,50.1101,856.6998,984.2672
402,58.8561,40.6157,884.5642,984.0360000000001
9716,114.5509,90.6799,778.4394,983.6702
6029,178.155,122.8329,681.8264,982.8143
2577,78.8166,61.8844,836.3133,977.0143
3912,86.2173,113.53070000000001,775.8452,975.5932
5909,87.1041,57.579100000000004,830.569,975.2522
1462,99.86449999999999,106.2119,767.3497,973.4261
8026,31.3681,33.5864,906.2498,971.2043
181,67.0047,48.1678,855.1065,970.279
2761,117.696,82.1031,768.9792,968.7783000000001
1233,108.4122,54.6063,804.6116,967.6301
1361,95.3483,104.44,764.6475,964.4358
193,63.7849,60.3636,836.7669000000001,960.9154
2007,70.2984,42.3835,846.6985000000001,959.3804
1008,83.9267,72.7708,801.2075,957.905
6290,58.9221,43.686099999999996,855.196,957.8042
223,60.3415,44.7136,852.6583,957.7134
1919,99.4656,86.1592,771.5478,957.1726
1819,99.4656,86.1592,771.5478,957.1726
1818,99.4656,86.1592,771.5478,957.1726
1817,99.4656,86.1592,771.5478,957.1726
1719,99.4656,86.1592,771.5478,957.1726
1616,99.4656,86.1592,771.5478,957.1726
1619,99.4656,86.1592,771.5478,957.1726
1518,99.4656,86.1592,771.5478,957.1726
6127,136.6339,128.0373,692.2691,956.9403
1844,29.6847,93.84440000000001,832.9216,956.4507
1617,99.5631,86.1039,770.689,956.356
984,42.935900000000004,43.7061,869.3738,956.0158
1618,99.8527,86.2226,768.8801,954.9554
2468,64.3829,46.233200000000004,844.0037,954.6198
2368,64.3829,46.233200000000004,844.0037,954.6198
9715,93.6518,71.1974,789.4599,954.3091
363,67.6553,71.426,815.1887,954.27
1517,99.1482,85.7727,769.0693,953.9902
1536,86.8985,57.7782,807.5769,952.2536
6327,137.7965,125.08579999999999,689.1356000000001,952.0179
192,63.6716,60.2324,827.3823,951.2863
293,63.6716,60.2324,827.3823,951.2863
92,63.6716,60.2324,827.3823,951.2863
1542,27.5299,108.7093,814.9316,951.1708
620,56.5433,44.5171,850.0903,951.1507
1799,112.9848,87.771,749.9038,950.6596
191,63.512,60.0956,826.2292,949.8368
292,63.553999999999995,60.1369,826.0242000000001,949.7151
4894,48.6378,37.9367,862.8169,949.3914
3613,87.4885,111.57,747.9242,946.9827
521,57.8679,45.5712,843.2757,946.7148
125,60.4905,44.8973,840.4452,945.833
2474,78.813,62.7825,803.1533999999999,944.7489
2105,62.2834,34.8891,847.208,944.3805
1611,78.7552,48.7256,816.0129000000001,943.4937
1709,77.6265,48.6747,815.903,942.2042
5312,119.0027,82.17869999999999,739.8214,941.0028
1418,97.847,84.1869,758.927,940.9609
393,62.875899999999994,59.5892,818.1029,940.568
9505,122.0622,84.242,734.1005,940.4047
2132,84.2469,58.4694,796.4532,939.1695000000001
1613,77.36580000000001,48.5155,813.0187999999999,938.9001
6325,104.119,84.4257,749.5001,938.0448
6332,170.1749,113.8441,653.769,937.788
1907,73.406,44.3082,819.8444,937.5586
3812,85.17399999999999,110.411,741.7104999999999,937.2955
2122,85.2075,75.535,776.109,936.8515
1610,77.1156,48.3625,810.2547,935.7328
3913,85.0365,112.7262,737.035,934.7977
1507,75.9094,48.7802,809.0193,933.7089000000001
4911,51.796299999999995,46.0946,834.8564,932.7473
3705,43.2047,36.1652,852.8086,932.1785
27,59.8693,44.498,827.7417,932.109
394,62.7786,59.0824,809.513,931.374
6227,131.838,121.90299999999999,675.5672,929.3082
4503,43.4715,36.1049,849.433,929.0094
44,73.2149,64.4212,790.7145,928.3506
45,73.2149,64.4212,790.7145,928.3506
46,73.2149,64.4212,790.7145,928.3506
4302,39.9653,33.4034,853.9642,927.3329
6231,170.1287,111.5821,642.8039,924.5147
5015,68.261,54.0239,800.8979,923.1828
6026,133.6219,119.28059999999999,669.6723,922.5748
5832,170.277,106.8867,641.595,918.7587
6801,99.8536,89.5803,728.8733,918.3072
6226,130.1402,119.7683,668.1091,918.0176
389,80.7152,86.3835,750.5056999999999,917.6043999999999
2361,82.4343,71.6074,762.6921,916.7338
1717,96.0649,81.4625,738.2181,915.7455
596,67.5145,54.322,793.7991,915.6356
1543,30.5509,86.2068,798.7361000000001,915.4938
63,66.1623,70.8253,777.3364,914.324
4675,125.6474,230.7399,553.6136,910.0009
1564,79.2538,75.9075,751.7894,906.9507
2477,81.6993,52.9048,772.1818,906.7859
5933,167.5178,107.2151,631.2636,905.9965
1825,87.6064,76.7319,740.547,904.8853
1519,89.446,77.83670000000001,737.4045,904.6872000000001
3307,59.4928,46.9606,798.0541000000001,904.5075
3813,84.2809,109.17240000000001,707.2395,900.6928
322,54.7596,43.1276,799.5787,897.4659
1516,93.3029,78.6301,724.1158,896.0488
1614,74.8713,50.2898,770.6298,895.7909
6130,166.4361,106.09349999999999,622.5939,895.1235
3508,82.0268,97.2658,715.0668000000001,894.3594
6031,166.4361,106.09349999999999,621.6118,894.1414
6131,166.4361,106.09349999999999,621.6118,894.1414
5931,166.4361,106.09349999999999,621.6118,894.1414
6030,166.4361,106.09349999999999,621.6118,894.1414
5833,166.4361,106.09349999999999,621.6118,894.1414
6132,166.4361,106.09349999999999,621.6118,894.1414
5932,166.4361,106.09349999999999,621.6118,894.1414
6032,166.4361,106.09349999999999,621.6118,894.1414
6232,166.4361,106.09349999999999,621.6118,894.1414
1643,27.5299,89.11019999999999,766.9645,883.6046
2198,123.3984,101.471,657.9152,882.7846
2330,81.8214,56.658,743.6536,882.133
1290,111.4597,102.6185,667.0927,881.1709
263,62.0383,67.1936,751.1403,880.3722
62,62.0383,67.1936,751.1403,880.3722
163,62.0383,67.1936,751.1403,880.3722
162,62.0383,67.1936,751.1403,880.3722
61,62.0383,67.1936,751.1403,880.3722
25,57.4734,42.9512,778.8404,879.265
26,57.4734,42.9512,778.8404,879.265
2323,79.2028,69.11,730.1604,878.4732
188,70.1943,56.4972,750.8183,877.5098
4202,42.4302,34.4647,798.5728,875.4677
3312,72.322,57.6535,745.2613,875.2368
124,57.132600000000004,42.7113,775.3409,875.1848
24,56.9951,42.623,772.3716,871.9897
1211,70.5821,44.6002,755.4499999999999,870.6323
1644,27.5299,84.5813,758.4701,870.5813
1515,77.8914,53.9584,738.6708,870.5206000000001
1745,27.5299,84.7126,758.1702,870.4127
1744,27.5299,85.1304,757.2233,869.8836
1845,27.5299,85.1304,757.2233,869.8836
1419,82.5267,72.063,714.797,869.3867
1835,81.4739,55.222899999999996,730.4568,867.1536
9916,113.3056,92.151,649.9582,855.4148
7826,62.494499999999995,67.6156,724.0644,854.1745
9909,123.7571,80.7555,649.3386,853.8512000000001
1808,69.4674,43.4047,737.0426,849.9147
6126,120.8164,108.1938,620.6278,849.638
6191,58.7474,39.3172,751.1543,849.2189
311,80.0442,64.1665,704.3075,848.5182
6190,57.485299999999995,38.7693,748.5371,844.7917
5906,95.7517,69.12440000000001,676.1631,841.0391999999999
1205,68.78,43.9594,727.2048,839.9442
9406,92.6112,61.6028,683.9562999999999,838.1703
5195,77.5135,58.856700000000004,701.3199,837.6901
1415,70.1709,44.1867,722.6554,837.013
421,50.6003,40.5967,744.5302,835.7272
2503,38.7356,29.5304,766.4198,834.6858
5921,112.7302,81.5197,638.3346,832.5845
2324,75.9651,61.928,692.1625,830.0556
5095,45.7779,36.1981,747.4483,829.4243
719,50.0345,40.2097,736.8859,827.1301
2673,73.6782,58.830000000000005,693.7603,826.2685
1708,68.4506,43.064099999999996,714.4315,825.9462
1410,68.4506,43.064099999999996,714.4315,825.9462
1409,68.4506,43.064099999999996,714.4315,825.9462
1412,68.4506,43.064099999999996,714.4315,825.9462
1413,68.4506,43.064099999999996,714.4315,825.9462
1602,68.4506,43.064099999999996,714.4315,825.9462
1408,68.4506,43.064099999999996,714.4315,825.9462
1314,68.4506,43.064099999999996,714.4315,825.9462
1312,68.4506,43.064099999999996,714.4315,825.9462
1603,68.4506,43.064099999999996,714.4315,825.9462
1608,68.4506,43.064099999999996,714.4315,825.9462
1609,68.4506,43.064099999999996,714.4315,825.9462
1604,68.4506,43.064099999999996,714.4315,825.9462
1113,68.4506,43.064099999999996,714.4315,825.9462
1214,68.4506,43.064099999999996,714.4315,825.9462
1213,68.4506,43.064099999999996,714.4315,825.9462
1209,68.4506,43.064099999999996,714.4315,825.9462
1505,68.4506,43.064099999999996,714.4315,825.9462
1509,68.4506,43.064099999999996,714.4315,825.9462
1508,68.4506,43.064099999999996,714.4315,825.9462
1512,68.4506,43.064099999999996,714.4315,825.9462
1502,68.4506,43.064099999999996,714.4315,825.9462
1305,68.4506,43.064099999999996,714.4315,825.9462
1513,68.4506,43.064099999999996,714.4315,825.9462
1510,68.4506,43.064099999999996,714.4315,825.9462
1313,68.4506,43.064099999999996,714.4315,825.9462
1405,68.4506,43.064099999999996,714.4315,825.9462
1315,68.4506,43.064099999999996,714.4315,825.9462
1309,68.4506,43.064099999999996,714.4315,825.9462
1707,68.2497,42.9016,713.8163000000001,824.9676000000001
1112,68.2053,42.8331,713.4917,824.5301
1304,68.0748,42.7597,713.5066,824.3411
1706,67.9887,42.69,713.0175,823.6962
3005,52.2582,39.983000000000004,730.3506,822.5917999999999
4806,37.874900000000004,26.7804,757.1274,821.7827
1288,56.3519,59.4743,703.9114,819.7376
1660,65.2038,74.2367,680.0622,819.5027
1296,64.4435,55.0258,700.0011,819.4704
1806,67.0491,41.9305,710.14,819.1196
410,65.442,49.9268,703.4915,818.8602999999999
1704,67.0534,41.7044,709.7022,818.4599999999999
1210,71.2026,47.8724,698.4096,817.4846
2573,73.1625,58.5287,685.7435,817.4347
7926,49.671800000000005,56.961999999999996,710.1693,816.8031
187,33.7566,36.1953,746.2378,816.1897
9908,121.5392,79.6012,614.9049,816.0453
6025,114.924,100.43900000000001,599.2207,814.5837
2576,73.2153,58.7489,682.5561,814.5202999999999
1514,76.65820000000001,47.2759,689.9259,813.86
1114,68.3561,42.5729,702.8774,813.8064
2476,72.81530000000001,58.2048,682.5439,813.564
1111,66.2744,41.0096,706.0627,813.3466999999999
1605,65.5541,40.7217,705.5551,811.8309
1727,94.0569,79.2472,637.8633,811.1674
1702,65.75580000000001,40.5771,704.6522,810.9851
1110,65.846,40.6049,704.4134,810.8643000000001
1215,68.3311,42.4411,699.7781,810.5503
2475,73.06869999999999,58.5866,677.943,809.5983
2574,73.06869999999999,58.5866,677.943,809.5983
2575,73.06869999999999,58.5866,677.943,809.5983
1601,64.477,39.8482,704.6444,808.9696
1021,46.687,41.3969,719.688,807.7719000000001
5804,80.9743,70.395,655.6302000000001,806.9995
9608,131.1494,90.3634,585.3577,806.8705
1404,66.4837,41.4531,697.7078,805.6446
2033,75.2687,52.3601,676.7937000000001,804.4225
495,58.8133,52.087399999999995,690.6103,801.511
5924,101.06739999999999,77.2798,622.8209,801.1681
5923,101.06739999999999,77.2798,622.8209,801.1681
1735,77.92060000000001,53.2614,668.1052,799.2872
1402,62.6509,38.3881,697.5529,798.5919
1414,72.4665,44.6801,681.0154,798.162
1013,68.1423,41.8602,687.8263,797.8288
1109,63.585,38.4702,695.7162000000001,797.7714000000001
818,44.5402,36.3157,715.6042,796.4601
1029,49.8127,39.8385,705.7158,795.367
5922,100.4361,76.70779999999999,617.8938,795.0377
1204,65.82979999999999,40.5045,687.6285,793.9628
1504,61.9719,38.313199999999995,693.2461,793.5312
1998,115.7573,96.5425,581.1424,793.4422
1705,61.7325,37.6301,693.8457,793.2083
1607,63.5784,39.1069,690.4842,793.1695
2062,60.9315,58.6905,673.0456,792.6676
1329,56.4966,50.6333,683.1623,790.2922
1012,63.8483,38.388400000000004,687.5216,789.7583
1620,78.1951,71.4793,639.9296,789.604
918,43.4894,33.0816,712.9445000000001,789.5155
3606,34.0146,28.5989,726.7608,789.3743
1115,68.1134,41.3115,673.1718,782.5966999999999
1303,61.747,37.7718,682.5292000000001,782.048
386,35.9676,39.3683,705.5749999999999,780.9109
7821,68.4256,92.2202,619.7138,780.3596
1802,58.5496,35.1393,686.3164,780.0053
1030,40.0746,30.0775,709.3371999999999,779.4893
1014,68.0836,41.1562,669.5218,778.7616
1703,60.001,34.9958,683.3571000000001,778.3539000000001
6007,90.3127,62.5453,622.6898,775.5477999999999
1116,67.7811,40.7976,666.308,774.8867
1015,67.5039,40.9375,666.0258,774.4672
494,55.4794,50.0341,668.4358,773.9493
5710,82.7041,53.1357,637.9239,773.7637
3811,79.64320000000001,104.5066,588.8069,772.9567
1805,57.1452,33.9188,679.7823,770.8463
1216,68.0478,41.3988,660.0353,769.4819
1606,58.1114,34.6826,672.5201000000001,765.3141
914,65.9432,39.0628,659.2388,764.2448
1417,80.1621,62.6288,621.0133000000001,763.8042
907,59.1582,40.4378,664.1025999999999,763.6985999999999
1803,56.7379,31.7052,675.0087,763.4518
1501,54.1796,31.4053,676.3192,761.9041
595,68.6716,55.5586,636.9381,761.1682999999999
9816,96.7429,78.104,585.9112,760.7581
1104,56.859,40.263799999999996,663.2737,760.3965
915,64.8075,38.4051,656.2572,759.4698
1807,56.9633,33.5837,666.2207,756.7677
585,36.2722,38.677400000000006,681.4291000000001,756.3787
1520,67.8804,63.2849,624.6831999999999,755.8485
893,88.4237,78.8298,587.3869,754.6404
6324,89.3967,65.3009,599.2206,753.9182
1920,81.8003,76.0053,594.4392,752.2448
1406,61.4251,40.7045,649.5739,751.7035
2064,56.9705,56.0651,637.9426,750.9782
1011,56.708800000000004,31.718799999999998,662.0133,750.4408999999999
520,44.9251,36.7107,667.7474,749.3832
285,40.2263,37.955,669.8891,748.0704000000001
9506,123.7453,85.17229999999999,539.0725,747.9901
1503,60.0296,37.0248,649.5256,746.58
908,62.520199999999996,36.1508,647.5327,746.2037
1308,61.657000000000004,38.1642,645.7918999999999,745.6131
1820,80.33840000000001,74.7919,589.4605,744.5908000000001
1004,51.2164,37.8443,655.1391,744.1998
186,44.419,42.0962,654.8247,741.3399
718,44.1698,36.1886,659.735,740.0934
419,44.1892,36.2072,657.7906,738.187
618,44.1892,36.2072,657.7906,738.187
518,44.1892,36.2072,657.7906,738.187
420,44.1892,36.2072,657.7906,738.187
619,44.1892,36.2072,657.7906,738.187
519,44.1892,36.2072,657.7906,738.187
1203,51.3204,35.844500000000004,650.6845,737.8494000000001
5294,73.9511,54.0901,609.5479,737.5891
1903,48.9882,27.067999999999998,660.5992,736.6554
1804,51.3965,27.138,657.9929999999999,736.5275
1904,51.3392,26.7491,658.1306,736.2189000000001
906,49.063,36.100500000000004,650.0965,735.26
9906,115.7064,81.5322,537.1394,734.378
1020,44.5452,42.065799999999996,647.6541,734.2651000000001
1010,53.5306,28.7881,651.7443,734.063
2004,49.8063,26.6019,656.7793,733.1875
808,53.877700000000004,35.6899,642.688,732.2556
91,39.498,39.552499999999995,651.4604,730.5109
517,44.231,35.6522,650.4263,730.3095
321,43.7585,35.9291,648.9855,728.6731
1563,55.4881,53.9965,616.7481,726.2327
1665,55.4625,53.9684,616.5718,726.0027
1960,53.3818,56.0958,616.2245,725.7021
2005,48.2862,25.3846,651.0571,724.7279
411,48.184400000000004,35.8012,640.5049,724.4905
1202,46.405899999999995,33.9505,643.5523000000001,723.9087
1720,74.8831,69.977,578.1558,723.0159
401,43.8912,31.7543,647.1955,722.841
1701,54.5129,32.8025,635.1364,722.4518
1461,50.1641,59.6413,611.931,721.7364
801,46.4096,33.9554,641.1532,721.5182
1022,42.6758,34.3944,644.4149,721.4851
1561,50.1918,59.2826,611.511,720.9854
1760,50.7087,58.618900000000004,611.6126,720.9402
1860,52.0007,56.9604,611.8664,720.8275
1661,53.0411,55.626,612.0706,720.7377
1562,54.4494,53.8185,612.3474,720.6153
1761,54.7166,53.4756,612.3998,720.592
1764,54.855,53.2973,612.4268,720.5791
1763,54.855,53.2973,612.4268,720.5791
1963,54.855,53.2973,612.4268,720.5791
1965,54.855,53.2973,612.4268,720.5791
1962,54.855,53.2973,612.4268,720.5791
1961,54.855,53.2973,612.4268,720.5791
1964,54.855,53.2973,612.4268,720.5791
1863,54.855,53.2973,612.4268,720.5791
1862,54.855,53.2973,612.4268,720.5791
1864,54.855,53.2973,612.4268,720.5791
1762,54.855,53.2973,612.4268,720.5791
1664,54.855,53.2973,612.4268,720.5791
1662,54.855,53.2973,612.4268,720.5791
1663,54.855,53.2973,612.4268,720.5791
2063,54.855,53.2973,612.4268,720.5791
1861,54.855,53.2973,612.4268,720.5791
1865,54.7596,53.2544,612.4081,720.4221
1765,54.7318,53.2421,612.4026,720.3765
807,45.541399999999996,33.2509,641.4235,720.2158000000001
904,45.191,32.9671,640.5589,718.717
1622,64.467,62.6048,591.5711,718.6429
1102,47.9743,36.7147,633.6272,718.3162
702,45.0382,32.844,640.1852,718.0674
9809,115.7783,76.6035,525.4876,717.8694
617,44.264,34.1755,639.0166,717.4561
905,44.847899999999996,32.6898,639.7152,717.2529
418,43.2234,35.583099999999995,638.0771,716.8836
1521,61.6761,61.52,593.1211000000001,716.3172000000001
1117,62.768,39.0171,614.4322,716.2173
4994,44.9416,33.6593,637.5443,716.1452
1009,51.4747,26.627699999999997,637.717,715.8194
1905,46.2371,24.4465,645.0803,715.7639
1103,44.2245,32.1854,638.1798,714.5897
806,44.1999,32.1655,638.1188999999999,714.4843
607,44.1918,32.1584,638.0985,714.4487
392,46.0934,46.0327,622.2726,714.3987
1101,44.0226,32.0218,637.5882,713.6326
3206,42.393299999999996,32.8577,638.3645,713.6155
1401,46.1884,29.091,636.7862,712.0656
4003,40.961,30.66,640.2985,711.9195
903,43.5259,31.6191,636.4584,711.6034
694,81.0025,75.4602,554.9046,711.3673
289,55.0546,58.7831,597.4179,711.2556
707,43.3363,31.465999999999998,635.9912,710.7935
6024,93.0268,69.9922,547.7111,710.7301
803,43.3011,31.4373,635.9038,710.6422
804,43.280699999999996,31.4211,635.8542,710.556
5603,68.7461,54.7472,587.0537,710.547
1316,67.9047,44.2877,598.3,710.4924
901,43.1755,31.336199999999998,635.5949,710.1066
504,43.1755,31.336199999999998,635.5949,710.1066
703,43.1755,31.336199999999998,635.5949,710.1066
606,43.1755,31.336199999999998,635.5949,710.1066
601,43.1755,31.336199999999998,635.5949,710.1066
705,43.1755,31.336199999999998,635.5949,710.1066
805,43.1755,31.336199999999998,635.5949,710.1066
502,43.1755,31.336199999999998,635.5949,710.1066
603,43.1755,31.336199999999998,635.5949,710.1066
706,43.1755,31.336199999999998,635.5949,710.1066
602,43.1755,31.336199999999998,635.5949,710.1066
605,43.1755,31.336199999999998,635.5949,710.1066
503,43.1755,31.336199999999998,635.5949,710.1066
506,43.1755,31.336199999999998,635.5949,710.1066
701,43.1755,31.336199999999998,635.5949,710.1066
1201,43.1755,31.336199999999998,635.5949,710.1066
704,43.1755,31.336199999999998,635.5949,710.1066
1301,43.1755,31.336199999999998,635.5949,710.1066
604,43.1755,31.336199999999998,635.5949,710.1066
501,43.1755,31.336199999999998,635.5949,710.1066
505,43.1755,31.336199999999998,635.5949,710.1066
902,43.1755,31.336199999999998,635.5949,710.1066
1001,43.1755,31.336199999999998,635.5949,710.1066
5703,75.1918,59.9709,574.8642,710.0269
1906,44.553599999999996,23.7352,641.1951,709.4839
512,43.6816,31.2436,632.6355,707.5607
123,46.0354,35.1105,625.4229,706.5688
1302,45.54,28.954800000000002,632.0085,706.5033
2104,50.121900000000004,30.4843,625.7918,706.398
1092,79.0517,72.2906,555.0251,706.3674
802,43.1804,31.227899999999998,631.9259,706.3342
507,43.280499999999996,31.0327,631.8674,706.1806
717,44.06,28.9593,631.9148,704.9341
1002,44.100500000000004,31.851399999999998,628.4168,704.3687
1421,54.8954,52.8828,596.5318,704.3100000000001
312,64.6581,51.759499999999996,587.1549,703.5725
291,45.2742,45.3706,612.7147,703.3595
1108,58.119099999999996,36.3001,608.9091,703.3283
817,43.9553,26.936700000000002,631.8186,702.7106
912,55.0853,28.8109,617.4680999999999,701.3643
913,55.073,28.7997,617.4204,701.2931
1018,43.6254,31.8197,625.5887,701.0337999999999
1319,52.8163,45.2688,601.004,699.0891
281,50.4537,42.9285,604.5769,697.9591
708,44.1763,30.5654,621.8245,696.5662
9808,114.5835,75.9818,504.5923,695.1576
1403,48.6716,28.0046,616.115,692.7912
6602,71.0942,66.3888,554.0521,691.5351
1003,41.9275,30.3866,619.0307,691.3448
608,44.2588,30.0485,616.0301,690.3374
1320,45.669,41.1156,601.3008,688.0854
1220,45.5708,41.1387,601.2634,687.9729
1321,45.63,41.0607,600.4607,687.1514000000001
508,43.6874,29.456799999999998,612.9504,686.0946
1028,44.2502,33.0914,608.3853,685.7269
513,41.3399,29.262700000000002,614.633,685.2356
1120,43.1153,41.7164,600.3322000000001,685.1639
1119,42.9622,41.7523,600.2741,684.9886
1019,42.9622,41.7523,600.2741,684.9886
509,43.8579,29.3721,611.4295,684.6595
510,43.8579,29.3721,611.4295,684.6595
609,43.8579,29.3721,611.4295,684.6595
610,43.8579,29.3721,611.4295,684.6595
6122,86.1386,64.011,534.0175,684.1671
709,44.2114,28.9924,610.415,683.6188000000001
611,44.3676,28.824,609.9645,683.1560999999999
511,42.5058,28.9331,611.0714,682.5103
1407,57.227399999999996,36.0516,588.8841,682.1631
1219,45.0952,40.8215,595.2792,681.1958999999999
313,40.3009,29.1825,611.61,681.0934
6008,80.7454,51.1327,549.1999,681.078
211,73.9016,60.742200000000004,546.308,680.9518
613,53.4668,30.3962,595.2011,679.0641
1186,46.0346,52.9535,579.4005,678.3886
710,46.5066,26.5274,603.8238,676.8578
412,38.6397,27.6773,610.0469,676.3639000000001
413,38.6397,27.6773,610.0469,676.3639000000001
414,38.6402,27.677500000000002,609.9703,676.288
1105,60.2777,35.0212,579.6771,674.976
514,39.4732,26.9577,608.0467,674.4776
1221,43.9489,40.631099999999996,589.2039,673.7839
6023,89.7287,67.0025,516.903,673.6342
813,50.2339,24.2312,598.8027,673.2678
222,41.9625,33.3932,597.8303,673.186
5806,81.7029,52.414100000000005,538.9998,673.1168
715,47.5926,24.2215,600.9276,672.7417
809,48.2932,24.607300000000002,598.6914,671.5919
9806,112.4659,78.08239999999999,480.7834,671.3317
320,41.1408,34.2396,595.544,670.9244
5311,84.69630000000001,58.2349,526.9184,669.8496
711,48.9507,23.9021,596.8058,669.6586
9712,110.3064,74.3664,484.1279,668.8007
714,49.2847,23.4709,595.9377,668.6933
910,49.3896,23.4415,595.7632,668.5943
911,49.389,23.4373,595.6563,668.4826
1725,58.564,53.9228,555.9552,668.442
909,49.3883,23.4326,595.5499,668.3707999999999
812,49.3883,23.4326,595.5499,668.3707999999999
811,49.3883,23.4326,595.5499,668.3707999999999
810,49.3883,23.4326,595.5499,668.3707999999999
1621,59.2471,59.4843,549.1361,667.8675
1017,45.1431,24.792299999999997,597.1504,667.0858
917,44.152,24.332,597.2369,665.7209
916,44.8069,24.1729,594.8466,663.8264
5002,45.5934,36.2646,581.7157,663.5737
816,44.3682,24.2304,594.7366,663.3352
5809,80.3372,50.7188,531.7298,662.7858
614,45.0786,22.4174,595.2702,662.7662
716,44.2312,24.1436,594.3555,662.7302999999999
111,70.0281,57.2736,535.4112,662.7129
4575,79.4223,170.8728,412.1372,662.4322999999999
1016,49.1211,26.9571,585.3912,661.4694
515,42.8198,23.355,594.93,661.1048
615,44.1701,21.94,594.1673,660.2774
1217,67.764,46.4989,545.3137,659.5766
796,74.99210000000001,56.8007,527.2803,659.0731
6223,85.45609999999999,63.3011,510.00690000000003,658.7641
9815,66.58449999999999,51.0348,540.8272,658.4465
5338,14.9305,476.7655,165.9485,657.6445
5709,80.1758,50.5561,524.8435,655.5754
5708,80.1758,50.5561,524.5457,655.2776
5908,80.1758,50.5561,523.9467999999999,654.6786999999999
5238,18.0981,464.7919,170.7779,653.6678999999999
1420,55.0782,45.0817,553.2142,653.3741
2006,42.985299999999995,22.3759,586.4709,651.8321
5807,79.699,50.198299999999996,519.9968,649.8941
1208,56.0207,33.7692,559.6155,649.4054
1416,67.738,47.2938,530.7436,645.7754
5503,55.2453,43.9865,545.8836,645.1154
1318,67.7474,47.8591,528.3014,643.9079
5610,79.1549,49.8473,514.4096,643.4118
2098,110.8335,93.4432,437.8918,642.1685
2400,110.8335,93.4432,437.8918,642.1685
2399,110.8335,93.4432,437.8918,642.1685
2299,110.8335,93.4432,437.8918,642.1685
5907,78.9253,49.6177,513.5993,642.1423
417,39.7451,33.3391,567.0550000000001,640.1392
6225,88.3771,67.2513,483.7599,639.3883
1317,67.7119,47.4514,523.9109,639.0742
6401,63.4784,60.5243,514.7081,638.7108
2199,109.8662,92.6194,435.79720000000003,638.2828
9811,109.10839999999999,73.5522,451.9128,634.5734
5808,78.0479,48.9599,506.449,633.4568
616,44.5041,24.4069,561.2348,630.1458
287,36.1397,37.9978,554.3592,628.4967
1218,60.9172,43.812400000000004,521.9631999999999,626.6928
319,39.0911,32.9162,553.7153,625.7225999999999
314,38.0745,26.5502,556.0866,620.7113
5609,76.5237,47.919399999999996,496.0924,620.5355
415,39.4121,28.0573,551.0051,618.4745
2661,84.5162,47.1387,486.2351,617.89
23,40.2398,31.149200000000004,545.6508,617.0398
2223,59.2369,57.352399999999996,496.0779,612.6672
6022,84.2868,62.071,466.0701,612.4279
190,33.2425,34.8718,544.1996,612.3139
2222,66.79169999999999,66.0268,478.8813,611.6998
6224,84.1788,61.9724,465.0606,611.2118
6123,84.1788,61.9724,465.0606,611.2118
6125,84.1788,61.9724,465.0606,611.2118
6124,84.1788,61.9724,465.0606,611.2118
6021,84.1788,61.9724,464.3597,610.5109
388,40.7705,41.010600000000004,527.5318,609.3129
1306,54.0406,32.557700000000004,522.2567,608.855
5011,29.0912,29.8421,549.6918,608.6251
1533,73.8651,61.8867,471.5992,607.351
5707,74.9571,46.966,485.4243,607.3474
9512,108.30850000000001,68.8609,429.6159,606.7853
2099,101.9403,85.873,418.6241,606.4374
1006,50.0845,33.3725,522.349,605.806
9509,109.958,74.3823,420.3827,604.723
1728,63.595600000000005,57.900099999999995,482.7008,604.1965
221,37.9741,32.1952,530.909,601.0783
5805,71.2268,46.8721,482.0363,600.1351999999999
1118,46.0038,35.7936,517.9858,599.7832
5010,29.2217,28.293499999999998,541.4412,598.9564
3105,44.3784,37.2832,515.335,596.9966000000001
2300,99.4836,83.7808,413.3034,596.5678
1023,38.2438,31.5018,526.2365,595.9821000000001
9706,107.936,73.6773,413.8678,595.4811
516,41.94,28.433,524.8493,595.2223
315,39.3813,30.0366,525.2442,594.6621
318,37.6773,32.005,524.8404,594.5227
6701,59.4258,57.4496,477.4081,594.2835
6501,59.4258,57.4496,477.4081,594.2835
6601,59.4258,57.4496,477.4081,594.2835
9609,108.7503,73.31139999999999,411.9884,594.0501
2003,39.6669,26.5509,525.2897,591.5074999999999
1729,61.574600000000004,56.7777,473.1015,591.4538
1827,61.574600000000004,56.7777,473.1015,591.4538
1828,61.574600000000004,56.7777,473.1015,591.4538
1927,61.574600000000004,56.7777,473.1015,591.4538
2027,61.574600000000004,56.7777,473.1015,591.4538
2028,61.574600000000004,56.7777,473.1015,591.4538
1926,61.574600000000004,56.7777,473.1015,591.4538
1928,61.574600000000004,56.7777,473.1015,591.4538
2128,61.574600000000004,56.7777,473.1015,591.4538
1829,61.574600000000004,56.7777,473.1015,591.4538
1121,39.0553,36.2034,515.4922,590.7509
11,55.9925,46.0342,488.701,590.7277
416,38.7038,30.1649,521.5074,590.3761
1721,57.2148,57.2817,475.5387,590.0352
1929,62.3078,56.3671,470.0471,588.722
2123,58.3664,56.6312,473.0271,588.0246999999999
2025,60.9857,55.9634,470.0297,586.9788
1189,42.7657,43.637499999999996,499.0409,585.4441
2023,75.7298,65.6001,443.1961,584.526
9713,73.3838,49.496199999999995,460.9603,583.8403
316,37.3099,30.9917,514.7709,583.0725
117,37.150800000000004,31.6643,514.0991,582.9141999999999
118,37.150800000000004,31.6643,514.0991,582.9141999999999
120,37.150800000000004,31.6643,514.0991,582.9141999999999
218,37.150800000000004,31.6643,514.0991,582.9141999999999
119,37.150800000000004,31.6643,514.0991,582.9141999999999
220,37.150800000000004,31.6643,514.0991,582.9141999999999
217,37.150800000000004,31.6643,514.0991,582.9141999999999
219,37.150800000000004,31.6643,514.0991,582.9141999999999
317,37.150800000000004,31.6643,514.0991,582.9141999999999
18,37.1543,31.651,514.0998,582.9051
121,37.1691,31.614,514.1039999999999,582.8871
17,37.1529,31.4341,514.0997,582.6867
19,37.2782,31.1918,514.1249,582.5948999999999
1522,56.070100000000004,53.6928,472.8019,582.5648
216,37.150800000000004,31.2854,514.0991,582.5353
20,37.3314,30.9942,514.1356999999999,582.4612999999999
21,37.5576,30.512900000000002,514.2024,582.2728999999999
122,37.822,29.837400000000002,514.2736,581.933
22,37.9229,29.563200000000002,514.2999,581.786
1289,46.9613,47.0048,485.9911,579.9572
696,63.4215,47.4084,468.087,578.9169
1730,64.3961,54.9725,459.24309999999997,578.6117
2021,60.4485,60.7574,457.2645,578.4704
5510,69.7677,45.0331,462.4354,577.2362
1826,60.2695,55.5852,461.2352,577.0899000000001
2127,61.3432,55.4494,460.2026,576.9952
1005,46.6884,33.5151,496.4133,576.6168
1187,37.2792,39.7102,499.1761,576.1655
116,36.684799999999996,30.0288,508.2615,574.9751
5009,29.4321,22.408,522.3354,574.1755
288,37.0745,38.1496,498.6107,573.8348
89,22.3399,24.8746,526.5877,573.8022
88,22.3399,24.8746,526.5877,573.8022
90,22.3399,24.8746,526.5877,573.8022
2029,65.58239999999999,54.2554,453.7053,573.5431
493,39.6333,37.9738,493.1309,570.738
9508,105.81869999999999,69.08239999999999,395.6614,570.5625
685,36.08,37.6891,496.72970000000004,570.4988
1999,92.5299,77.8606,398.239,568.6295
9610,105.3537,70.8869,392.3747,568.6153
5339,0.0,487.5016,79.5736,567.0752
1830,68.0422,53.0965,445.53270000000003,566.6714000000001
215,36.054,28.5977,501.5728,566.2245
1089,36.3583,37.910000000000004,491.1471,565.4154
1130,46.5612,48.951,469.2374,564.7496
1087,36.0743,37.6575,490.797,564.5288
688,36.0743,37.6575,490.797,564.5288
987,36.0743,37.6575,490.797,564.5288
988,36.0743,37.6575,490.797,564.5288
986,36.0743,37.6575,490.797,564.5288
1088,36.0743,37.6575,490.797,564.5288
889,36.0743,37.6575,490.797,564.5288
489,36.0743,37.6575,490.797,564.5288
1188,36.0743,37.6575,490.797,564.5288
886,36.0743,37.6575,490.797,564.5288
687,36.0743,37.6575,490.797,564.5288
686,36.0743,37.6575,490.797,564.5288
885,36.0743,37.6575,490.797,564.5288
989,36.0743,37.6575,490.797,564.5288
785,36.0743,37.6575,490.797,564.5288
587,36.0743,37.6575,490.797,564.5288
586,36.0743,37.6575,490.797,564.5288
589,36.0743,37.6575,490.797,564.5288
588,36.0743,37.6575,490.797,564.5288
590,36.0743,37.6575,490.797,564.5288
690,36.0743,37.6575,490.797,564.5288
490,36.0743,37.6575,490.797,564.5288
486,36.0743,37.6575,490.797,564.5288
789,36.0743,37.6575,490.797,564.5288
786,36.0743,37.6575,490.797,564.5288
488,36.0743,37.6575,490.797,564.5288
689,36.0743,37.6575,490.797,564.5288
487,36.0743,37.6575,490.797,564.5288
1086,36.0679,37.6672,490.788,564.5231
1085,35.5186,38.6472,490.3567,564.5225
491,36.069900000000004,37.653999999999996,490.7681,564.492
790,36.065200000000004,37.6522,490.597,564.3144
387,35.9087,37.9338,489.9445,563.787
788,35.9199,37.5623,490.0014,563.4836
2426,63.536300000000004,50.2218,449.53589999999997,563.294
9606,104.0312,69.90259999999999,389.2538,563.1876
787,35.856,37.5225,489.6719,563.0504
9511,106.9565,71.4853,384.069,562.5108
985,35.755900000000004,37.460899999999995,489.15500000000003,562.3718
3804,30.2789,22.0069,510.0059,562.2917
9708,106.474,71.7575,383.1366,561.3681
9709,106.4739,71.7575,382.9182,561.1496
189,26.9133,29.3967,503.7167,560.0267
9607,104.59299999999999,70.4843,384.8097,559.887
9611,106.4697,71.7593,381.178,559.407
9710,106.4697,71.7593,381.0203,559.2493
9907,106.4697,71.7593,380.995,559.224
9612,106.4697,71.7593,380.995,559.224
9810,106.4697,71.7593,380.995,559.224
9711,106.4697,71.7593,380.995,559.224
390,35.5759,37.2416,485.5378,558.3552999999999
1925,58.5285,53.9956,445.4033,557.9274
888,34.9675,36.9741,485.0914,557.033
887,34.9081,36.9381,484.786,556.6322
2461,49.9384,37.0244,469.0312,555.994
9707,106.4697,71.7593,376.4166,554.6456000000001
890,35.6013,37.2865,480.77819999999997,553.6659999999999
9807,106.2362,71.6008,375.4359,553.2729
1921,55.2684,56.4541,439.6119,551.3344
5001,49.3542,38.3011,462.7004,550.3557
4907,29.1202,20.1156,500.1494,549.3851999999999
391,34.0775,36.2427,477.7123,548.0325
1422,48.2789,43.6531,454.7408,546.6727999999999
2129,65.985,51.5304,428.0562,545.5716
381,43.3452,38.1136,462.5844,544.0432
591,35.1437,36.473,472.1662,543.7829
290,33.4086,35.7571,473.0557,542.2214
9507,100.2914,67.2919,374.4482,542.0315
1629,55.783699999999996,52.955400000000004,431.5711,540.3102
2557,65.8697,40.877,429.9013,536.648
2702,26.3044,22.8947,487.3102,536.5092999999999
1310,47.7855,27.8947,460.3451,536.0253
87,21.3724,23.186,490.467,535.0254
2224,61.3686,50.2552,420.29380000000003,531.9176
1821,51.5495,53.3651,426.9387,531.8533
2802,37.0595,31.013299999999997,463.2514,531.3242
1722,52.3087,51.5047,426.0794,529.8928
1726,55.968199999999996,51.6563,422.12100000000004,529.7455
1027,38.4043,29.2029,459.4604,527.0676
2660,61.589,38.4428,426.2307,526.2625
2628,56.9193,43.6441,424.38329999999996,524.9467
990,34.2805,35.7468,453.9651,523.9924
5239,0.0,476.1843,47.7882,523.9725
2456,45.1307,32.4267,442.983,520.5404
1731,67.6587,48.4573,401.98060000000004,518.0966
1930,68.3495,48.4042,400.8963,517.65
2561,60.0132,34.7944,422.517,517.3246
1902,32.2302,22.0757,462.7389,517.0448
1922,50.3441,52.0667,413.3271,515.7379
2760,52.1528,36.3374,426.119,514.6092
5094,38.482,26.3581,449.4136,514.2537
2026,52.609,48.2887,412.5238,513.4215
2260,45.4594,32.4996,431.214,509.173
5403,43.6127,34.7706,429.2191,507.6024
1831,68.0341,47.512699999999995,391.9703,507.5171
1801,31.015,21.7715,453.3322,506.1187
5194,45.518299999999996,30.8993,429.5852,506.0028
2229,64.3362,47.7235,390.327,502.3867
1228,51.202,48.3948,401.4359,501.0327
492,32.5327,33.6774,433.4299,499.64
16,30.581500000000002,24.9058,442.44980000000004,497.9371
1630,50.8713,48.4061,396.533,495.8104
594,36.5059,34.5165,424.2765,495.2989
212,59.3561,50.1999,383.3369,492.8929
1626,52.5231,48.5102,390.7985,491.8318
213,38.3244,29.2963,422.812,490.4327
2125,57.3076,49.0518,383.7926,490.152
2227,59.938900000000004,47.406,382.0845,489.4294
383,42.3335,36.3486,409.7567,488.4388
2225,59.9127,47.251000000000005,380.5753,487.73900000000003
2326,59.9127,47.251000000000005,380.5753,487.73900000000003
2325,59.9127,47.251000000000005,380.5753,487.73900000000003
2226,59.9127,47.251000000000005,380.5753,487.73900000000003
2126,53.950900000000004,46.4499,387.296,487.6968
2527,56.882600000000004,44.122,386.6656,487.6702
2228,58.4816,47.2105,380.6514,486.3435
1524,52.0038,48.036,386.0777,486.1175
1526,52.0038,48.036,386.0777,486.1175
1523,52.0038,48.036,386.0777,486.1175
1624,52.0038,48.036,386.0777,486.1175
1723,52.0038,48.036,386.0777,486.1175
1525,52.0038,48.036,386.0777,486.1175
1623,52.0038,48.036,386.0777,486.1175
1625,52.0038,48.036,386.0777,486.1175
2403,23.381999999999998,20.7564,441.9674,486.1058
1527,51.7513,48.0956,385.9819,485.8288
1528,49.8165,48.5511,385.2481,483.6157
1007,43.8952,29.5259,410.03340000000003,483.4545
1530,49.2971,48.673500000000004,385.0512,483.02180000000004
1529,49.2971,48.673500000000004,385.0512,483.02180000000004
1328,49.2922,48.6658,385.0545,483.0125
1427,49.1456,47.8762,385.4843,482.5061
82,44.17,38.4053,399.228,481.8033
1090,33.9312,34.5286,412.6519,481.1117
1428,47.2044,46.0083,386.1171,479.3298
1724,50.7596,45.6034,382.1816,478.5446
3504,37.9574,28.4361,410.75829999999996,477.1518
1327,45.672000000000004,44.0561,386.8962,476.6243
3407,28.784299999999998,21.3699,426.0298,476.18399999999997
1322,36.4041,28.7859,410.9081,476.0981
1425,45.2218,39.3999,389.5314,474.1531
581,39.5906,34.8833,398.7443,473.2182
691,31.998,32.708800000000004,408.4886,473.1954
5293,39.6847,26.5513,406.5225,472.7585
2558,48.0944,30.882,393.3744,472.3508
9613,76.6199,50.3701,345.0464,472.0364
1430,42.514700000000005,40.0365,388.5045,471.0557
1132,33.8222,28.6162,408.3574,470.79580000000004
1424,43.1375,36.7464,390.5922,470.4761
1634,62.7816,45.4446,362.2177,470.4439
1423,42.9468,36.5041,390.68670000000003,470.1376
1822,48.8332,49.067099999999996,372.2236,470.1239
2103,28.883,25.4719,414.9834,469.3383
1429,41.5197,38.7686,389.0101,469.2984
1426,42.1553,35.9906,390.7997,468.9456
2230,64.2979,43.6017,360.3403,468.23990000000003
115,28.5338,23.3161,415.6959,467.5458
2030,64.0687,44.4733,356.4556,464.9976
1431,44.2033,39.0921,381.4736,464.769
1229,42.2431,39.190599999999996,382.4137,463.8474
1531,54.574600000000004,45.7242,363.0765,463.3753
1227,37.4876,33.4783,391.1551,462.121
86,33.5321,30.3784,396.48879999999997,460.3993
2327,57.5604,44.814299999999996,357.54630000000003,459.921
1127,36.735,29.0705,393.5688,459.3743
2159,39.9572,31.2897,387.6874,458.9343
1190,37.2562,36.7334,384.2359,458.2255
1026,35.9612,27.6091,394.2434,457.81370000000004
1323,35.9612,27.6091,394.2434,457.81370000000004
1025,35.9612,27.6091,394.2434,457.81370000000004
1324,35.6738,27.6764,394.1344,457.4846
83,39.7127,34.877,382.4165,457.0062
282,39.7127,34.877,382.4165,457.0062
482,39.7127,34.877,382.4165,457.0062
284,39.7127,34.877,382.4165,457.0062
283,39.7127,34.877,382.4165,457.0062
84,39.7127,34.877,382.4165,457.0062
85,39.7127,34.877,382.4165,457.0062
382,39.7127,34.877,382.4165,457.0062
184,39.7127,34.877,382.4165,457.0062
185,39.7127,34.877,382.4165,457.0062
183,39.7127,34.877,382.4165,457.0062
481,39.697199999999995,34.8694,382.4094,456.976
182,39.7307,34.8882,382.1507,456.76959999999997
1933,64.6939,43.9651,347.7905,456.4495
1325,34.6072,27.927799999999998,393.7298,456.26480000000004
1222,33.3313,28.3318,394.5835,456.2466
1128,39.4984,31.4596,385.2849,456.2429
1126,34.549099999999996,27.9412,393.7078,456.1981
1125,33.8088,28.1153,393.42690000000005,455.351
1326,33.5469,28.1769,393.3278,455.0516
1223,33.413,28.2085,393.2769,454.89840000000004
1224,33.2729,28.2416,393.22380000000004,454.73830000000004
1124,33.2642,28.243199999999998,393.2205,454.72790000000003
1123,33.2542,28.2456,393.21680000000003,454.7166
1232,33.2542,28.2456,393.21680000000003,454.7166
1231,33.2542,28.2456,393.21680000000003,454.7166
1122,33.2542,28.2456,393.21680000000003,454.7166
1226,33.2542,28.2456,393.21680000000003,454.7166
1225,33.2542,28.2456,393.21680000000003,454.7166
1331,33.2542,28.2456,393.21680000000003,454.7166
1330,33.2542,28.2182,393.21680000000003,454.6892
1832,63.6687,43.3979,347.52320000000003,454.5898
1332,34.997099999999996,29.2315,389.8645,454.09310000000005
2203,25.1769,22.7101,406.1018,453.98879999999997
1924,49.9995,46.4192,354.8982,451.3169
2131,63.561499999999995,43.0522,344.21860000000004,450.8323
2032,63.5323,43.0308,343.5971,450.16020000000003
2031,63.5323,43.0308,343.5971,450.16020000000003
1932,63.5323,43.0308,343.5971,450.16020000000003
1931,63.5323,43.0308,343.5971,450.16020000000003
2130,63.385,42.9597,343.0452,449.3899
1628,47.1105,42.3516,359.0139,448.476
1631,58.8654,43.3252,345.2071,447.3977
1833,60.8408,43.0302,343.2126,447.0836
5706,50.2441,35.0018,361.0757,446.3216
1432,57.5935,42.0109,346.4701,446.0745
1732,59.9382,43.0302,343.0837,446.0521
995,35.5363,30.2083,380.2206,445.9652
3104,36.5827,26.4788,382.4636,445.5251
1733,59.3947,43.0298,343.0061,445.4306
1834,59.3947,43.0298,343.0061,445.4306
1734,59.3947,43.0298,343.0061,445.4306
1632,59.3947,43.0298,343.0061,445.4306
1635,59.3947,43.0298,343.0061,445.4306
1433,59.3947,43.0298,343.0061,445.4306
1532,59.3947,43.0298,343.0061,445.4306
5092,37.0487,24.2821,383.1702,444.501
4993,37.0487,24.2821,383.1702,444.501
5192,37.0487,24.2821,383.1702,444.501
5193,37.0487,24.2821,383.1702,444.501
5093,37.0487,24.2821,383.1702,444.501
2158,38.307,30.224,374.8717,443.4027
2002,22.248,20.339,398.8864,441.47339999999997
2360,38.9766,25.8105,375.3127,440.09979999999996
5103,33.6118,26.8904,379.4107,439.9129
2457,39.0287,25.7838,374.7448,439.5573
2460,39.0287,25.7838,374.7448,439.5573
2459,39.0287,25.7838,374.7448,439.5573
2458,39.0287,25.7838,374.7448,439.5573
2560,39.0287,25.7838,374.7448,439.5573
2359,39.0287,25.7838,374.7448,439.5573
2358,39.0287,25.7838,374.7448,439.5573
2559,39.0287,25.7838,374.7448,439.5573
2357,39.0287,25.7838,374.7448,439.5573
2258,39.0287,25.7838,374.7448,439.5573
2259,39.0287,25.7838,374.7448,439.5573
4805,28.0153,20.2997,390.6875,439.0025
2001,21.8998,20.0587,396.925,438.88349999999997
1824,48.5679,44.8197,344.9892,438.3768
2601,21.3715,19.63,396.7276,437.7291
2102,21.3715,19.63,396.7276,437.7291
2602,21.3715,19.63,396.7276,437.7291
2303,21.3715,19.63,396.7276,437.7291
2402,21.3715,19.63,396.7276,437.7291
2501,21.3715,19.63,396.7276,437.7291
2401,21.3715,19.63,396.7276,437.7291
1901,21.3715,19.63,396.7276,437.7291
2502,21.3715,19.63,396.7276,437.7291
2200,59.934400000000004,50.11,327.625,437.6694
2427,55.6475,42.8331,338.8159,437.2965
9714,43.389700000000005,31.7347,361.4747,436.5991
2302,21.1121,19.8256,395.1397,436.0774
791,30.3238,30.6536,374.6871,435.6645
2201,21.0166,19.3434,394.7292,435.0892
2301,20.8524,19.2118,393.8022,433.8664
815,38.486200000000004,23.9197,369.5962,432.0021
2101,20.3505,18.8062,390.9737,430.1304
2529,62.538199999999996,50.8074,314.9216,428.2672
12,32.8403,26.3582,368.2668,427.4653
2202,19.7184,18.2961,387.4126,425.4271
114,27.432299999999998,22.127299999999998,375.4988,425.0584
15,24.2086,20.0762,380.3508,424.6356
214,31.0273,22.977999999999998,369.2493,423.2546
1106,37.9968,20.3401,363.7714,422.1083
3205,28.9105,20.3915,372.0434,421.3454
2124,52.0968,48.3907,320.54699999999997,421.0345
2701,25.5403,24.2223,368.9793,418.7419
2024,48.8281,45.7435,320.51640000000003,415.088
4603,22.9846,15.796199999999999,371.3764,410.1572
14,24.3663,19.8645,363.3156,407.5464
592,28.918400000000002,28.6389,347.0039,404.5612
2329,54.1553,39.5099,308.086,401.7512
5303,33.3015,26.285,341.07959999999997,400.6661
2429,54.7708,42.199,300.2763,397.2461
1193,27.1683,22.485999999999997,344.3065,393.9608
891,28.3155,28.2733,334.0317,390.6205
1823,46.2098,43.364,295.9947,385.5685
2328,51.231899999999996,38.2582,295.5695,385.0596
2100,46.5391,38.496700000000004,298.9503,383.9861
2000,46.164300000000004,38.3851,297.7939,382.3433
2428,50.983200000000004,38.0005,293.1338,382.1175
2528,50.6391,37.8754,293.0713,381.5858
5608,45.531800000000004,29.3108,306.5729,381.4155
1206,40.422799999999995,23.2954,316.8015,380.5197
4102,24.1948,15.229000000000001,340.8733,380.2971
4574,25.229999999999997,105.9783,246.6182,377.8265
593,27.6409,27.3221,320.6844,375.6474
991,27.5327,27.2644,318.3381,373.1352
792,27.5327,27.2644,318.3381,373.1352
892,27.5327,27.2644,318.3381,373.1352
1091,27.5327,27.2644,318.3381,373.1352
693,27.5327,27.2644,318.3381,373.1352
692,27.5327,27.2644,318.3381,373.1352
992,26.1749,25.3753,316.4573,368.0075
793,27.4861,24.8038,315.59749999999997,367.8874
1900,45.4249,35.8026,285.4261,366.6536
5003,28.3356,22.9083,314.6592,365.9031
1129,31.6949,22.7567,310.706,365.1576
4402,21.5725,14.2836,325.8968,361.7529
2902,26.080199999999998,18.436700000000002,316.6204,361.1373
3204,23.7962,16.681,315.2346,355.7118
3306,21.3516,15.0778,317.3216,353.751
1800,46.1518,33.4117,272.6605,352.224
3507,20.64,14.6544,313.3495,348.6439
4703,26.6434,17.6055,303.455,347.7039
5203,27.455099999999998,21.8691,292.43670000000003,341.7609
2903,20.7219,14.5478,306.1121,341.3818
993,18.8808,15.2233,306.3538,340.4579
3604,24.823999999999998,14.872,298.4698,338.1658
5604,26.8307,20.6811,290.041,337.5528
1295,18.0648,14.087299999999999,305.2234,337.3755
1095,18.0648,14.087299999999999,305.2234,337.3755
1093,18.0648,14.087299999999999,305.2234,337.3755
1195,18.0648,14.087299999999999,305.2234,337.3755
1294,18.0648,14.087299999999999,305.2234,337.3755
1194,18.0217,14.0595,305.2056,337.28679999999997
994,17.941200000000002,14.008,305.1728,337.122
1094,17.8464,13.9472,305.1338,336.9274
3103,20.1706,14.0525,295.2493,329.4724
3003,20.1706,14.0525,295.2493,329.4724
3203,20.1706,14.0525,295.2493,329.4724
3004,20.1706,14.0525,295.2493,329.4724
3002,20.1706,14.0525,295.2493,329.4724
3303,20.1706,14.0525,295.2493,329.4724
3202,20.1706,14.0525,295.2493,329.4724
3405,20.1706,14.0525,295.2493,329.4724
3406,20.1706,14.0525,295.2493,329.4724
3101,20.1706,14.0525,295.2493,329.4724
3304,20.1706,14.0525,295.2493,329.4724
3102,20.1706,14.0525,295.2493,329.4724
3305,20.1706,14.0525,295.2493,329.4724
3201,20.174599999999998,14.051400000000001,295.2349,329.4609
3506,20.2109,14.042599999999998,295.1111,329.3646
3404,20.250799999999998,14.0326,294.9721,329.2555
3302,20.4393,13.9865,294.3162,328.74199999999996
3505,20.4686,13.979199999999999,294.2139,328.6617
3001,20.255,14.3405,293.8608,328.4563
9936,17.9588,11.4382,298.7293,328.1263
3403,20.9549,13.8591,292.5224,327.33639999999997
3704,22.8568,13.5136,289.2817,325.6521
3301,22.0489,13.5904,288.7183,324.3576
3903,23.1482,13.5555,286.6766,323.38030000000003
3402,22.4796,13.4844,287.2207,323.1847
4002,23.9429,13.8139,285.2429,322.9997
3902,22.7762,13.411,286.1887,322.3759
4101,22.7762,13.411,286.1887,322.3759
4001,22.7762,13.411,286.1887,322.3759
3803,22.7762,13.411,286.1887,322.3759
3602,22.7762,13.411,286.1887,322.3759
3901,22.7762,13.411,286.1887,322.3759
3503,22.7762,13.411,286.1887,322.3759
3801,22.7762,13.411,286.1887,322.3759
3802,22.7762,13.411,286.1887,322.3759
3603,22.7762,13.411,286.1887,322.3759
3703,22.7762,13.411,286.1887,322.3759
3502,22.7762,13.411,286.1887,322.3759
3601,22.7762,13.411,286.1887,322.3759
3702,22.7762,13.411,286.1887,322.3759
3605,22.7762,13.411,286.1887,322.3759
3701,22.7762,13.411,286.1887,322.3759
3401,22.4775,13.2848,285.4971,321.25939999999997
3501,21.7834,12.990499999999999,283.8945,318.6684
1923,41.988,40.4407,235.1022,317.5309
4902,21.8893,16.5207,271.7462,310.1562
4801,23.422900000000002,16.6537,262.2703,302.3469
4804,21.4307,16.4735,254.8192,292.7234
4802,20.6203,14.5691,257.45889999999997,292.6483
4901,20.6203,14.5691,257.45889999999997,292.6483
4903,22.096799999999998,17.8215,252.59,292.5083
4701,20.5609,14.4771,256.11469999999997,291.1527
4803,21.1049,15.3103,252.1233,288.5385
4201,21.7461,11.5561,253.3399,286.64209999999997
5509,29.3876,20.8498,225.6012,275.8386
1307,22.6498,12.3381,238.1452,273.1331
5607,28.1322,20.4196,222.5523,271.1041
5110,20.6964,15.2316,231.8617,267.7897
13,16.8965,13.7053,227.5387,258.1405
5104,24.0233,19.1926,214.2937,257.5096
5205,21.9111,16.4636,218.6696,257.0443
113,20.714299999999998,16.0211,216.2736,253.00900000000001
5105,21.7623,16.5577,211.0746,249.3946
4702,18.785,11.738900000000001,215.8012,246.3251
4601,18.4317,11.4966,213.2982,243.22650000000002
1534,32.5689,27.278,175.6515,235.4984
1107,24.4166,12.409,198.3006,235.12619999999998
5004,20.0241,16.2564,190.3097,226.5902
5504,20.9312,16.6854,184.0142,221.6308
4301,17.6951,10.0463,191.4369,219.1783
4602,17.6664,10.0144,190.4324,218.1132
4502,17.6664,10.0144,190.4324,218.1132
4401,17.6664,10.0144,190.4324,218.1132
4501,16.7505,9.6868,188.4408,214.8781
5705,20.1321,15.8172,177.012,212.9613
4904,18.9901,15.1547,171.1308,205.2756
5704,18.9361,15.124500000000001,170.108,204.1686
5605,18.9361,15.124500000000001,169.9967,204.05730000000003
5606,18.9361,15.124500000000001,169.8845,203.9451
5304,18.9361,15.124500000000001,169.6492,203.7098
5106,18.9361,15.124500000000001,169.6492,203.7098
5404,18.9361,15.124500000000001,169.6492,203.7098
5406,18.9361,15.124500000000001,169.6492,203.7098
5405,18.9361,15.124500000000001,169.6492,203.7098
5305,18.9361,15.124500000000001,169.6492,203.7098
5005,18.9361,15.124500000000001,169.6492,203.7098
5506,18.9361,15.124500000000001,169.6492,203.7098
5505,18.9361,15.124500000000001,169.6492,203.7098
5307,18.9361,15.124500000000001,169.6492,203.7098
5507,18.9361,15.124500000000001,169.6492,203.7098
2901,12.9574,8.8246,181.5836,203.3656
5204,18.8474,15.0193,168.9368,202.80349999999999
5207,18.7736,15.0024,168.3001,202.0761
5306,18.5078,14.8032,166.1059,199.4169
5206,18.1571,14.5404,163.1998,195.8973
5107,18.4721,14.4078,159.1048,191.9847
5407,17.5653,14.096599999999999,158.3077,189.9696
5008,17.8536,11.9292,159.2362,189.019
5408,17.4322,13.9966,157.2092,188.638
5208,18.1991,13.9875,152.9184,185.105
5006,17.9005,13.527899999999999,146.1524,177.5808
5508,16.148500000000002,13.0342,146.5871,175.7698
5108,19.4225,12.7356,141.80180000000001,173.9599
5109,17.6194,11.536999999999999,140.4049,169.5613
4905,17.4264,12.7962,135.3845,165.6071
5308,16.1637,12.4137,135.2239,163.8013
5410,16.4165,12.4198,134.5465,163.3828
5409,13.5898,11.1146,125.4191,150.1235
5309,15.0755,11.1937,118.8638,145.133
5209,16.3966,11.2089,112.0301,139.6356
5007,16.1905,10.892199999999999,107.3653,134.448
4906,15.989,10.5815,102.787,129.3575
5210,15.982000000000001,10.5703,102.6226,129.1749
5310,15.8148,10.5398,102.7846,129.13920000000002
1207,12.588899999999999,5.0938,79.6782,97.3609
112,7.4208,5.947,56.3377,69.7055
2801,2.6783,2.4714,50.0293,55.178999999999995
